n1,n2,n3,n4,n5,s1,draw_date,lucky_ball,white1,white2,white3,white4,white5,special
,,,,,,2016-07-18,,7,18,16,3,4,10
,,,,,,2016-07-21,,7,21,16,3,27,36
,,,,,,2016-07-25,,7,25,16,15,20,32
,,,,,,2016-07-28,,7,28,16,12,29,33
,,,,,,2016-08-01,,8,1,16,7,17,24
,,,,,,2016-08-04,,8,4,16,12,20,37
,,,,,,2016-08-08,,8,8,16,20,29,31
,,,,,,2016-08-11,,8,11,16,14,31,32
,,,,,,2016-08-15,,8,15,16,1,4,14
,,,,,,2016-08-18,,8,18,16,1,2,14
,,,,,,2016-08-22,,8,22,16,4,17,18
,,,,,,2016-08-25,,8,25,16,8,30,35
,,,,,,2016-08-29,,8,29,16,13,21,27
,,,,,,2016-09-01,,9,1,16,2,17,24
,,,,,,2016-09-05,,9,5,16,9,14,21
,,,,,,2016-09-08,,9,8,16,3,19,33
,,,,,,2016-09-12,,9,12,16,25,28,30
,,,,,,2016-09-15,,9,15,16,1,4,16
,,,,,,2016-09-19,,9,19,16,1,4,19
,,,,,,2016-09-22,,9,22,16,15,17,27
,,,,,,2016-09-26,,9,26,16,5,8,14
,,,,,,2016-09-29,,9,29,16,6,14,25
,,,,,,2016-10-03,,10,3,16,2,16,20
,,,,,,2016-10-06,,10,6,16,21,24,28
,,,,,,2016-10-10,,10,10,16,14,23,26
,,,,,,2016-10-13,,10,13,16,2,3,9
,,,,,,2016-10-17,,10,17,16,6,23,31
,,,,,,2016-10-20,,10,20,16,4,5,9
,,,,,,2016-10-24,,10,24,16,6,23,33
,,,,,,2016-10-27,,10,27,16,15,26,34
,,,,,,2016-10-31,,10,31,16,3,4,12
,,,,,,2016-11-03,,11,3,16,6,15,24
,,,,,,2016-11-07,,11,7,16,3,9,33
,,,,,,2016-11-10,,11,10,16,8,10,12
,,,,,,2016-11-14,,11,14,16,21,27,37
,,,,,,2016-11-17,,11,17,16,9,12,19
,,,,,,2016-11-21,,11,21,16,3,7,12
,,,,,,2016-11-24,,11,24,16,5,10,15
,,,,,,2016-11-28,,11,28,16,2,5,6
,,,,,,2016-12-01,,12,1,16,21,23,39
,,,,,,2016-12-05,,12,5,16,9,10,17
,,,,,,2016-12-08,,12,8,16,5,7,8
,,,,,,2016-12-12,,12,12,16,6,18,25
,,,,,,2016-12-15,,12,15,16,4,9,27
,,,,,,2016-12-19,,12,19,16,1,8,35
,,,,,,2016-12-22,,12,22,16,10,15,21
,,,,,,2016-12-26,,12,26,16,1,4,27
,,,,,,2016-12-29,,12,29,16,6,10,15
,,,,,,2017-01-02,,1,2,17,13,17,28
,,,,,,2017-01-05,,1,5,17,10,11,26
,,,,,,2017-01-09,,1,9,17,2,29,34
,,,,,,2017-01-12,,1,12,17,6,7,10
,,,,,,2017-01-16,,1,16,17,5,6,24
,,,,,,2017-01-19,,1,19,17,4,7,15
,,,,,,2017-01-23,,1,23,17,3,20,29
,,,,,,2017-01-26,,1,26,17,3,11,13
,,,,,,2017-01-30,,1,30,17,6,8,28
,,,,,,2017-02-02,,2,2,17,31,32,36
,,,,,,2017-02-06,,2,6,17,3,5,6
,,,,,,2017-02-09,,2,9,17,5,9,17
,,,,,,2017-02-13,,2,13,17,4,9,38
,,,,,,2017-02-16,,2,16,17,6,18,40
,,,,,,2017-02-20,,2,20,17,2,14,18
,,,,,,2017-02-23,,2,23,17,12,14,17
,,,,,,2017-02-27,,2,27,17,5,8,27
,,,,,,2017-03-02,,3,2,17,23,24,25
,,,,,,2017-03-06,,3,6,17,4,11,19
,,,,,,2017-03-09,,3,9,17,1,6,12
,,,,,,2017-03-13,,3,13,17,2,9,24
,,,,,,2017-03-16,,3,16,17,1,9,25
,,,,,,2017-03-20,,3,20,17,6,8,18
,,,,,,2017-03-23,,3,23,17,1,5,6
,,,,,,2017-03-27,,3,27,17,1,17,19
,,,,,,2017-03-30,,3,30,17,1,10,21
,,,,,,2017-04-03,,4,3,17,10,17,32
,,,,,,2017-04-06,,4,6,17,6,18,37
,,,,,,2017-04-10,,4,10,17,13,34,36
,,,,,,2017-04-13,,4,13,17,2,3,21
,,,,,,2017-04-17,,4,17,17,11,17,25
,,,,,,2017-04-20,,4,20,17,4,24,29
,,,,,,2017-04-24,,4,24,17,2,12,32
,,,,,,2017-04-27,,4,27,17,3,19,39
,,,,,,2017-05-01,,5,1,17,3,13,23
,,,,,,2017-05-04,,5,4,17,5,22,29
,,,,,,2017-05-08,,5,8,17,4,7,23
,,,,,,2017-05-11,,5,11,17,5,14,17
,,,,,,2017-05-15,,5,15,17,15,17,30
,,,,,,2017-05-18,,5,18,17,5,10,34
,,,,,,2017-05-22,,5,22,17,12,16,31
,,,,,,2017-05-25,,5,25,17,3,6,14
,,,,,,2017-05-29,,5,29,17,20,25,29
,,,,,,2017-06-01,,6,1,17,7,28,34
,,,,,,2017-06-05,,6,5,17,13,15,17
,,,,,,2017-06-08,,6,8,17,12,13,26
,,,,,,2017-06-12,,6,12,17,7,13,29
,,,,,,2017-06-15,,6,15,17,9,19,36
,,,,,,2017-06-19,,6,19,17,8,23,24
,,,,,,2017-06-22,,6,22,17,1,7,12
,,,,,,2017-06-26,,6,26,17,7,18,21
,,,,,,2017-06-29,,6,29,17,4,12,27
,,,,,,2017-07-03,,7,3,17,15,19,43
,,,,,,2017-07-06,,7,6,17,3,4,10
,,,,,,2017-07-10,,7,10,17,9,23,32
,,,,,,2017-07-13,,7,13,17,6,15,18
,,,,,,2017-07-17,,7,17,17,2,6,8
,,,,,,2017-07-20,,7,20,17,2,10,13
,,,,,,2017-07-24,,7,24,17,16,26,27
,,,,,,2017-07-27,,7,27,17,16,17,31
,,,,,,2017-07-31,,7,31,17,7,14,22
,,,,,,2017-08-03,,8,3,17,11,26,30
,,,,,,2017-08-07,,8,7,17,7,12,22
,,,,,,2017-08-10,,8,10,17,19,29,30
,,,,,,2017-08-14,,8,14,17,4,8,15
,,,,,,2017-08-17,,8,17,17,12,17,31
,,,,,,2017-08-21,,8,21,17,5,29,38
,,,,,,2017-08-24,,8,24,17,1,3,27
,,,,,,2017-08-28,,8,28,17,1,5,6
,,,,,,2017-08-31,,8,31,17,19,20,36
,,,,,,2017-09-04,,9,4,17,1,4,9
,,,,,,2017-09-07,,9,7,17,19,27,28
,,,,,,2017-09-11,,9,11,17,11,23,27
,,,,,,2017-09-14,,9,14,17,4,9,14
,,,,,,2017-09-18,,9,18,17,4,14,19
,,,,,,2017-09-21,,9,21,17,7,13,19
,,,,,,2017-09-25,,9,25,17,14,17,19
,,,,,,2017-09-28,,9,28,17,9,10,12
,,,,,,2017-10-02,,10,2,17,24,25,28
,,,,,,2017-10-05,,10,5,17,12,13,21
,,,,,,2017-10-09,,10,9,17,19,21,23
,,,,,,2017-10-12,,10,12,17,5,19,27
,,,,,,2017-10-16,,10,16,17,1,2,12
,,,,,,2017-10-19,,10,19,17,9,24,27
,,,,,,2017-10-23,,10,23,17,4,7,9
,,,,,,2017-10-26,,10,26,17,2,6,12
,,,,,,2017-10-30,,10,30,17,2,12,22
,,,,,,2017-11-02,,11,2,17,2,4,8
,,,,,,2017-11-06,,11,6,17,22,24,28
,,,,,,2017-11-09,,11,9,17,10,36,40
,,,,,,2017-11-13,,11,13,17,20,21,37
,,,,,,2017-11-16,,11,16,17,14,20,21
,,,,,,2017-11-20,,11,20,17,7,16,20
,,,,,,2017-11-23,,11,23,17,10,15,19
,,,,,,2017-11-27,,11,27,17,12,13,20
,,,,,,2017-11-30,,11,30,17,2,3,27
,,,,,,2017-12-04,,12,4,17,1,2,7
,,,,,,2017-12-07,,12,7,17,7,18,21
,,,,,,2017-12-11,,12,11,17,16,37,46
,,,,,,2017-12-14,,12,14,17,17,21,25
,,,,,,2017-12-18,,12,18,17,13,16,21
,,,,,,2017-12-21,,12,21,17,10,14,15
,,,,,,2017-12-25,,12,25,17,8,37,43
,,,,,,2017-12-28,,12,28,17,4,21,29
,,,,,,2018-01-01,,1,1,18,15,18,25
,,,,,,2018-01-04,,1,4,18,11,12,19
,,,,,,2018-01-08,,1,8,18,1,3,15
,,,,,,2018-01-11,,1,11,18,8,12,15
,,,,,,2018-01-15,,1,15,18,11,15,32
,,,,,,2018-01-18,,1,18,18,5,15,21
,,,,,,2018-01-22,,1,22,18,5,13,26
,,,,,,2018-01-25,,1,25,18,8,9,31
,,,,,,2018-01-29,,1,29,18,1,4,6
,,,,,,2018-02-01,,2,1,18,3,13,21
,,,,,,2018-02-05,,2,5,18,1,2,5
,,,,,,2018-02-08,,2,8,18,4,10,13
,,,,,,2018-02-12,,2,12,18,7,11,33
,,,,,,2018-02-15,,2,15,18,1,11,36
,,,,,,2018-02-19,,2,19,18,2,14,41
,,,,,,2018-02-22,,2,22,18,6,23,32
,,,,,,2018-02-26,,2,26,18,6,11,16
,,,,,,2018-03-01,,3,1,18,7,10,26
,,,,,,2018-03-05,,3,5,18,5,17,23
,,,,,,2018-03-08,,3,8,18,20,24,26
,,,,,,2018-03-12,,3,12,18,1,8,20
,,,,,,2018-03-15,,3,15,18,10,16,17
,,,,,,2018-03-19,,3,19,18,17,26,31
,,,,,,2018-03-22,,3,22,18,9,17,27
,,,,,,2018-03-26,,3,26,18,3,4,15
,,,,,,2018-03-29,,3,29,18,16,19,31
,,,,,,2018-04-02,,4,2,18,2,6,11
,,,,,,2018-04-05,,4,5,18,2,10,12
,,,,,,2018-04-09,,4,9,18,9,13,20
,,,,,,2018-04-12,,4,12,18,5,20,33
,,,,,,2018-04-16,,4,16,18,9,11,26
,,,,,,2018-04-19,,4,19,18,16,19,35
,,,,,,2018-04-23,,4,23,18,7,12,20
,,,,,,2018-04-26,,4,26,18,20,21,27
,,,,,,2018-04-30,,4,30,18,1,10,13
,,,,,,2018-05-03,,5,3,18,5,22,26
,,,,,,2018-05-07,,5,7,18,2,5,6
,,,,,,2018-05-10,,5,10,18,17,35,46
,,,,,,2018-05-14,,5,14,18,11,26,33
,,,,,,2018-05-17,,5,17,18,6,7,14
,,,,,,2018-05-21,,5,21,18,4,12,31
,,,,,,2018-05-24,,5,24,18,18,32,38
,,,,,,2018-05-28,,5,28,18,4,6,13
,,,,,,2018-05-31,,5,31,18,16,34,41
,,,,,,2018-06-04,,6,4,18,1,5,20
,,,,,,2018-06-07,,6,7,18,2,9,27
,,,,,,2018-06-11,,6,11,18,4,5,25
,,,,,,2018-06-14,,6,14,18,7,13,33
,,,,,,2018-06-18,,6,18,18,1,22,27
,,,,,,2018-06-21,,6,21,18,3,6,25
,,,,,,2018-06-25,,6,25,18,3,31,42
,,,,,,2018-06-28,,6,28,18,3,23,27
,,,,,,2018-07-02,,7,2,18,13,18,27
,,,,,,2018-07-05,,7,5,18,12,16,31
,,,,,,2018-07-09,,7,9,18,18,24,43
,,,,,,2018-07-12,,7,12,18,4,8,14
,,,,,,2018-07-16,,7,16,18,14,17,18
,,,,,,2018-07-19,,7,19,18,14,27,29
,,,,,,2018-07-23,,7,23,18,1,5,11
,,,,,,2018-07-26,,7,26,18,9,10,14
,,,,,,2018-07-30,,7,30,18,8,15,34
,,,,,,2018-08-02,,8,2,18,9,16,17
,,,,,,2018-08-06,,8,6,18,5,7,13
,,,,,,2018-08-09,,8,9,18,13,25,30
,,,,,,2018-08-13,,8,13,18,1,15,22
,,,,,,2018-08-16,,8,16,18,8,39,42
,,,,,,2018-08-20,,8,20,18,4,16,36
,,,,,,2018-08-23,,8,23,18,6,10,28
,,,,,,2018-08-27,,8,27,18,6,8,12
,,,,,,2018-08-30,,8,30,18,16,20,32
,,,,,,2018-09-03,,9,3,18,27,40,43
,,,,,,2018-09-06,,9,6,18,14,27,29
,,,,,,2018-09-10,,9,10,18,1,11,13
,,,,,,2018-09-13,,9,13,18,6,12,23
,,,,,,2018-09-17,,9,17,18,3,5,6
,,,,,,2018-09-20,,9,20,18,8,10,17
,,,,,,2018-09-24,,9,24,18,9,16,21
,,,,,,2018-09-27,,9,27,18,5,9,29
,,,,,,2018-10-01,,10,1,18,8,10,13
,,,,,,2018-10-04,,10,4,18,1,10,15
,,,,,,2018-10-08,,10,8,18,5,34,35
,,,,,,2018-10-11,,10,11,18,10,18,33
,,,,,,2018-10-15,,10,15,18,1,30,39
,,,,,,2018-10-18,,10,18,18,4,21,24
,,,,,,2018-10-22,,10,22,18,7,36,37
,,,,,,2018-10-25,,10,25,18,12,20,22
,,,,,,2018-10-29,,10,29,18,14,16,26
,,,,,,2018-11-01,,11,1,18,4,13,31
,,,,,,2018-11-05,,11,5,18,8,18,28
,,,,,,2018-11-08,,11,8,18,10,16,38
,,,,,,2018-11-12,,11,12,18,2,4,9
,,,,,,2018-11-15,,11,15,18,14,28,29
,,,,,,2018-11-19,,11,19,18,1,14,15
,,,,,,2018-11-22,,11,22,18,8,18,38
,,,,,,2018-11-26,,11,26,18,10,23,29
,,,,,,2018-11-29,,11,29,18,1,4,11
,,,,,,2018-12-03,,12,3,18,7,8,28
,,,,,,2018-12-06,,12,6,18,5,14,26
,,,,,,2018-12-10,,12,10,18,16,20,26
,,,,,,2018-12-13,,12,13,18,15,31,38
,,,,,,2018-12-17,,12,17,18,4,8,31
,,,,,,2018-12-20,,12,20,18,8,21,26
,,,,,,2018-12-24,,12,24,18,2,9,14
,,,,,,2018-12-27,,12,27,18,9,16,32
,,,,,,2018-12-31,,12,31,18,4,10,15
,,,,,,2019-01-03,,1,3,19,2,4,17
,,,,,,2019-01-07,,1,7,19,18,31,34
,,,,,,2019-01-10,,1,10,19,9,13,21
,,,,,,2019-01-14,,1,14,19,11,13,18
,,,,,,2019-01-17,,1,17,19,9,22,27
,,,,,,2019-01-21,,1,21,19,2,16,40
,,,,,,2019-01-24,,1,24,19,21,29,30
,,,,,,2019-01-28,,1,28,19,6,12,30
,,,,,,2019-01-31,,1,31,19,4,6,10
,,,,,,2019-02-04,,2,4,19,14,24,30
,,,,,,2019-02-07,,2,7,19,18,23,29
,,,,,,2019-02-11,,2,11,19,3,5,10
,,,,,,2019-02-14,,2,14,19,24,26,32
,,,,,,2019-02-18,,2,18,19,1,8,15
,,,,,,2019-02-21,,2,21,19,15,21,23
,,,,,,2019-02-25,,2,25,19,24,26,31
,,,,,,2019-02-28,,2,28,19,4,7,10
,,,,,,2019-03-04,,3,4,19,4,12,28
,,,,,,2019-03-07,,3,7,19,5,8,29
,,,,,,2019-03-11,,3,11,19,19,24,30
,,,,,,2019-03-14,,3,14,19,11,12,23
,,,,,,2019-03-18,,3,18,19,3,11,24
,,,,,,2019-03-21,,3,21,19,9,24,26
,,,,,,2019-03-25,,3,25,19,7,9,14
,,,,,,2019-03-28,,3,28,19,21,31,34
,,,,,,2019-04-01,,4,1,19,9,19,22
,,,,,,2019-04-04,,4,4,19,3,4,8
,,,,,,2019-04-08,,4,8,19,17,23,34
,,,,,,2019-04-11,,4,11,19,13,17,30
,,,,,,2019-04-15,,4,15,19,4,10,20
,,,,,,2019-04-18,,4,18,19,2,10,27
,,,,,,2019-04-22,,4,22,19,1,11,20
,,,,,,2019-04-25,,4,25,19,8,18,21
,,,,,,2019-04-29,,4,29,19,7,22,28
,,,,,,2019-05-02,,5,2,19,5,7,9
,,,,,,2019-05-06,,5,6,19,13,14,26
,,,,,,2019-05-09,,5,9,19,5,7,39
,,,,,,2019-05-13,,5,13,19,6,11,13
,,,,,,2019-05-16,,5,16,19,9,18,26
,,,,,,2019-05-20,,5,20,19,26,27,29
,,,,,,2019-05-23,,5,23,19,12,23,29
,,,,,,2019-05-27,,5,27,19,15,37,43
,,,,,,2019-05-30,,5,30,19,7,17,18
,,,,,,2019-06-03,,6,3,19,3,19,24
,,,,,,2019-06-06,,6,6,19,4,22,28
,,,,,,2019-06-10,,6,10,19,26,34,39
,,,,,,2019-06-13,,6,13,19,4,5,8
,,,,,,2019-06-17,,6,17,19,3,25,29
,,,,,,2019-06-20,,6,20,19,13,30,33
,,,,,,2019-06-24,,6,24,19,3,17,21
,,,,,,2019-06-27,,6,27,19,14,16,19
,,,,,,2019-07-01,,7,1,19,11,17,22
,,,,,,2019-07-04,,7,4,19,2,7,31
,,,,,,2019-07-08,,7,8,19,11,16,18
,,,,,,2019-07-11,,7,11,19,5,19,23
,,,,,,2019-07-15,,7,15,19,3,14,18
,,,,,,2019-07-18,,7,18,19,8,13,32
,,,,,,2019-07-22,,7,22,19,5,31,33
,,,,,,2019-07-25,,7,25,19,26,29,35
,,,,,,2019-07-29,,7,29,19,5,6,16
,,,,,,2019-08-01,,8,1,19,1,19,22
,,,,,,2019-08-05,,8,5,19,20,30,37
,,,,,,2019-08-08,,8,8,19,25,28,34
,,,,,,2019-08-12,,8,12,19,2,5,14
,,,,,,2019-08-15,,8,15,19,2,11,13
,,,,,,2019-08-19,,8,19,19,8,17,26
,,,,,,2019-08-22,,8,22,19,7,9,14
,,,,,,2019-08-26,,8,26,19,9,25,30
,,,,,,2019-08-29,,8,29,19,11,24,28
,,,,,,2019-09-02,,9,2,19,6,7,22
,,,,,,2019-09-05,,9,5,19,5,20,32
,,,,,,2019-09-09,,9,9,19,8,9,17
,,,,,,2019-09-12,,9,12,19,2,16,29
,,,,,,2019-09-16,,9,16,19,11,12,22
,,,,,,2019-09-19,,9,19,19,13,21,27
,,,,,,2019-09-23,,9,23,19,4,23,25
,,,,,,2019-09-26,,9,26,19,4,11,33
,,,,,,2019-09-30,,9,30,19,3,14,45
,,,,,,2019-10-03,,10,3,19,1,13,42
,,,,,,2019-10-07,,10,7,19,13,18,31
,,,,,,2019-10-10,,10,10,19,27,30,31
,,,,,,2019-10-14,,10,14,19,12,17,19
,,,,,,2019-10-17,,10,17,19,8,9,25
,,,,,,2019-10-21,,10,21,19,9,14,15
,,,,,,2019-10-24,,10,24,19,5,13,24
,,,,,,2019-10-28,,10,28,19,11,15,18
,,,,,,2019-10-31,,10,31,19,2,31,33
,,,,,,2019-11-04,,11,4,19,28,34,42
,,,,,,2019-11-07,,11,7,19,1,10,15
,,,,,,2019-11-11,,11,11,19,3,5,22
,,,,,,2019-11-14,,11,14,19,9,11,21
,,,,,,2019-11-18,,11,18,19,15,22,28
,,,,,,2019-11-21,,11,21,19,15,17,20
,,,,,,2019-11-25,,11,25,19,1,2,3
,,,,,,2019-11-28,,11,28,19,3,9,22
,,,,,,2019-12-02,,12,2,19,10,31,43
,,,,,,2019-12-05,,12,5,19,3,11,16
,,,,,,2019-12-09,,12,9,19,1,16,27
,,,,,,2019-12-12,,12,12,19,16,17,21
,,,,,,2019-12-16,,12,16,19,11,20,21
,,,,,,2019-12-19,,12,19,19,6,27,28
,,,,,,2019-12-23,,12,23,19,1,6,16
,,,,,,2019-12-26,,12,26,19,16,25,29
,,,,,,2019-12-30,,12,30,19,4,15,34
,,,,,,2020-01-02,,1,2,20,1,3,18
,,,,,,2020-01-06,,1,6,20,5,8,15
,,,,,,2020-01-09,,1,9,20,1,14,21
,,,,,,2020-01-13,,1,13,20,7,16,30
,,,,,,2020-01-16,,1,16,20,10,13,15
,,,,,,2020-01-20,,1,20,20,4,7,8
,,,,,,2020-01-23,,1,23,20,11,25,28
,,,,,,2020-01-27,,1,27,20,1,7,17
,,,,,,2020-01-30,,1,30,20,4,6,8
,,,,,,2020-02-03,,2,3,20,2,9,34
,,,,,,2020-02-06,,2,6,20,18,30,31
,,,,,,2020-02-10,,2,10,20,3,7,21
,,,,,,2020-02-13,,2,13,20,5,14,31
,,,,,,2020-02-17,,2,17,20,4,27,29
,,,,,,2020-02-20,,2,20,20,24,27,36
,,,,,,2020-02-24,,2,24,20,23,27,33
,,,,,,2020-02-27,,2,27,20,19,20,32
,,,,,,2020-03-02,,3,2,20,6,13,24
,,,,,,2020-03-05,,3,5,20,6,8,9
,,,,,,2020-03-09,,3,9,20,3,13,16
,,,,,,2020-03-12,,3,12,20,1,13,23
,,,,,,2020-03-16,,3,16,20,3,7,24
,,,,,,2020-03-19,,3,19,20,13,19,24
,,,,,,2020-03-23,,3,23,20,1,30,31
,,,,,,2020-03-26,,3,26,20,7,8,10
,,,,,,2020-03-30,,3,30,20,2,22,29
,,,,,,2020-04-02,,4,2,20,2,4,23
,,,,,,2020-04-06,,4,6,20,2,25,26
,,,,,,2020-04-09,,4,9,20,6,16,23
,,,,,,2020-04-13,,4,13,20,1,37,39
,,,,,,2020-04-16,,4,16,20,6,8,20
,,,,,,2020-04-20,,4,20,20,1,3,6
,,,,,,2020-04-23,,4,23,20,5,31,38
,,,,,,2020-04-27,,4,27,20,1,5,9
,,,,,,2020-04-30,,4,30,20,3,4,11
,,,,,,2020-05-04,,5,4,20,15,20,22
,,,,,,2020-05-07,,5,7,20,3,8,22
,,,,,,2020-05-11,,5,11,20,1,24,28
,,,,,,2020-05-14,,5,14,20,20,26,29
,,,,,,2020-05-18,,5,18,20,10,27,32
,,,,,,2020-05-21,,5,21,20,8,11,24
,,,,,,2020-05-25,,5,25,20,4,28,31
,,,,,,2020-05-28,,5,28,20,1,13,36
,,,,,,2020-06-01,,6,1,20,5,15,30
,,,,,,2020-06-04,,6,4,20,9,18,24
,,,,,,2020-06-08,,6,8,20,26,29,31
,,,,,,2020-06-11,,6,11,20,9,24,25
,,,,,,2020-06-15,,6,15,20,25,28,32
,,,,,,2020-06-18,,6,18,20,1,6,16
,,,,,,2020-06-22,,6,22,20,13,33,34
,,,,,,2020-06-25,,6,25,20,1,8,18
,,,,,,2020-06-29,,6,29,20,6,12,16
,,,,,,2020-07-02,,7,2,20,2,10,15
,,,,,,2020-07-06,,7,6,20,2,10,40
,,,,,,2020-07-09,,7,9,20,10,24,28
,,,,,,2020-07-13,,7,13,20,9,13,34
,,,,,,2020-07-16,,7,16,20,5,7,20
,,,,,,2020-07-20,,7,20,20,11,15,37
,,,,,,2020-07-23,,7,23,20,5,6,23
,,,,,,2020-07-27,,7,27,20,6,10,13
,,,,,,2020-07-30,,7,30,20,14,15,16
,,,,,,2020-08-03,,8,3,20,4,10,20
,,,,,,2020-08-06,,8,6,20,14,18,30
,,,,,,2020-08-10,,8,10,20,4,5,16
,,,,,,2020-08-13,,8,13,20,9,33,34
,,,,,,2020-08-17,,8,17,20,5,9,11
,,,,,,2020-08-20,,8,20,20,9,11,18
,,,,,,2020-08-24,,8,24,20,18,22,25
,,,,,,2020-08-27,,8,27,20,7,8,12
,,,,,,2020-08-31,,8,31,20,3,9,14
,,,,,,2020-09-03,,9,3,20,1,4,13
,,,,,,2020-09-07,,9,7,20,4,7,25
,,,,,,2020-09-10,,9,10,20,4,13,25
,,,,,,2020-09-14,,9,14,20,2,5,25
,,,,,,2020-09-17,,9,17,20,5,28,34
,,,,,,2020-09-21,,9,21,20,7,28,39
,,,,,,2020-09-24,,9,24,20,17,21,30
,,,,,,2020-09-28,,9,28,20,9,14,45
,,,,,,2020-10-01,,10,1,20,5,8,9
,,,,,,2020-10-05,,10,5,20,7,17,29
,,,,,,2020-10-08,,10,8,20,28,30,31
,,,,,,2020-10-12,,10,12,20,2,11,21
,,,,,,2020-10-15,,10,15,20,4,14,27
,,,,,,2020-10-19,,10,19,20,11,17,23
,,,,,,2020-10-22,,10,22,20,11,24,35
,,,,,,2020-10-26,,10,26,20,9,12,20
,,,,,,2020-10-29,,10,29,20,2,11,32
,,,,,,2020-11-02,,11,2,20,7,24,26
,,,,,,2020-11-05,,11,5,20,2,4,8
,,,,,,2020-11-09,,11,9,20,22,24,33
,,,,,,2020-11-12,,11,12,20,14,17,24
,,,,,,2020-11-16,,11,16,20,3,8,16
,,,,,,2020-11-19,,11,19,20,5,16,27
,,,,,,2020-11-23,,11,23,20,13,23,31
,,,,,,2020-11-26,,11,26,20,11,25,31
,,,,,,2020-11-30,,11,30,20,11,18,21
,,,,,,2020-12-03,,12,3,20,11,17,22
,,,,,,2020-12-07,,12,7,20,3,18,22
,,,,,,2020-12-10,,12,10,20,1,5,10
,,,,,,2020-12-14,,12,14,20,7,25,34
,,,,,,2020-12-17,,12,17,20,1,20,28
,,,,,,2020-12-21,,12,21,20,3,32,35
,,,,,,2020-12-24,,12,24,20,2,15,40
,,,,,,2020-12-28,,12,28,20,6,9,11
,,,,,,2020-12-31,,12,31,20,11,28,30
,,,,,,2021-01-04,,1,4,21,2,12,21
,,,,,,2021-01-07,,1,7,21,3,20,25
,,,,,,2021-01-11,,1,11,21,1,8,20
,,,,,,2021-01-14,,1,14,21,3,16,20
,,,,,,2021-01-18,,1,18,21,2,13,14
,,,,,,2021-01-21,,1,21,21,11,15,26
,,,,,,2021-01-25,,1,25,21,1,24,28
,,,,,,2021-01-28,,1,28,21,2,19,24
,,,,,,2021-02-01,,2,1,21,15,17,27
,,,,,,2021-02-04,,2,4,21,3,9,13
,,,,,,2021-02-08,,2,8,21,2,12,22
,,,,,,2021-02-11,,2,11,21,7,9,15
,,,,,,2021-02-15,,2,15,21,1,21,22
,,,,,,2021-02-18,,2,18,21,10,11,17
,,,,,,2021-02-22,,2,22,21,2,10,12
,,,,,,2021-02-25,,2,25,21,16,34,35
,,,,,,2021-03-01,,3,1,21,5,11,17
,,,,,,2021-03-04,,3,4,21,2,5,32
,,,,,,2021-03-08,,3,8,21,3,9,40
,,,,,,2021-03-11,,3,11,21,15,19,28
,,,,,,2021-03-15,,3,15,21,5,14,15
,,,,,,2021-03-18,,3,18,21,2,5,21
,,,,,,2021-03-22,,3,22,21,3,5,24
,,,,,,2021-03-25,,3,25,21,3,24,25
,,,,,,2021-03-29,,3,29,21,9,29,32
,,,,,,2021-04-01,,4,1,21,5,27,36
,,,,,,2021-04-05,,4,5,21,2,5,16
,,,,,,2021-04-08,,4,8,21,17,25,30
,,,,,,2021-04-12,,4,12,21,1,12,16
,,,,,,2021-04-15,,4,15,21,3,4,18
,,,,,,2021-04-19,,4,19,21,13,21,31
,,,,,,2021-04-22,,4,22,21,20,28,29
,,,,,,2021-04-26,,4,26,21,8,22,33
,,,,,,2021-04-29,,4,29,21,1,9,10
,,,,,,2021-05-03,,5,3,21,7,11,12
,,,,,,2021-05-06,,5,6,21,5,13,26
,,,,,,2021-05-10,,5,10,21,4,31,32
,,,,,,2021-05-13,,5,13,21,3,7,25
,,,,,,2021-05-17,,5,17,21,18,29,32
,,,,,,2021-05-20,,5,20,21,7,13,38
,,,,,,2021-05-24,,5,24,21,3,6,7
,,,,,,2021-05-27,,5,27,21,5,6,8
,,,,,,2021-05-31,,5,31,21,2,19,28
,,,,,,2021-06-03,,6,3,21,11,19,22
,,,,,,2021-06-07,,6,7,21,5,7,18
,,,,,,2021-06-10,,6,10,21,6,8,10
,,,,,,2021-06-14,,6,14,21,3,17,19
,,,,,,2021-06-17,,6,17,21,7,10,24
,,,,,,2021-06-21,,6,21,21,22,28,33
,,,,,,2021-06-24,,6,24,21,23,26,31
,,,,,,2021-06-28,,6,28,21,5,7,23
,,,,,,2021-07-01,,7,1,21,15,22,30
,,,,,,2021-07-05,,7,5,21,2,5,6
,,,,,,2021-07-08,,7,8,21,2,17,18
,,,,,,2021-07-12,,7,12,21,11,12,22
,,,,,,2021-07-15,,7,15,21,5,10,14
,,,,,,2021-07-19,,7,19,21,11,38,42
,,,,,,2021-07-20,,7,20,21,6,8,16
,,,,,,2021-07-21,,7,21,21,5,30,36
,,,,,,2021-07-22,,7,22,21,20,28,29
,,,,,,2021-07-23,,7,23,21,5,15,17
,,,,,,2021-07-24,,7,24,21,12,13,26
,,,,,,2021-07-25,,7,25,21,6,12,27
,,,,,,2021-07-26,,7,26,21,8,26,39
,,,,,,2021-07-27,,7,27,21,7,31,33
,,,,,,2021-07-28,,7,28,21,17,20,26
,,,,,,2021-07-29,,7,29,21,2,4,9
,,,,,,2021-07-30,,7,30,21,6,41,44
,,,,,,2021-07-31,,7,31,21,7,26,29
,,,,,,2021-08-01,,8,1,21,7,30,32
,,,,,,2021-08-02,,8,2,21,4,5,24
,,,,,,2021-08-03,,8,3,21,10,15,18
,,,,,,2021-08-04,,8,4,21,1,25,30
,,,,,,2021-08-05,,8,5,21,5,15,36
,,,,,,2021-08-06,,8,6,21,1,4,6
,,,,,,2021-08-07,,8,7,21,2,35,41
,,,,,,2021-08-08,,8,8,21,1,14,23
,,,,,,2021-08-09,,8,9,21,2,4,19
,,,,,,2021-08-10,,8,10,21,15,22,34
,,,,,,2021-08-11,,8,11,21,1,17,21
,,,,,,2021-08-12,,8,12,21,1,9,19
,,,,,,2021-08-13,,8,13,21,6,10,16
,,,,,,2021-08-14,,8,14,21,28,34,39
,,,,,,2021-08-15,,8,15,21,16,23,26
,,,,,,2021-08-16,,8,16,21,3,13,39
,,,,,,2021-08-17,,8,17,21,2,10,25
,,,,,,2021-08-18,,8,18,21,18,21,22
,,,,,,2021-08-19,,8,19,21,11,12,16
,,,,,,2021-08-20,,8,20,21,8,24,36
,,,,,,2021-08-21,,8,21,21,1,10,23
,,,,,,2021-08-22,,8,22,21,5,8,15
,,,,,,2021-08-23,,8,23,21,4,6,24
,,,,,,2021-08-24,,8,24,21,4,10,13
,,,,,,2021-08-25,,8,25,21,9,24,33
,,,,,,2021-08-26,,8,26,21,9,12,31
,,,,,,2021-08-27,,8,27,21,4,8,17
,,,,,,2021-08-28,,8,28,21,2,6,8
,,,,,,2021-08-29,,8,29,21,4,19,30
,,,,,,2021-08-30,,8,30,21,13,22,28
,,,,,,2021-08-31,,8,31,21,6,15,27
,,,,,,2021-09-01,,9,1,21,7,21,23
,,,,,,2021-09-02,,9,2,21,6,21,22
,,,,,,2021-09-03,,9,3,21,7,16,28
,,,,,,2021-09-04,,9,4,21,20,22,23
,,,,,,2021-09-05,,9,5,21,4,21,23
,,,,,,2021-09-06,,9,6,21,3,6,18
,,,,,,2021-09-07,,9,7,21,8,14,16
,,,,,,2021-09-08,,9,8,21,2,5,15
,,,,,,2021-09-09,,9,9,21,1,2,4
,,,,,,2021-09-10,,9,10,21,1,6,19
,,,,,,2021-09-11,,9,11,21,4,5,22
,,,,,,2021-09-12,,9,12,21,1,3,11
,,,,,,2021-09-13,,9,13,21,5,7,22
,,,,,,2021-09-14,,9,14,21,17,22,24
,,,,,,2021-09-15,,9,15,21,21,22,32
,,,,,,2021-09-16,,9,16,21,1,18,19
,,,,,,2021-09-17,,9,17,21,8,12,35
,,,,,,2021-09-18,,9,18,21,4,10,26
,,,,,,2021-09-19,,9,19,21,3,4,31
,,,,,,2021-09-20,,9,20,21,22,35,38
,,,,,,2021-09-21,,9,21,21,1,5,37
,,,,,,2021-09-22,,9,22,21,11,34,38
,,,,,,2021-09-23,,9,23,21,13,27,32
,,,,,,2021-09-24,,9,24,21,7,18,20
,,,,,,2021-09-25,,9,25,21,6,16,24
,,,,,,2021-09-26,,9,26,21,7,23,28
,,,,,,2021-09-27,,9,27,21,1,13,17
,,,,,,2021-09-28,,9,28,21,2,17,23
,,,,,,2021-09-29,,9,29,21,9,26,40
,,,,,,2021-09-30,,9,30,21,12,23,32
,,,,,,2021-10-01,,10,1,21,2,15,38
,,,,,,2021-10-02,,10,2,21,1,12,24
,,,,,,2021-10-03,,10,3,21,15,35,36
,,,,,,2021-10-04,,10,4,21,2,3,29
,,,,,,2021-10-05,,10,5,21,18,20,33
,,,,,,2021-10-06,,10,6,21,8,14,23
,,,,,,2021-10-07,,10,7,21,2,7,21
,,,,,,2021-10-08,,10,8,21,6,22,24
,,,,,,2021-10-09,,10,9,21,12,27,28
,,,,,,2021-10-10,,10,10,21,7,23,27
,,,,,,2021-10-11,,10,11,21,4,17,20
,,,,,,2021-10-12,,10,12,21,1,6,8
,,,,,,2021-10-13,,10,13,21,13,16,18
,,,,,,2021-10-14,,10,14,21,20,28,32
,,,,,,2021-10-15,,10,15,21,5,15,21
,,,,,,2021-10-16,,10,16,21,20,33,38
,,,,,,2021-10-17,,10,17,21,5,11,24
,,,,,,2021-10-18,,10,18,21,9,17,18
,,,,,,2021-10-19,,10,19,21,1,8,22
,,,,,,2021-10-20,,10,20,21,6,20,21
,,,,,,2021-10-21,,10,21,21,6,13,17
,,,,,,2021-10-22,,10,22,21,1,3,14
,,,,,,2021-10-23,,10,23,21,5,12,19
,,,,,,2021-10-24,,10,24,21,3,20,21
,,,,,,2021-10-25,,10,25,21,13,25,27
,,,,,,2021-10-26,,10,26,21,9,11,15
,,,,,,2021-10-27,,10,27,21,14,23,39
,,,,,,2021-10-28,,10,28,21,21,23,24
,,,,,,2021-10-29,,10,29,21,1,14,24
,,,,,,2021-10-30,,10,30,21,5,19,22
,,,,,,2021-10-31,,10,31,21,5,7,11
,,,,,,2021-11-01,,11,1,21,4,27,28
,,,,,,2021-11-02,,11,2,21,8,19,26
,,,,,,2021-11-03,,11,3,21,7,19,25
,,,,,,2021-11-04,,11,4,21,6,9,12
,,,,,,2021-11-05,,11,5,21,1,2,11
,,,,,,2021-11-06,,11,6,21,23,24,27
,,,,,,2021-11-07,,11,7,21,15,18,24
,,,,,,2021-11-08,,11,8,21,23,24,33
,,,,,,2021-11-09,,11,9,21,5,9,10
,,,,,,2021-11-10,,11,10,21,7,8,20
,,,,,,2021-11-11,,11,11,21,21,27,34
,,,,,,2021-11-12,,11,12,21,7,15,21
,,,,,,2021-11-13,,11,13,21,1,29,33
,,,,,,2021-11-14,,11,14,21,1,8,21
,,,,,,2021-11-15,,11,15,21,5,12,14
,,,,,,2021-11-16,,11,16,21,1,12,23
,,,,,,2021-11-17,,11,17,21,7,11,24
,,,,,,2021-11-18,,11,18,21,10,32,36
,,,,,,2021-11-19,,11,19,21,3,4,9
,,,,,,2021-11-20,,11,20,21,12,22,24
,,,,,,2021-11-21,,11,21,21,3,11,17
,,,,,,2021-11-22,,11,22,21,5,7,8
,,,,,,2021-11-23,,11,23,21,6,11,14
,,,,,,2021-11-24,,11,24,21,5,6,9
,,,,,,2021-11-25,,11,25,21,10,12,14
,,,,,,2021-11-26,,11,26,21,1,13,20
,,,,,,2021-11-27,,11,27,21,2,6,7
,,,,,,2021-11-28,,11,28,21,9,14,24
,,,,,,2021-11-29,,11,29,21,16,17,22
,,,,,,2021-11-30,,11,30,21,9,25,29
,,,,,,2021-12-01,,12,1,21,4,6,32
,,,,,,2021-12-02,,12,2,21,8,23,29
,,,,,,2021-12-03,,12,3,21,3,12,14
,,,,,,2021-12-04,,12,4,21,9,18,23
,,,,,,2021-12-05,,12,5,21,7,14,18
,,,,,,2021-12-06,,12,6,21,1,8,11
,,,,,,2021-12-07,,12,7,21,24,31,41
,,,,,,2021-12-08,,12,8,21,5,20,24
,,,,,,2021-12-09,,12,9,21,8,21,23
,,,,,,2021-12-10,,12,10,21,23,29,35
,,,,,,2021-12-11,,12,11,21,8,9,16
,,,,,,2021-12-12,,12,12,21,7,21,35
,,,,,,2021-12-13,,12,13,21,3,9,20
,,,,,,2021-12-14,,12,14,21,10,23,24
,,,,,,2021-12-15,,12,15,21,10,23,26
,,,,,,2021-12-16,,12,16,21,8,10,17
,,,,,,2021-12-17,,12,17,21,6,7,25
,,,,,,2021-12-18,,12,18,21,4,7,27
,,,,,,2021-12-19,,12,19,21,9,16,42
,,,,,,2021-12-20,,12,20,21,17,21,31
,,,,,,2021-12-21,,12,21,21,2,10,18
,,,,,,2021-12-22,,12,22,21,4,29,32
,,,,,,2021-12-23,,12,23,21,18,20,22
,,,,,,2021-12-24,,12,24,21,2,9,22
,,,,,,2021-12-25,,12,25,21,2,5,7
,,,,,,2021-12-26,,12,26,21,4,16,27
,,,,,,2021-12-27,,12,27,21,12,14,28
,,,,,,2021-12-28,,12,28,21,4,6,14
,,,,,,2021-12-29,,12,29,21,9,19,21
,,,,,,2021-12-30,,12,30,21,7,15,19
,,,,,,2021-12-31,,12,31,21,19,36,37
,,,,,,2022-01-01,,1,1,22,10,13,19
,,,,,,2022-01-02,,1,2,22,3,5,12
,,,,,,2022-01-03,,1,3,22,7,12,19
,,,,,,2022-01-04,,1,4,22,7,8,13
,,,,,,2022-01-05,,1,5,22,5,8,22
,,,,,,2022-01-06,,1,6,22,8,10,12
,,,,,,2022-01-07,,1,7,22,5,9,22
,,,,,,2022-01-08,,1,8,22,10,32,44
,,,,,,2022-01-09,,1,9,22,3,10,28
,,,,,,2022-01-10,,1,10,22,7,14,32
,,,,,,2022-01-11,,1,11,22,2,5,8
,,,,,,2022-01-12,,1,12,22,3,27,29
,,,,,,2022-01-13,,1,13,22,3,10,24
,,,,,,2022-01-14,,1,14,22,2,12,14
,,,,,,2022-01-15,,1,15,22,2,9,25
,,,,,,2022-01-16,,1,16,22,5,10,18
,,,,,,2022-01-17,,1,17,22,9,29,33
,,,,,,2022-01-18,,1,18,22,4,31,36
,,,,,,2022-01-19,,1,19,22,17,20,24
,,,,,,2022-01-20,,1,20,22,4,25,27
,,,,,,2022-01-21,,1,21,22,4,23,25
,,,,,,2022-01-22,,1,22,22,9,15,17
,,,,,,2022-01-23,,1,23,22,7,20,34
,,,,,,2022-01-24,,1,24,22,9,22,25
,,,,,,2022-01-25,,1,25,22,19,30,32
,,,,,,2022-01-26,,1,26,22,10,11,15
,,,,,,2022-01-27,,1,27,22,16,23,27
,,,,,,2022-01-28,,1,28,22,11,21,27
,,,,,,2022-01-29,,1,29,22,3,28,31
,,,,,,2022-01-30,,1,30,22,4,11,23
,,,,,,2022-01-31,,1,31,22,3,27,28
,,,,,,2022-02-01,,2,1,22,4,10,20
,,,,,,2022-02-02,,2,2,22,3,5,11
,,,,,,2022-02-03,,2,3,22,6,14,16
,,,,,,2022-02-04,,2,4,22,19,20,22
,,,,,,2022-02-05,,2,5,22,4,18,25
,,,,,,2022-02-06,,2,6,22,24,25,33
,,,,,,2022-02-07,,2,7,22,6,28,36
,,,,,,2022-02-08,,2,8,22,3,10,14
,,,,,,2022-02-09,,2,9,22,8,16,22
,,,,,,2022-02-10,,2,10,22,8,16,25
,,,,,,2022-02-11,,2,11,22,5,7,16
,,,,,,2022-02-12,,2,12,22,13,25,27
,,,,,,2022-02-13,,2,13,22,4,14,18
,,,,,,2022-02-14,,2,14,22,3,10,20
,,,,,,2022-02-15,,2,15,22,25,27,28
,,,,,,2022-02-16,,2,16,22,1,2,7
,,,,,,2022-02-17,,2,17,22,9,29,33
,,,,,,2022-02-18,,2,18,22,1,3,23
,,,,,,2022-02-19,,2,19,22,5,6,14
,,,,,,2022-02-20,,2,20,22,12,15,24
,,,,,,2022-02-21,,2,21,22,10,19,35
,,,,,,2022-02-22,,2,22,22,7,23,24
,,,,,,2022-02-23,,2,23,22,1,21,22
,,,,,,2022-02-24,,2,24,22,1,2,5
,,,,,,2022-02-25,,2,25,22,9,23,25
,,,,,,2022-02-26,,2,26,22,30,40,44
,,,,,,2022-02-27,,2,27,22,7,8,33
,,,,,,2022-02-28,,2,28,22,3,26,29
,,,,,,2022-03-01,,3,1,22,15,21,30
,,,,,,2022-03-02,,3,2,22,12,20,30
,,,,,,2022-03-03,,3,3,22,5,14,18
,,,,,,2022-03-04,,3,4,22,5,8,30
,,,,,,2022-03-05,,3,5,22,7,10,24
,,,,,,2022-03-06,,3,6,22,15,29,34
,,,,,,2022-03-07,,3,7,22,8,13,19
,,,,,,2022-03-08,,3,8,22,1,8,17
,,,,,,2022-03-09,,3,9,22,6,12,25
,,,,,,2022-03-10,,3,10,22,1,7,18
,,,,,,2022-03-11,,3,11,22,9,22,29
,,,,,,2022-03-12,,3,12,22,3,4,6
,,,,,,2022-03-13,,3,13,22,4,7,9
,,,,,,2022-03-14,,3,14,22,3,10,12
,,,,,,2022-03-15,,3,15,22,25,33,34
,,,,,,2022-03-16,,3,16,22,2,3,6
,,,,,,2022-03-17,,3,17,22,10,26,28
,,,,,,2022-03-18,,3,18,22,1,3,22
,,,,,,2022-03-19,,3,19,22,6,13,16
,,,,,,2022-03-20,,3,20,22,7,8,26
,,,,,,2022-03-21,,3,21,22,8,11,40
,,,,,,2022-03-22,,3,22,22,9,11,26
,,,,,,2022-03-23,,3,23,22,1,3,28
,,,,,,2022-03-24,,3,24,22,11,12,19
,,,,,,2022-03-25,,3,25,22,28,30,32
,,,,,,2022-03-26,,3,26,22,13,23,28
,,,,,,2022-03-27,,3,27,22,1,5,11
,,,,,,2022-03-28,,3,28,22,13,31,34
,,,,,,2022-03-29,,3,29,22,6,15,16
,,,,,,2022-03-30,,3,30,22,5,37,38
,,,,,,2022-03-31,,3,31,22,8,20,36
,,,,,,2022-04-01,,4,1,22,6,16,25
,,,,,,2022-04-02,,4,2,22,19,23,32
,,,,,,2022-04-03,,4,3,22,10,20,21
,,,,,,2022-04-04,,4,4,22,16,18,29
,,,,,,2022-04-05,,4,5,22,1,15,28
,,,,,,2022-04-06,,4,6,22,3,5,10
,,,,,,2022-04-07,,4,7,22,8,24,27
,,,,,,2022-04-08,,4,8,22,6,16,20
,,,,,,2022-04-09,,4,9,22,1,4,10
,,,,,,2022-04-10,,4,10,22,7,8,10
,,,,,,2022-04-11,,4,11,22,1,8,38
,,,,,,2022-04-12,,4,12,22,1,14,15
,,,,,,2022-04-13,,4,13,22,10,26,38
,,,,,,2022-04-14,,4,14,22,5,13,15
,,,,,,2022-04-15,,4,15,22,1,21,22
,,,,,,2022-04-16,,4,16,22,6,27,28
,,,,,,2022-04-17,,4,17,22,4,7,10
,,,,,,2022-04-18,,4,18,22,2,14,28
,,,,,,2022-04-19,,4,19,22,1,26,38
,,,,,,2022-04-20,,4,20,22,11,17,28
,,,,,,2022-04-21,,4,21,22,6,11,12
,,,,,,2022-04-22,,4,22,22,2,5,20
,,,,,,2022-04-23,,4,23,22,2,29,30
,,,,,,2022-04-24,,4,24,22,11,13,28
,,,,,,2022-04-25,,4,25,22,8,18,32
,,,,,,2022-04-26,,4,26,22,2,22,35
,,,,,,2022-04-27,,4,27,22,4,6,13
,,,,,,2022-04-28,,4,28,22,17,19,20
,,,,,,2022-04-29,,4,29,22,8,15,20
,,,,,,2022-04-30,,4,30,22,3,5,7
,,,,,,2022-05-01,,5,1,22,7,8,19
,,,,,,2022-05-02,,5,2,22,2,12,32
,,,,,,2022-05-03,,5,3,22,5,8,11
,,,,,,2022-05-04,,5,4,22,14,20,21
,,,,,,2022-05-05,,5,5,22,10,12,21
,,,,,,2022-05-06,,5,6,22,7,17,23
,,,,,,2022-05-07,,5,7,22,10,23,24
,,,,,,2022-05-08,,5,8,22,18,19,24
,,,,,,2022-05-09,,5,9,22,12,19,30
,,,,,,2022-05-10,,5,10,22,1,13,18
,,,,,,2022-05-11,,5,11,22,2,20,30
,,,,,,2022-05-12,,5,12,22,15,21,23
,,,,,,2022-05-13,,5,13,22,6,9,13
,,,,,,2022-05-14,,5,14,22,4,9,13
,,,,,,2022-05-15,,5,15,22,4,7,13
,,,,,,2022-05-16,,5,16,22,2,10,11
,,,,,,2022-05-17,,5,17,22,5,16,29
,,,,,,2022-05-18,,5,18,22,13,28,36
,,,,,,2022-05-19,,5,19,22,15,16,18
,,,,,,2022-05-20,,5,20,22,3,19,43
,,,,,,2022-05-21,,5,21,22,13,17,31
,,,,,,2022-05-22,,5,22,22,7,11,25
,,,,,,2022-05-23,,5,23,22,1,2,6
,,,,,,2022-05-24,,5,24,22,1,3,26
,,,,,,2022-05-25,,5,25,22,11,12,28
,,,,,,2022-05-26,,5,26,22,24,26,27
,,,,,,2022-05-27,,5,27,22,2,3,17
,,,,,,2022-05-28,,5,28,22,3,21,31
,,,,,,2022-05-29,,5,29,22,6,15,29
,,,,,,2022-05-30,,5,30,22,7,24,32
,,,,,,2022-05-31,,5,31,22,1,6,11
,,,,,,2022-06-01,,6,1,22,11,15,26
,,,,,,2022-06-02,,6,2,22,3,28,32
,,,,,,2022-06-03,,6,3,22,2,30,32
,,,,,,2022-06-04,,6,4,22,3,6,12
,,,,,,2022-06-05,,6,5,22,11,19,21
,,,,,,2022-06-06,,6,6,22,9,21,24
,,,,,,2022-06-07,,6,7,22,4,10,15
,,,,,,2022-06-08,,6,8,22,5,14,16
,,,,,,2022-06-09,,6,9,22,2,12,16
,,,,,,2022-06-10,,6,10,22,12,18,26
,,,,,,2022-06-11,,6,11,22,11,16,31
,,,,,,2022-06-12,,6,12,22,1,16,26
,,,,,,2022-06-13,,6,13,22,9,16,17
,,,,,,2022-06-14,,6,14,22,18,24,25
,,,,,,2022-06-15,,6,15,22,13,17,19
,,,,,,2022-06-16,,6,16,22,6,14,23
,,,,,,2022-06-17,,6,17,22,6,13,21
,,,,,,2022-06-18,,6,18,22,12,15,16
,,,,,,2022-06-19,,6,19,22,2,16,23
,,,,,,2022-06-20,,6,20,22,8,22,27
,,,,,,2022-06-21,,6,21,22,2,19,22
,,,,,,2022-06-22,,6,22,22,20,24,31
,,,,,,2022-06-23,,6,23,22,10,12,20
,,,,,,2022-06-24,,6,24,22,15,18,28
,,,,,,2022-06-25,,6,25,22,9,11,30
,,,,,,2022-06-26,,6,26,22,6,21,24
,,,,,,2022-06-27,,6,27,22,2,12,16
,,,,,,2022-06-28,,6,28,22,1,14,38
,,,,,,2022-06-29,,6,29,22,16,17,20
,,,,,,2022-06-30,,6,30,22,4,16,19
,,,,,,2022-07-01,,7,1,22,13,28,30
,,,,,,2022-07-02,,7,2,22,3,13,16
,,,,,,2022-07-03,,7,3,22,20,23,29
,,,,,,2022-07-04,,7,4,22,5,7,8
,,,,,,2022-07-05,,7,5,22,8,15,23
,,,,,,2022-07-06,,7,6,22,1,6,15
,,,,,,2022-07-07,,7,7,22,2,28,33
,,,,,,2022-07-08,,7,8,22,2,20,25
,,,,,,2022-07-09,,7,9,22,14,21,31
,,,,,,2022-07-10,,7,10,22,1,17,24
,,,,,,2022-07-11,,7,11,22,13,14,20
,,,,,,2022-07-12,,7,12,22,8,14,23
,,,,,,2022-07-13,,7,13,22,2,23,28
,,,,,,2022-07-14,,7,14,22,4,14,16
,,,,,,2022-07-15,,7,15,22,4,5,10
,,,,,,2022-07-16,,7,16,22,13,14,34
,,,,,,2022-07-17,,7,17,22,2,4,18
,,,,,,2022-07-18,,7,18,22,4,9,16
,,,,,,2022-07-19,,7,19,22,2,8,19
,,,,,,2022-07-20,,7,20,22,6,36,38
,,,,,,2022-07-21,,7,21,22,19,24,25
,,,,,,2022-07-22,,7,22,22,3,20,33
,,,,,,2022-07-23,,7,23,22,2,12,16
,,,,,,2022-07-24,,7,24,22,11,27,37
,,,,,,2022-07-25,,7,25,22,3,27,33
,,,,,,2022-07-26,,7,26,22,5,7,16
,,,,,,2022-07-27,,7,27,22,4,16,29
,,,,,,2022-07-28,,7,28,22,5,15,20
,,,,,,2022-07-29,,7,29,22,3,11,15
,,,,,,2022-07-30,,7,30,22,8,24,33
,,,,,,2022-07-31,,7,31,22,1,7,8
,,,,,,2022-08-01,,8,1,22,1,5,14
,,,,,,2022-08-02,,8,2,22,5,20,24
,,,,,,2022-08-03,,8,3,22,1,17,25
,,,,,,2022-08-04,,8,4,22,16,21,26
,,,,,,2022-08-05,,8,5,22,19,27,36
,,,,,,2022-08-06,,8,6,22,10,16,32
,,,,,,2022-08-07,,8,7,22,7,12,31
,,,,,,2022-08-08,,8,8,22,4,21,34
,,,,,,2022-08-09,,8,9,22,21,37,42
,,,,,,2022-08-10,,8,10,22,6,19,21
,,,,,,2022-08-11,,8,11,22,3,8,15
,,,,,,2022-08-12,,8,12,22,15,26,28
,,,,,,2022-08-13,,8,13,22,13,26,34
,,,,,,2022-08-14,,8,14,22,1,3,15
,,,,,,2022-08-15,,8,15,22,1,22,26
,,,,,,2022-08-16,,8,16,22,26,33,41
,,,,,,2022-08-17,,8,17,22,4,7,27
,,,,,,2022-08-18,,8,18,22,7,13,17
,,,,,,2022-08-19,,8,19,22,25,30,40
,,,,,,2022-08-20,,8,20,22,3,38,43
,,,,,,2022-08-21,,8,21,22,17,19,22
,,,,,,2022-08-22,,8,22,22,6,7,15
,,,,,,2022-08-23,,8,23,22,4,5,21
,,,,,,2022-08-24,,8,24,22,23,26,30
,,,,,,2022-08-25,,8,25,22,5,6,9
,,,,,,2022-08-26,,8,26,22,2,8,16
,,,,,,2022-08-27,,8,27,22,1,5,10
,,,,,,2022-08-28,,8,28,22,4,5,35
,,,,,,2022-08-29,,8,29,22,2,6,24
,,,,,,2022-08-30,,8,30,22,8,15,19
,,,,,,2022-08-31,,8,31,22,5,23,26
,,,,,,2022-09-01,,9,1,22,1,10,24
,,,,,,2022-09-02,,9,2,22,1,12,17
,,,,,,2022-09-03,,9,3,22,6,8,14
,,,,,,2022-09-04,,9,4,22,10,11,29
,,,,,,2022-09-05,,9,5,22,5,10,21
,,,,,,2022-09-06,,9,6,22,3,8,39
,,,,,,2022-09-07,,9,7,22,2,27,37
,,,,,,2022-09-08,,9,8,22,4,11,17
,,,,,,2022-09-09,,9,9,22,8,16,23
,,,,,,2022-09-10,,9,10,22,20,23,29
,,,,,,2022-09-11,,9,11,22,3,5,28
,,,,,,2022-09-12,,9,12,22,4,6,16
,,,,,,2022-09-13,,9,13,22,12,15,28
,,,,,,2022-09-14,,9,14,22,4,12,25
,,,,,,2022-09-15,,9,15,22,2,18,27
,,,,,,2022-09-16,,9,16,22,23,33,34
,,,,,,2022-09-17,,9,17,22,11,12,23
,,,,,,2022-09-18,,9,18,22,4,5,8
,,,,,,2022-09-19,,9,19,22,4,6,11
,,,,,,2022-09-20,,9,20,22,5,26,28
,,,,,,2022-09-21,,9,21,22,8,19,25
,,,,,,2022-09-22,,9,22,22,4,10,28
,,,,,,2022-09-23,,9,23,22,10,14,17
,,,,,,2022-09-24,,9,24,22,10,18,23
,,,,,,2022-09-25,,9,25,22,4,5,17
,,,,,,2022-09-26,,9,26,22,5,12,18
,,,,,,2022-09-27,,9,27,22,2,10,38
,,,,,,2022-09-28,,9,28,22,2,4,25
,,,,,,2022-09-29,,9,29,22,3,10,11
,,,,,,2022-09-30,,9,30,22,5,14,23
,,,,,,2022-10-01,,10,1,22,11,24,29
,,,,,,2022-10-02,,10,2,22,1,3,10
,,,,,,2022-10-03,,10,3,22,2,9,27
,,,,,,2022-10-04,,10,4,22,21,25,32
,,,,,,2022-10-05,,10,5,22,1,14,32
,,,,,,2022-10-06,,10,6,22,8,13,17
,,,,,,2022-10-07,,10,7,22,7,9,13
,,,,,,2022-10-08,,10,8,22,6,18,33
,,,,,,2022-10-09,,10,9,22,18,24,25
,,,,,,2022-10-10,,10,10,22,15,16,20
,,,,,,2022-10-11,,10,11,22,11,14,20
,,,,,,2022-10-12,,10,12,22,10,14,15
,,,,,,2022-10-13,,10,13,22,9,17,27
,,,,,,2022-10-14,,10,14,22,8,13,26
,,,,,,2022-10-15,,10,15,22,8,15,25
,,,,,,2022-10-16,,10,16,22,6,14,15
,,,,,,2022-10-17,,10,17,22,12,19,24
,,,,,,2022-10-18,,10,18,22,2,18,28
,,,,,,2022-10-19,,10,19,22,1,6,26
,,,,,,2022-10-20,,10,20,22,3,27,33
,,,,,,2022-10-21,,10,21,22,14,20,27
,,,,,,2022-10-22,,10,22,22,1,10,32
,,,,,,2022-10-23,,10,23,22,33,42,44
,,,,,,2022-10-24,,10,24,22,1,5,9
,,,,,,2022-10-25,,10,25,22,17,30,40
,,,,,,2022-10-26,,10,26,22,18,21,22
,,,,,,2022-10-27,,10,27,22,15,28,29
,,,,,,2022-10-28,,10,28,22,14,18,22
,,,,,,2022-10-29,,10,29,22,11,12,39
,,,,,,2022-10-30,,10,30,22,25,27,28
,,,,,,2022-10-31,,10,31,22,3,13,16
,,,,,,2022-11-01,,11,1,22,1,6,10
,,,,,,2022-11-02,,11,2,22,6,10,16
,,,,,,2022-11-03,,11,3,22,14,19,26
,,,,,,2022-11-04,,11,4,22,7,14,15
,,,,,,2022-11-05,,11,5,22,8,18,20
,,,,,,2022-11-06,,11,6,22,1,7,17
,,,,,,2022-11-07,,11,7,22,11,12,15
,,,,,,2022-11-08,,11,8,22,15,17,33
,,,,,,2022-11-09,,11,9,22,3,5,9
,,,,,,2022-11-10,,11,10,22,12,30,34
,,,,,,2022-11-11,,11,11,22,2,23,29
,,,,,,2022-11-12,,11,12,22,2,12,26
,,,,,,2022-11-13,,11,13,22,20,21,24
,,,,,,2022-11-14,,11,14,22,4,15,19
,,,,,,2022-11-15,,11,15,22,17,28,33
,,,,,,2022-11-16,,11,16,22,1,16,21
,,,,,,2022-11-17,,11,17,22,13,14,22
,,,,,,2022-11-18,,11,18,22,20,24,26
,,,,,,2022-11-19,,11,19,22,1,21,34
,,,,,,2022-11-20,,11,20,22,19,24,35
,,,,,,2022-11-21,,11,21,22,1,2,5
,,,,,,2022-11-22,,11,22,22,8,11,13
,,,,,,2022-11-23,,11,23,22,20,21,24
,,,,,,2022-11-24,,11,24,22,12,15,22
,,,,,,2022-11-25,,11,25,22,1,6,23
,,,,,,2022-11-26,,11,26,22,5,12,18
,,,,,,2022-11-27,,11,27,22,2,25,27
,,,,,,2022-11-28,,11,28,22,17,21,35
,,,,,,2022-11-29,,11,29,22,17,18,26
,,,,,,2022-11-30,,11,30,22,5,6,11
,,,,,,2022-12-01,,12,1,22,4,10,27
,,,,,,2022-12-02,,12,2,22,4,8,20
,,,,,,2022-12-03,,12,3,22,1,7,13
,,,,,,2022-12-04,,12,4,22,4,8,22
,,,,,,2022-12-05,,12,5,22,15,19,20
,,,,,,2022-12-06,,12,6,22,11,16,22
,,,,,,2022-12-07,,12,7,22,2,23,32
,,,,,,2022-12-08,,12,8,22,2,4,14
,,,,,,2022-12-09,,12,9,22,4,23,31
,,,,,,2022-12-10,,12,10,22,2,16,30
,,,,,,2022-12-11,,12,11,22,4,15,28
,,,,,,2022-12-12,,12,12,22,13,15,29
,,,,,,2022-12-13,,12,13,22,4,5,10
,,,,,,2022-12-14,,12,14,22,2,4,6
,,,,,,2022-12-15,,12,15,22,2,10,19
,,,,,,2022-12-16,,12,16,22,1,22,30
,,,,,,2022-12-17,,12,17,22,8,12,36
,,,,,,2022-12-18,,12,18,22,11,19,20
,,,,,,2022-12-19,,12,19,22,10,12,23
,,,,,,2022-12-20,,12,20,22,22,23,26
,,,,,,2022-12-21,,12,21,22,1,5,21
,,,,,,2022-12-22,,12,22,22,8,16,24
,,,,,,2022-12-23,,12,23,22,5,12,30
,,,,,,2022-12-24,,12,24,22,4,7,15
,,,,,,2022-12-25,,12,25,22,9,25,34
,,,,,,2022-12-26,,12,26,22,17,18,22
,,,,,,2022-12-27,,12,27,22,9,19,35
,,,,,,2022-12-28,,12,28,22,7,10,14
,,,,,,2022-12-29,,12,29,22,7,9,11
,,,,,,2022-12-30,,12,30,22,8,13,35
,,,,,,2022-12-31,,12,31,22,2,5,37
,,,,,,2023-01-01,,1,1,23,1,4,7
,,,,,,2023-01-02,,1,2,23,4,12,15
,,,,,,2023-01-03,,1,3,23,14,24,34
,,,,,,2023-01-04,,1,4,23,2,5,11
,,,,,,2023-01-05,,1,5,23,7,15,23
,,,,,,2023-01-06,,1,6,23,7,18,24
,,,,,,2023-01-07,,1,7,23,4,5,13
,,,,,,2023-01-08,,1,8,23,6,18,32
,,,,,,2023-01-09,,1,9,23,3,5,24
,,,,,,2023-01-10,,1,10,23,7,15,29
,,,,,,2023-01-11,,1,11,23,24,39,41
,,,,,,2023-01-12,,1,12,23,3,12,17
,,,,,,2023-01-13,,1,13,23,3,17,21
,,,,,,2023-01-14,,1,14,23,4,7,16
,,,,,,2023-01-15,,1,15,23,5,8,13
,,,,,,2023-01-16,,1,16,23,11,17,25
,,,,,,2023-01-17,,1,17,23,3,4,25
,,,,,,2023-01-18,,1,18,23,12,27,35
,,,,,,2023-01-19,,1,19,23,6,8,12
,,,,,,2023-01-20,,1,20,23,2,10,28
,,,,,,2023-01-21,,1,21,23,6,10,11
,,,,,,2023-01-22,,1,22,23,7,9,13
,,,,,,2023-01-23,,1,23,23,1,2,26
,,,,,,2023-01-24,,1,24,23,1,25,28
,,,,,,2023-01-25,,1,25,23,19,22,29
,,,,,,2023-01-26,,1,26,23,15,17,26
,,,,,,2023-01-27,,1,27,23,4,5,7
,,,,,,2023-01-28,,1,28,23,2,5,35
,,,,,,2023-01-29,,1,29,23,15,16,21
,,,,,,2023-01-30,,1,30,23,9,16,34
,,,,,,2023-01-31,,1,31,23,2,3,10
,,,,,,2023-02-01,,2,1,23,11,19,31
,,,,,,2023-02-02,,2,2,23,10,17,22
,,,,,,2023-02-03,,2,3,23,2,20,31
,,,,,,2023-02-04,,2,4,23,14,24,30
,,,,,,2023-02-05,,2,5,23,2,16,23
,,,,,,2023-02-06,,2,6,23,1,5,15
,,,,,,2023-02-07,,2,7,23,3,7,18
,,,,,,2023-02-08,,2,8,23,2,10,32
,,,,,,2023-02-09,,2,9,23,17,33,35
,,,,,,2023-02-10,,2,10,23,10,11,12
,,,,,,2023-02-11,,2,11,23,1,12,13
,,,,,,2023-02-12,,2,12,23,8,9,21
,,,,,,2023-02-13,,2,13,23,1,8,15
,,,,,,2023-02-14,,2,14,23,7,21,27
,,,,,,2023-02-15,,2,15,23,9,16,28
,,,,,,2023-02-16,,2,16,23,6,11,40
,,,,,,2023-02-17,,2,17,23,24,33,36
,,,,,,2023-02-18,,2,18,23,9,10,22
,,,,,,2023-02-19,,2,19,23,8,16,31
,,,,,,2023-02-20,,2,20,23,8,12,41
,,,,,,2023-02-21,,2,21,23,19,22,35
,,,,,,2023-02-22,,2,22,23,7,26,37
,,,,,,2023-02-23,,2,23,23,1,7,20
,,,,,,2023-02-24,,2,24,23,17,22,24
,,,,,,2023-02-25,,2,25,23,26,28,38
,,,,,,2023-02-26,,2,26,23,5,9,18
,,,,,,2023-02-27,,2,27,23,2,3,17
,,,,,,2023-02-28,,2,28,23,1,20,32
,,,,,,2023-03-01,,3,1,23,6,11,19
,,,,,,2023-03-02,,3,2,23,10,13,33
,,,,,,2023-03-03,,3,3,23,9,12,35
,,,,,,2023-03-04,,3,4,23,4,7,15
,,,,,,2023-03-05,,3,5,23,1,7,10
,,,,,,2023-03-06,,3,6,23,3,7,24
,,,,,,2023-03-07,,3,7,23,10,28,30
,,,,,,2023-03-08,,3,8,23,1,16,31
,,,,,,2023-03-09,,3,9,23,28,39,43
,,,,,,2023-03-10,,3,10,23,11,14,24
,,,,,,2023-03-11,,3,11,23,3,7,10
,,,,,,2023-03-12,,3,12,23,9,27,32
,,,,,,2023-03-13,,3,13,23,3,9,20
,,,,,,2023-03-14,,3,14,23,2,3,14
,,,,,,2023-03-15,,3,15,23,16,20,21
,,,,,,2023-03-16,,3,16,23,5,22,28
,,,,,,2023-03-17,,3,17,23,26,29,35
,,,,,,2023-03-18,,3,18,23,8,18,19
,,,,,,2023-03-19,,3,19,23,23,27,30
,,,,,,2023-03-20,,3,20,23,1,6,12
,,,,,,2023-03-21,,3,21,23,7,25,36
,,,,,,2023-03-22,,3,22,23,7,19,30
,,,,,,2023-03-23,,3,23,23,3,7,24
,,,,,,2023-03-24,,3,24,23,1,8,30
,,,,,,2023-03-25,,3,25,23,9,11,20
,,,,,,2023-03-26,,3,26,23,20,30,33
,,,,,,2023-03-27,,3,27,23,13,24,26
,,,,,,2023-03-28,,3,28,23,7,9,16
,,,,,,2023-03-29,,3,29,23,17,22,29
,,,,,,2023-03-30,,3,30,23,10,27,34
,,,,,,2023-03-31,,3,31,23,16,19,28
,,,,,,2023-04-01,,4,1,23,1,12,25
,,,,,,2023-04-02,,4,2,23,3,6,18
,,,,,,2023-04-03,,4,3,23,2,13,21
,,,,,,2023-04-04,,4,4,23,10,13,20
,,,,,,2023-04-05,,4,5,23,6,13,17
,,,,,,2023-04-06,,4,6,23,3,10,17
,,,,,,2023-04-07,,4,7,23,21,25,31
,,,,,,2023-04-08,,4,8,23,1,16,18
,,,,,,2023-04-09,,4,9,23,12,15,28
,,,,,,2023-04-10,,4,10,23,3,5,6
,,,,,,2023-04-11,,4,11,23,1,5,9
,,,,,,2023-04-12,,4,12,23,12,17,21
,,,,,,2023-04-13,,4,13,23,4,11,19
,,,,,,2023-04-14,,4,14,23,3,15,38
,,,,,,2023-04-15,,4,15,23,6,10,22
,,,,,,2023-04-16,,4,16,23,6,21,29
,,,,,,2023-04-17,,4,17,23,3,6,12
,,,,,,2023-04-18,,4,18,23,15,19,22
,,,,,,2023-04-19,,4,19,23,2,3,18
,,,,,,2023-04-20,,4,20,23,1,5,18
,,,,,,2023-04-21,,4,21,23,4,7,8
,,,,,,2023-04-22,,4,22,23,5,18,38
,,,,,,2023-04-23,,4,23,23,16,21,31
,,,,,,2023-04-24,,4,24,23,17,18,21
,,,,,,2023-04-25,,4,25,23,17,28,33
,,,,,,2023-04-26,,4,26,23,20,26,28
,,,,,,2023-04-27,,4,27,23,6,11,12
,,,,,,2023-04-28,,4,28,23,9,31,32
,,,,,,2023-04-29,,4,29,23,17,19,34
,,,,,,2023-04-30,,4,30,23,8,11,30
,,,,,,2023-05-01,,5,1,23,7,10,14
,,,,,,2023-05-02,,5,2,23,29,30,34
,,,,,,2023-05-03,,5,3,23,4,8,12
,,,,,,2023-05-04,,5,4,23,8,9,13
,,,,,,2023-05-05,,5,5,23,6,9,28
,,,,,,2023-05-06,,5,6,23,24,32,35
,,,,,,2023-05-07,,5,7,23,3,6,7
,,,,,,2023-05-08,,5,8,23,3,15,31
,,,,,,2023-05-09,,5,9,23,6,12,15
,,,,,,2023-05-10,,5,10,23,8,9,35
,,,,,,2023-05-11,,5,11,23,10,16,34
,,,,,,2023-05-12,,5,12,23,1,2,13
,,,,,,2023-05-13,,5,13,23,10,12,16
,,,,,,2023-05-14,,5,14,23,5,10,28
,,,,,,2023-05-15,,5,15,23,1,13,17
,,,,,,2023-05-16,,5,16,23,1,14,18
,,,,,,2023-05-17,,5,17,23,15,22,28
,,,,,,2023-05-18,,5,18,23,10,16,23
,,,,,,2023-05-19,,5,19,23,1,10,28
,,,,,,2023-05-20,,5,20,23,13,23,30
,,,,,,2023-05-21,,5,21,23,9,11,18
,,,,,,2023-05-22,,5,22,23,17,25,37
,,,,,,2023-05-23,,5,23,23,16,22,24
,,,,,,2023-05-24,,5,24,23,1,25,26
,,,,,,2023-05-25,,5,25,23,10,20,30
,,,,,,2023-05-26,,5,26,23,2,12,27
,,,,,,2023-05-27,,5,27,23,1,3,12
,,,,,,2023-05-28,,5,28,23,2,10,21
,,,,,,2023-05-29,,5,29,23,14,17,32
,,,,,,2023-05-30,,5,30,23,25,28,35
,,,,,,2023-05-31,,5,31,23,10,19,43
,,,,,,2023-06-01,,6,1,23,2,15,17
,,,,,,2023-06-02,,6,2,23,17,22,26
,,,,,,2023-06-03,,6,3,23,16,19,20
,,,,,,2023-06-04,,6,4,23,13,15,20
,,,,,,2023-06-05,,6,5,23,15,20,23
,,,,,,2023-06-06,,6,6,23,3,35,38
,,,,,,2023-06-07,,6,7,23,1,5,18
,,,,,,2023-06-08,,6,8,23,12,32,38
,,,,,,2023-06-09,,6,9,23,3,15,17
,,,,,,2023-06-10,,6,10,23,2,17,19
,,,,,,2023-06-11,,6,11,23,14,23,24
,,,,,,2023-06-12,,6,12,23,9,26,27
,,,,,,2023-06-13,,6,13,23,3,10,11
,,,,,,2023-06-14,,6,14,23,6,16,28
,,,,,,2023-06-15,,6,15,23,6,7,26
,,,,,,2023-06-16,,6,16,23,2,6,34
,,,,,,2023-06-17,,6,17,23,14,29,30
,,,,,,2023-06-18,,6,18,23,6,12,14
,,,,,,2023-06-19,,6,19,23,15,17,22
,,,,,,2023-06-20,,6,20,23,10,17,26
,,,,,,2023-06-21,,6,21,23,2,5,28
,,,,,,2023-06-22,,6,22,23,11,13,34
,,,,,,2023-06-23,,6,23,23,15,23,27
,,,,,,2023-06-24,,6,24,23,2,23,29
,,,,,,2023-06-25,,6,25,23,16,17,18
,,,,,,2023-06-26,,6,26,23,1,8,24
,,,,,,2023-06-27,,6,27,23,1,15,20
,,,,,,2023-06-28,,6,28,23,14,27,38
,,,,,,2023-06-29,,6,29,23,5,24,28
,,,,,,2023-06-30,,6,30,23,1,34,42
,,,,,,2023-07-01,,7,1,23,3,26,27
,,,,,,2023-07-02,,7,2,23,1,16,17
,,,,,,2023-07-03,,7,3,23,12,14,25
,,,,,,2023-07-04,,7,4,23,3,6,21
,,,,,,2023-07-05,,7,5,23,8,16,26
,,,,,,2023-07-06,,7,6,23,5,7,11
,,,,,,2023-07-07,,7,7,23,2,3,15
,,,,,,2023-07-08,,7,8,23,17,30,33
,,,,,,2023-07-09,,7,9,23,6,8,18
,,,,,,2023-07-10,,7,10,23,6,15,32
,,,,,,2023-07-11,,7,11,23,3,21,24
,,,,,,2023-07-12,,7,12,23,15,16,18
,,,,,,2023-07-13,,7,13,23,19,20,21
,,,,,,2023-07-14,,7,14,23,6,8,16
,,,,,,2023-07-15,,7,15,23,6,9,20
,,,,,,2023-07-16,,7,16,23,3,9,44
,,,,,,2023-07-17,,7,17,23,2,4,17
,,,,,,2023-07-18,,7,18,23,4,20,21
,,,,,,2023-07-19,,7,19,23,12,16,28
,,,,,,2023-07-20,,7,20,23,12,27,31
,,,,,,2023-07-21,,7,21,23,1,13,28
,,,,,,2023-07-22,,7,22,23,15,22,23
,,,,,,2023-07-23,,7,23,23,8,12,17
,,,,,,2023-07-24,,7,24,23,3,17,31
,,,,,,2023-07-25,,7,25,23,2,3,6
,,,,,,2023-07-26,,7,26,23,4,15,32
,,,,,,2023-07-27,,7,27,23,19,25,32
,,,,,,2023-07-28,,7,28,23,2,3,7
,,,,,,2023-07-29,,7,29,23,9,14,23
,,,,,,2023-07-30,,7,30,23,5,9,19
,,,,,,2023-07-31,,7,31,23,8,26,28
,,,,,,2023-08-01,,8,1,23,13,33,40
,,,,,,2023-08-02,,8,2,23,4,15,31
,,,,,,2023-08-03,,8,3,23,5,18,19
,,,,,,2023-08-04,,8,4,23,3,16,18
,,,,,,2023-08-05,,8,5,23,18,24,27
,,,,,,2023-08-06,,8,6,23,4,6,22
,,,,,,2023-08-07,,8,7,23,4,8,12
,,,,,,2023-08-08,,8,8,23,9,11,19
,,,,,,2023-08-09,,8,9,23,13,19,26
,,,,,,2023-08-10,,8,10,23,8,15,23
,,,,,,2023-08-11,,8,11,23,5,8,26
,,,,,,2023-08-12,,8,12,23,11,25,29
,,,,,,2023-08-13,,8,13,23,3,6,12
,,,,,,2023-08-14,,8,14,23,6,25,37
,,,,,,2023-08-15,,8,15,23,1,21,23
,,,,,,2023-08-16,,8,16,23,13,19,25
,,,,,,2023-08-17,,8,17,23,5,14,17
,,,,,,2023-08-18,,8,18,23,7,8,25
,,,,,,2023-08-19,,8,19,23,7,16,34
,,,,,,2023-08-20,,8,20,23,2,18,34
,,,,,,2023-08-21,,8,21,23,2,12,15
,,,,,,2023-08-22,,8,22,23,5,14,15
,,,,,,2023-08-23,,8,23,23,5,21,29
,,,,,,2023-08-24,,8,24,23,5,30,35
,,,,,,2023-08-25,,8,25,23,4,6,26
,,,,,,2023-08-26,,8,26,23,10,13,24
,,,,,,2023-08-27,,8,27,23,38,41,42
,,,,,,2023-08-28,,8,28,23,5,19,26
,,,,,,2023-08-29,,8,29,23,9,24,32
,,,,,,2023-08-30,,8,30,23,6,8,14
,,,,,,2023-08-31,,8,31,23,1,27,30
,,,,,,2023-09-01,,9,1,23,18,22,34
,,,,,,2023-09-02,,9,2,23,14,19,37
,,,,,,2023-09-03,,9,3,23,9,22,26
,,,,,,2023-09-04,,9,4,23,2,4,8
,,,,,,2023-09-05,,9,5,23,3,23,24
,,,,,,2023-09-06,,9,6,23,6,8,9
,,,,,,2023-09-07,,9,7,23,12,34,38
,,,,,,2023-09-08,,9,8,23,1,3,13
,,,,,,2023-09-09,,9,9,23,11,16,27
,,,,,,2023-09-10,,9,10,23,9,16,19
,,,,,,2023-09-11,,9,11,23,7,16,22
,,,,,,2023-09-12,,9,12,23,3,11,13
,,,,,,2023-09-13,,9,13,23,2,8,30
,,,,,,2023-09-14,,9,14,23,9,19,23
,,,,,,2023-09-15,,9,15,23,2,3,24
,,,,,,2023-09-16,,9,16,23,8,20,32
,,,,,,2023-09-17,,9,17,23,11,15,17
,,,,,,2023-09-18,,9,18,23,2,22,28
,,,,,,2023-09-19,,9,19,23,1,3,10
,,,,,,2023-09-20,,9,20,23,8,9,20
,,,,,,2023-09-21,,9,21,23,8,12,29
,,,,,,2023-09-22,,9,22,23,8,30,31
,,,,,,2023-09-23,,9,23,23,15,18,30
,,,,,,2023-09-24,,9,24,23,6,25,26
,,,,,,2023-09-25,,9,25,23,2,7,9
,,,,,,2023-09-26,,9,26,23,12,14,16
,,,,,,2023-09-27,,9,27,23,15,26,31
,,,,,,2023-09-28,,9,28,23,16,19,25
,,,,,,2023-09-29,,9,29,23,12,20,21
,,,,,,2023-09-30,,9,30,23,23,26,38
,,,,,,2023-10-01,,10,1,23,11,13,24
,,,,,,2023-10-02,,10,2,23,9,10,21
,,,,,,2023-10-03,,10,3,23,3,11,16
,,,,,,2023-10-04,,10,4,23,11,25,28
,,,,,,2023-10-05,,10,5,23,15,23,30
,,,,,,2023-10-06,,10,6,23,7,28,33
,,,,,,2023-10-07,,10,7,23,10,18,21
,,,,,,2023-10-08,,10,8,23,1,3,4
,,,,,,2023-10-09,,10,9,23,9,13,17
,,,,,,2023-10-10,,10,10,23,3,6,19
,,,,,,2023-10-11,,10,11,23,23,25,26
,,,,,,2023-10-12,,10,12,23,11,15,22
,,,,,,2023-10-13,,10,13,23,8,14,19
,,,,,,2023-10-14,,10,14,23,19,22,23
,,,,,,2023-10-15,,10,15,23,4,10,14
,,,,,,2023-10-16,,10,16,23,9,15,17
,,,,,,2023-10-17,,10,17,23,2,14,15
,,,,,,2023-10-18,,10,18,23,14,24,28
,,,,,,2023-10-19,,10,19,23,12,30,31
,,,,,,2023-10-20,,10,20,23,2,8,37
,,,,,,2023-10-21,,10,21,23,2,6,24
,,,,,,2023-10-22,,10,22,23,24,30,41
,,,,,,2023-10-23,,10,23,23,11,13,15
,,,,,,2023-10-24,,10,24,23,2,16,21
,,,,,,2023-10-25,,10,25,23,1,19,31
,,,,,,2023-10-26,,10,26,23,9,24,34
,,,,,,2023-10-27,,10,27,23,8,13,15
,,,,,,2023-10-28,,10,28,23,2,13,19
,,,,,,2023-10-29,,10,29,23,17,25,35
,,,,,,2023-10-30,,10,30,23,3,6,12
,,,,,,2023-10-31,,10,31,23,28,31,33
,,,,,,2023-11-01,,11,1,23,16,18,32
,,,,,,2023-11-02,,11,2,23,10,14,17
,,,,,,2023-11-03,,11,3,23,11,16,30
,,,,,,2023-11-04,,11,4,23,10,12,20
,,,,,,2023-11-05,,11,5,23,1,13,32
,,,,,,2023-11-06,,11,6,23,9,11,12
,,,,,,2023-11-07,,11,7,23,1,12,20
,,,,,,2023-11-08,,11,8,23,11,25,27
,,,,,,2023-11-09,,11,9,23,2,15,22
,,,,,,2023-11-10,,11,10,23,6,18,28
,,,,,,2023-11-11,,11,11,23,10,24,27
,,,,,,2023-11-12,,11,12,23,2,13,27
,,,,,,2023-11-13,,11,13,23,8,10,30
,,,,,,2023-11-14,,11,14,23,20,35,36
,,,,,,2023-11-15,,11,15,23,5,6,15
,,,,,,2023-11-16,,11,16,23,11,22,25
,,,,,,2023-11-17,,11,17,23,5,8,27
,,,,,,2023-11-18,,11,18,23,1,2,3
,,,,,,2023-11-19,,11,19,23,11,14,29
,,,,,,2023-11-20,,11,20,23,5,12,16
,,,,,,2023-11-21,,11,21,23,23,30,36
,,,,,,2023-11-22,,11,22,23,7,31,35
,,,,,,2023-11-23,,11,23,23,7,25,33
,,,,,,2023-11-24,,11,24,23,3,12,15
,,,,,,2023-11-25,,11,25,23,3,6,9
,,,,,,2023-11-26,,11,26,23,5,30,31
,,,,,,2023-11-27,,11,27,23,6,20,22
,,,,,,2023-11-28,,11,28,23,9,15,18
,,,,,,2023-11-29,,11,29,23,16,33,38
,,,,,,2023-11-30,,11,30,23,7,12,28
,,,,,,2023-12-01,,12,1,23,15,33,34
,,,,,,2023-12-02,,12,2,23,3,6,17
,,,,,,2023-12-03,,12,3,23,11,15,28
,,,,,,2023-12-04,,12,4,23,1,16,22
,,,,,,2023-12-05,,12,5,23,11,12,21
,,,,,,2023-12-06,,12,6,23,4,9,15
,,,,,,2023-12-07,,12,7,23,3,11,17
,,,,,,2023-12-08,,12,8,23,26,28,31
,,,,,,2023-12-09,,12,9,23,1,6,19
,,,,,,2023-12-10,,12,10,23,11,19,20
,,,,,,2023-12-11,,12,11,23,13,14,19
,,,,,,2023-12-12,,12,12,23,28,30,31
,,,,,,2023-12-13,,12,13,23,8,35,37
,,,,,,2023-12-14,,12,14,23,11,18,41
,,,,,,2023-12-15,,12,15,23,5,16,20
,,,,,,2023-12-16,,12,16,23,12,17,27
,,,,,,2023-12-17,,12,17,23,6,14,21
,,,,,,2023-12-18,,12,18,23,9,11,17
,,,,,,2023-12-19,,12,19,23,7,10,23
,,,,,,2023-12-20,,12,20,23,1,11,19
,,,,,,2023-12-21,,12,21,23,8,10,20
,,,,,,2023-12-22,,12,22,23,12,13,22
,,,,,,2023-12-23,,12,23,23,3,9,11
,,,,,,2023-12-24,,12,24,23,2,18,22
,,,,,,2023-12-25,,12,25,23,4,15,27
,,,,,,2023-12-26,,12,26,23,8,26,27
,,,,,,2023-12-27,,12,27,23,8,12,36
,,,,,,2023-12-28,,12,28,23,12,18,31
,,,,,,2023-12-29,,12,29,23,11,17,21
,,,,,,2023-12-30,,12,30,23,6,13,17
,,,,,,2023-12-31,,12,31,23,3,10,31
,,,,,,2024-01-01,,1,1,24,6,7,15
,,,,,,2024-01-02,,1,2,24,10,24,40
,,,,,,2024-01-03,,1,3,24,3,17,21
,,,,,,2024-01-04,,1,4,24,10,15,30
,,,,,,2024-01-05,,1,5,24,15,21,29
,,,,,,2024-01-06,,1,6,24,8,15,20
,,,,,,2024-01-07,,1,7,24,6,9,19
,,,,,,2024-01-08,,1,8,24,9,19,25
,,,,,,2024-01-09,,1,9,24,5,29,30
,,,,,,2024-01-10,,1,10,24,2,3,15
,,,,,,2024-01-11,,1,11,24,9,10,21
,,,,,,2024-01-12,,1,12,24,4,6,14
,,,,,,2024-01-13,,1,13,24,3,25,32
,,,,,,2024-01-14,,1,14,24,20,28,33
,,,,,,2024-01-15,,1,15,24,3,12,14
,,,,,,2024-01-16,,1,16,24,8,13,21
,,,,,,2024-01-17,,1,17,24,3,13,16
,,,,,,2024-01-18,,1,18,24,20,23,24
,,,,,,2024-01-19,,1,19,24,17,30,33
,,,,,,2024-01-20,,1,20,24,9,10,18
,,,,,,2024-01-21,,1,21,24,11,14,16
,,,,,,2024-01-22,,1,22,24,7,26,30
,,,,,,2024-01-23,,1,23,24,5,8,11
,,,,,,2024-01-24,,1,24,24,2,3,13
,,,,,,2024-01-25,,1,25,24,2,14,35
,,,,,,2024-01-26,,1,26,24,2,4,13
,,,,,,2024-01-27,,1,27,24,9,34,36
,,,,,,2024-01-28,,1,28,24,4,11,23
,,,,,,2024-01-29,,1,29,24,14,16,28
,,,,,,2024-01-30,,1,30,24,1,10,23
,,,,,,2024-01-31,,1,31,24,2,28,38
,,,,,,2024-02-01,,2,1,24,16,21,23
,,,,,,2024-02-02,,2,2,24,1,12,24
,,,,,,2024-02-03,,2,3,24,8,9,18
,,,,,,2024-02-04,,2,4,24,10,16,27
,,,,,,2024-02-05,,2,5,24,7,26,39
,,,,,,2024-02-06,,2,6,24,16,32,34
,,,,,,2024-02-07,,2,7,24,14,23,45
,,,,,,2024-02-08,,2,8,24,7,29,31
,,,,,,2024-02-09,,2,9,24,8,12,18
,,,,,,2024-02-10,,2,10,24,13,15,27
,,,,,,2024-02-11,,2,11,24,1,2,11
,,,,,,2024-02-12,,2,12,24,3,12,18
,,,,,,2024-02-13,,2,13,24,5,11,35
,,,,,,2024-02-14,,2,14,24,4,7,39
,,,,,,2024-02-15,,2,15,24,17,41,42
,,,,,,2024-02-16,,2,16,24,4,12,15
,,,,,,2024-02-17,,2,17,24,21,31,36
,,,,,,2024-02-18,,2,18,24,18,31,42
,,,,,,2024-02-19,,2,19,24,7,19,31
,,,,,,2024-02-20,,2,20,24,5,7,13
,,,,,,2024-02-21,,2,21,24,20,21,29
,,,,,,2024-02-22,,2,22,24,2,4,6
,,,,,,2024-02-23,,2,23,24,7,11,30
,,,,,,2024-02-24,,2,24,24,14,21,28
,,,,,,2024-02-25,,2,25,24,3,13,14
,,,,,,2024-02-26,,2,26,24,1,7,17
,,,,,,2024-02-27,,2,27,24,10,16,28
,,,,,,2024-02-28,,2,28,24,2,9,19
,,,,,,2024-02-29,,2,29,24,15,21,37
,,,,,,2024-03-01,,3,1,24,1,7,29
,,,,,,2024-03-02,,3,2,24,1,4,19
,,,,,,2024-03-03,,3,3,24,3,18,20
,,,,,,2024-03-04,,3,4,24,3,9,17
,,,,,,2024-03-05,,3,5,24,7,17,22
,,,,,,2024-03-06,,3,6,24,13,24,28
,,,,,,2024-03-07,,3,7,24,14,17,28
,,,,,,2024-03-08,,3,8,24,24,32,36
,,,,,,2024-03-09,,3,9,24,12,19,22
,,,,,,2024-03-10,,3,10,24,1,6,26
,,,,,,2024-03-11,,3,11,24,24,26,31
,,,,,,2024-03-12,,3,12,24,3,13,24
,,,,,,2024-03-13,,3,13,24,27,43,44
,,,,,,2024-03-14,,3,14,24,7,24,27
,,,,,,2024-03-15,,3,15,24,13,16,18
,,,,,,2024-03-16,,3,16,24,1,6,19
,,,,,,2024-03-17,,3,17,24,1,15,20
,,,,,,2024-03-18,,3,18,24,8,20,35
,,,,,,2024-03-19,,3,19,24,2,5,19
,,,,,,2024-03-20,,3,20,24,23,30,33
,,,,,,2024-03-21,,3,21,24,10,11,32
,,,,,,2024-03-22,,3,22,24,18,27,34
,,,,,,2024-03-23,,3,23,24,1,3,8
,,,,,,2024-03-24,,3,24,24,5,19,30
,,,,,,2024-03-25,,3,25,24,1,4,31
,,,,,,2024-03-26,,3,26,24,18,25,34
,,,,,,2024-03-27,,3,27,24,3,10,16
,,,,,,2024-03-28,,3,28,24,9,15,29
,,,,,,2024-03-29,,3,29,24,8,13,14
,,,,,,2024-03-30,,3,30,24,17,29,36
,,,,,,2024-03-31,,3,31,24,1,4,13
,,,,,,2024-04-01,,4,1,24,2,11,29
,,,,,,2024-04-02,,4,2,24,6,8,17
,,,,,,2024-04-03,,4,3,24,30,36,41
,,,,,,2024-04-04,,4,4,24,5,24,26
,,,,,,2024-04-05,,4,5,24,3,7,17
,,,,,,2024-04-06,,4,6,24,4,13,19
,,,,,,2024-04-07,,4,7,24,2,6,11
,,,,,,2024-04-08,,4,8,24,4,7,33
,,,,,,2024-04-09,,4,9,24,1,11,12
,,,,,,2024-04-10,,4,10,24,2,4,7
,,,,,,2024-04-11,,4,11,24,4,10,27
,,,,,,2024-04-12,,4,12,24,1,19,20
,,,,,,2024-04-13,,4,13,24,15,20,34
,,,,,,2024-04-14,,4,14,24,6,20,30
,,,,,,2024-04-15,,4,15,24,11,24,25
,,,,,,2024-04-16,,4,16,24,20,22,28
,,,,,,2024-04-17,,4,17,24,6,9,19
,,,,,,2024-04-18,,4,18,24,4,10,16
,,,,,,2024-04-19,,4,19,24,5,8,24
,,,,,,2024-04-20,,4,20,24,17,23,28
,,,,,,2024-04-21,,4,21,24,23,24,31
,,,,,,2024-04-22,,4,22,24,33,36,39
,,,,,,2024-04-23,,4,23,24,11,31,32
,,,,,,2024-04-24,,4,24,24,4,40,41
,,,,,,2024-04-25,,4,25,24,3,9,21
,,,,,,2024-04-26,,4,26,24,11,15,27
,,,,,,2024-04-27,,4,27,24,16,22,26
,,,,,,2024-04-28,,4,28,24,4,25,32
,,,,,,2024-04-29,,4,29,24,12,14,16
,,,,,,2024-04-30,,4,30,24,7,8,19
,,,,,,2024-05-01,,5,1,24,2,9,19
,,,,,,2024-05-02,,5,2,24,7,14,16
,,,,,,2024-05-03,,5,3,24,15,19,32
,,,,,,2024-05-04,,5,4,24,1,4,5
,,,,,,2024-05-05,,5,5,24,1,6,10
,,,,,,2024-05-06,,5,6,24,10,32,35
,,,,,,2024-05-07,,5,7,24,9,21,22
,,,,,,2024-05-08,,5,8,24,17,30,31
,,,,,,2024-05-09,,5,9,24,3,6,7
,,,,,,2024-05-10,,5,10,24,24,30,32
,,,,,,2024-05-11,,5,11,24,3,9,20
,,,,,,2024-05-12,,5,12,24,8,14,26
,,,,,,2024-05-13,,5,13,24,13,16,20
,,,,,,2024-05-14,,5,14,24,9,27,43
,,,,,,2024-05-15,,5,15,24,12,18,24
,,,,,,2024-05-16,,5,16,24,12,19,34
,,,,,,2024-05-17,,5,17,24,2,22,31
,,,,,,2024-05-18,,5,18,24,18,21,34
,,,,,,2024-05-19,,5,19,24,6,16,32
,,,,,,2024-05-20,,5,20,24,12,15,19
,,,,,,2024-05-21,,5,21,24,5,13,24
,,,,,,2024-05-22,,5,22,24,5,8,15
,,,,,,2024-05-23,,5,23,24,4,8,9
,,,,,,2024-05-24,,5,24,24,13,17,24
,,,,,,2024-05-25,,5,25,24,2,4,21
,,,,,,2024-05-26,,5,26,24,2,17,25
,,,,,,2024-05-27,,5,27,24,2,9,17
,,,,,,2024-05-28,,5,28,24,9,18,21
,,,,,,2024-05-29,,5,29,24,9,12,15
,,,,,,2024-05-30,,5,30,24,9,11,12
,,,,,,2024-05-31,,5,31,24,10,31,34
,,,,,,2024-06-01,,6,1,24,22,29,33
,,,,,,2024-06-02,,6,2,24,8,16,19
,,,,,,2024-06-03,,6,3,24,8,21,23
,,,,,,2024-06-04,,6,4,24,8,13,39
,,,,,,2024-06-05,,6,5,24,1,2,12
,,,,,,2024-06-06,,6,6,24,21,28,30
,,,,,,2024-06-07,,6,7,24,3,12,15
,,,,,,2024-06-08,,6,8,24,3,17,29
,,,,,,2024-06-09,,6,9,24,2,3,33
,,,,,,2024-06-10,,6,10,24,7,9,14
,,,,,,2024-06-11,,6,11,24,12,23,31
,,,,,,2024-06-12,,6,12,24,3,12,15
,,,,,,2024-06-13,,6,13,24,1,12,18
,,,,,,2024-06-14,,6,14,24,6,21,25
,,,,,,2024-06-15,,6,15,24,2,7,8
,,,,,,2024-06-16,,6,16,24,1,12,20
,,,,,,2024-06-17,,6,17,24,15,26,32
,,,,,,2024-06-18,,6,18,24,5,14,18
,,,,,,2024-06-19,,6,19,24,10,16,18
,,,,,,2024-06-20,,6,20,24,22,24,25
,,,,,,2024-06-21,,6,21,24,4,7,13
,,,,,,2024-06-22,,6,22,24,12,14,22
,,,,,,2024-06-23,,6,23,24,3,5,23
,,,,,,2024-06-24,,6,24,24,20,26,27
,,,,,,2024-06-25,,6,25,24,15,20,23
,,,,,,2024-06-26,,6,26,24,5,12,36
,,,,,,2024-06-27,,6,27,24,5,14,34
,,,,,,2024-06-28,,6,28,24,10,21,41
,,,,,,2024-06-29,,6,29,24,10,11,22
,,,,,,2024-06-30,,6,30,24,6,9,12
,,,,,,2024-07-01,,7,1,24,13,22,31
,,,,,,2024-07-02,,7,2,24,9,15,18
,,,,,,2024-07-03,,7,3,24,10,11,23
,,,,,,2024-07-04,,7,4,24,3,4,22
,,,,,,2024-07-05,,7,5,24,7,15,23
,,,,,,2024-07-06,,7,6,24,3,13,21
,,,,,,2024-07-07,,7,7,24,7,13,15
,,,,,,2024-07-08,,7,8,24,2,9,27
,,,,,,2024-07-09,,7,9,24,25,31,40
,,,,,,2024-07-10,,7,10,24,2,14,19
,,,,,,2024-07-11,,7,11,24,3,4,9
,,,,,,2024-07-12,,7,12,24,1,2,27
,,,,,,2024-07-13,,7,13,24,8,16,27
,,,,,,2024-07-14,,7,14,24,9,13,16
,,,,,,2024-07-15,,7,15,24,1,2,3
,,,,,,2024-07-16,,7,16,24,21,26,31
,,,,,,2024-07-17,,7,17,24,7,18,20
,,,,,,2024-07-18,,7,18,24,9,22,25
,,,,,,2024-07-19,,7,19,24,4,7,20
,,,,,,2024-07-20,,7,20,24,14,19,20
,,,,,,2024-07-21,,7,21,24,2,5,20
,,,,,,2024-07-22,,7,22,24,17,19,20
,,,,,,2024-07-23,,7,23,24,1,4,15
,,,,,,2024-07-24,,7,24,24,15,18,21
,,,,,,2024-07-25,,7,25,24,2,11,33
,,,,,,2024-07-26,,7,26,24,1,4,21
,,,,,,2024-07-27,,7,27,24,9,32,37
,,,,,,2024-07-28,,7,28,24,2,4,10
,,,,,,2024-07-29,,7,29,24,18,28,30
,,,,,,2024-07-30,,7,30,24,19,22,34
,,,,,,2024-07-31,,7,31,24,10,16,20
,,,,,,2024-08-01,,8,1,24,3,25,36
,,,,,,2024-08-02,,8,2,24,11,13,16
,,,,,,2024-08-03,,8,3,24,8,10,15
,,,,,,2024-08-04,,8,4,24,10,17,19
,,,,,,2024-08-05,,8,5,24,20,26,28
,,,,,,2024-08-06,,8,6,24,4,15,21
,,,,,,2024-08-07,,8,7,24,3,9,30
,,,,,,2024-08-08,,8,8,24,3,4,9
,,,,,,2024-08-09,,8,9,24,19,26,36
,,,,,,2024-08-10,,8,10,24,3,26,30
,,,,,,2024-08-11,,8,11,24,3,5,10
,,,,,,2024-08-12,,8,12,24,3,6,17
,,,,,,2024-08-13,,8,13,24,6,30,37
,,,,,,2024-08-14,,8,14,24,7,19,29
,,,,,,2024-08-15,,8,15,24,3,7,19
,,,,,,2024-08-16,,8,16,24,5,12,17
,,,,,,2024-08-17,,8,17,24,22,24,27
,,,,,,2024-08-18,,8,18,24,2,4,11
,,,,,,2024-08-19,,8,19,24,15,17,35
,,,,,,2024-08-20,,8,20,24,8,12,24
,,,,,,2024-08-21,,8,21,24,9,16,26
,,,,,,2024-08-22,,8,22,24,2,5,21
,,,,,,2024-08-23,,8,23,24,17,24,28
,,,,,,2024-08-24,,8,24,24,13,19,26
,,,,,,2024-08-25,,8,25,24,8,17,19
,,,,,,2024-08-26,,8,26,24,12,18,24
,,,,,,2024-08-27,,8,27,24,1,3,18
,,,,,,2024-08-28,,8,28,24,4,7,8
,,,,,,2024-08-29,,8,29,24,7,13,18
,,,,,,2024-08-30,,8,30,24,3,24,25
,,,,,,2024-08-31,,8,31,24,2,15,37
,,,,,,2024-09-01,,9,1,24,17,22,27
,,,,,,2024-09-02,,9,2,24,3,4,8
,,,,,,2024-09-03,,9,3,24,25,36,38
,,,,,,2024-09-04,,9,4,24,4,12,14
,,,,,,2024-09-05,,9,5,24,2,3,18
,,,,,,2024-09-06,,9,6,24,3,23,24
,,,,,,2024-09-07,,9,7,24,3,20,29
,,,,,,2024-09-08,,9,8,24,9,17,27
,,,,,,2024-09-09,,9,9,24,16,26,30
,,,,,,2024-09-10,,9,10,24,30,39,42
,,,,,,2024-09-11,,9,11,24,12,19,37
,,,,,,2024-09-12,,9,12,24,23,32,38
,,,,,,2024-09-13,,9,13,24,14,15,18
,,,,,,2024-09-14,,9,14,24,5,13,27
,,,,,,2024-09-15,,9,15,24,1,2,10
,,,,,,2024-09-16,,9,16,24,1,2,15
,,,,,,2024-09-17,,9,17,24,10,16,23
,,,,,,2024-09-18,,9,18,24,10,13,28
,,,,,,2024-09-19,,9,19,24,11,20,28
,,,,,,2024-09-20,,9,20,24,2,9,17
,,,,,,2024-09-21,,9,21,24,7,21,31
,,,,,,2024-09-22,,9,22,24,5,13,27
,,,,,,2024-09-23,,9,23,24,1,21,24
,,,,,,2024-09-24,,9,24,24,6,9,18
,,,,,,2024-09-25,,9,25,24,4,7,15
,,,,,,2024-09-26,,9,26,24,4,8,27
,,,,,,2024-09-27,,9,27,24,4,7,9
,,,,,,2024-09-28,,9,28,24,7,20,23
,,,,,,2024-09-29,,9,29,24,7,15,27
,,,,,,2024-09-30,,9,30,24,21,28,29
,,,,,,2024-10-01,,10,1,24,5,13,22
,,,,,,2024-10-02,,10,2,24,6,30,33
,,,,,,2024-10-03,,10,3,24,2,5,29
,,,,,,2024-10-04,,10,4,24,1,4,34
,,,,,,2024-10-05,,10,5,24,3,17,31
,,,,,,2024-10-06,,10,6,24,1,8,10
,,,,,,2024-10-07,,10,7,24,8,21,22
,,,,,,2024-10-08,,10,8,24,5,17,22
,,,,,,2024-10-09,,10,9,24,11,15,31
,,,,,,2024-10-10,,10,10,24,7,8,26
,,,,,,2024-10-11,,10,11,24,3,18,29
,,,,,,2024-10-12,,10,12,24,6,17,20
,,,,,,2024-10-13,,10,13,24,2,6,14
,,,,,,2024-10-14,,10,14,24,1,12,25
,,,,,,2024-10-15,,10,15,24,15,20,21
,,,,,,2024-10-16,,10,16,24,5,29,32
,,,,,,2024-10-17,,10,17,24,23,26,29
,,,,,,2024-10-18,,10,18,24,10,31,32
,,,,,,2024-10-19,,10,19,24,10,14,24
,,,,,,2024-10-20,,10,20,24,3,15,21
,,,,,,2024-10-21,,10,21,24,3,14,23
,,,,,,2024-10-22,,10,22,24,7,12,22
,,,,,,2024-10-23,,10,23,24,9,12,22
,,,,,,2024-10-24,,10,24,24,2,4,9
,,,,,,2024-10-25,,10,25,24,1,3,15
,,,,,,2024-10-26,,10,26,24,6,12,32
,,,,,,2024-10-27,,10,27,24,1,4,8
,,,,,,2024-10-28,,10,28,24,3,17,21
,,,,,,2024-10-29,,10,29,24,4,8,9
,,,,,,2024-10-30,,10,30,24,14,17,27
,,,,,,2024-10-31,,10,31,24,29,30,31
,,,,,,2024-11-01,,11,1,24,15,37,39
,,,,,,2024-11-02,,11,2,24,21,25,30
,,,,,,2024-11-03,,11,3,24,5,13,18
,,,,,,2024-11-04,,11,4,24,8,18,28
,,,,,,2024-11-05,,11,5,24,1,9,14
,,,,,,2024-11-06,,11,6,24,4,7,12
,,,,,,2024-11-07,,11,7,24,5,10,30
,,,,,,2024-11-08,,11,8,24,2,7,19
,,,,,,2024-11-09,,11,9,24,4,7,19
,,,,,,2024-11-10,,11,10,24,11,18,32
,,,,,,2024-11-11,,11,11,24,5,11,17
,,,,,,2024-11-12,,11,12,24,11,21,22
,,,,,,2024-11-13,,11,13,24,18,24,27
,,,,,,2024-11-14,,11,14,24,5,22,30
,,,,,,2024-11-15,,11,15,24,5,28,34
,,,,,,2024-11-16,,11,16,24,6,11,18
,,,,,,2024-11-17,,11,17,24,10,20,26
,,,,,,2024-11-18,,11,18,24,4,9,10
,,,,,,2024-11-19,,11,19,24,7,10,17
,,,,,,2024-11-20,,11,20,24,3,29,30
,,,,,,2024-11-21,,11,21,24,4,11,13
,,,,,,2024-11-22,,11,22,24,17,31,33
,,,,,,2024-11-23,,11,23,24,11,20,21
,,,,,,2024-11-24,,11,24,24,7,11,14
,,,,,,2024-11-25,,11,25,24,7,10,14
,,,,,,2024-11-26,,11,26,24,27,29,32
,,,,,,2024-11-27,,11,27,24,5,16,22
,,,,,,2024-11-28,,11,28,24,18,33,42
,,,,,,2024-11-29,,11,29,24,19,21,31
,,,,,,2024-11-30,,11,30,24,21,22,32
,,,,,,2024-12-01,,12,1,24,1,7,25
,,,,,,2024-12-02,,12,2,24,5,13,14
,,,,,,2024-12-03,,12,3,24,6,11,28
,,,,,,2024-12-04,,12,4,24,1,13,25
,,,,,,2024-12-05,,12,5,24,4,13,25
,,,,,,2024-12-06,,12,6,24,1,3,33
,,,,,,2024-12-07,,12,7,24,1,17,34
,,,,,,2024-12-08,,12,8,24,1,2,39
,,,,,,2024-12-09,,12,9,24,1,13,19
,,,,,,2024-12-10,,12,10,24,6,12,30
,,,,,,2024-12-11,,12,11,24,10,19,32
,,,,,,2024-12-12,,12,12,24,5,7,17
,,,,,,2024-12-13,,12,13,24,3,15,32
,,,,,,2024-12-14,,12,14,24,10,16,35
,,,,,,2024-12-15,,12,15,24,9,12,22
,,,,,,2024-12-16,,12,16,24,3,16,29
,,,,,,2024-12-17,,12,17,24,4,18,29
,,,,,,2024-12-18,,12,18,24,19,26,30
,,,,,,2024-12-19,,12,19,24,2,5,13
,,,,,,2024-12-20,,12,20,24,9,20,21
,,,,,,2024-12-21,,12,21,24,2,9,10
,,,,,,2024-12-22,,12,22,24,4,7,37
,,,,,,2024-12-23,,12,23,24,10,20,22
,,,,,,2024-12-24,,12,24,24,16,22,24
,,,,,,2024-12-25,,12,25,24,4,10,35
,,,,,,2024-12-26,,12,26,24,9,10,12
,,,,,,2024-12-27,,12,27,24,15,21,24
,,,,,,2024-12-28,,12,28,24,14,19,21
,,,,,,2024-12-29,,12,29,24,7,18,26
,,,,,,2024-12-30,,12,30,24,7,14,18
,,,,,,2024-12-31,,12,31,24,19,27,37
,,,,,,2025-01-01,,1,1,25,7,15,17
,,,,,,2025-01-02,,1,2,25,12,14,27
,,,,,,2025-01-03,,1,3,25,14,15,20
,,,,,,2025-01-04,,1,4,25,3,9,27
,,,,,,2025-01-05,,1,5,25,6,27,31
,,,,,,2025-01-06,,1,6,25,6,22,31
,,,,,,2025-01-07,,1,7,25,16,24,30
,,,,,,2025-01-08,,1,8,25,13,14,24
,,,,,,2025-01-09,,1,9,25,2,4,14
,,,,,,2025-01-10,,1,10,25,3,9,21
,,,,,,2025-01-11,,1,11,25,21,22,26
,,,,,,2025-01-12,,1,12,25,2,10,22
,,,,,,2025-01-13,,1,13,25,13,17,35
,,,,,,2025-01-14,,1,14,25,3,6,17
,,,,,,2025-01-15,,1,15,25,19,31,33
,,,,,,2025-01-16,,1,16,25,13,20,29
,,,,,,2025-01-17,,1,17,25,1,4,6
,,,,,,2025-01-18,,1,18,25,4,12,13
,,,,,,2025-01-19,,1,19,25,8,24,35
,,,,,,2025-01-20,,1,20,25,4,8,12
,,,,,,2025-01-21,,1,21,25,18,27,30
,,,,,,2025-01-22,,1,22,25,24,25,37
,,,,,,2025-01-23,,1,23,25,9,13,18
,,,,,,2025-01-24,,1,24,25,14,26,35
,,,,,,2025-01-25,,1,25,25,8,26,28
,,,,,,2025-01-26,,1,26,25,1,10,21
,,,,,,2025-01-27,,1,27,25,7,16,41
,,,,,,2025-01-28,,1,28,25,7,20,24
,,,,,,2025-01-29,,1,29,25,1,20,25
,,,,,,2025-01-30,,1,30,25,9,13,18
,,,,,,2025-01-31,,1,31,25,3,7,34
,,,,,,2025-02-01,,2,1,25,4,34,36
,,,,,,2025-02-02,,2,2,25,5,6,17
,,,,,,2025-02-03,,2,3,25,3,24,28
,,,,,,2025-02-04,,2,4,25,2,5,23
,,,,,,2025-02-05,,2,5,25,7,9,25
,,,,,,2025-02-06,,2,6,25,18,21,32
,,,,,,2025-02-07,,2,7,25,14,18,21
,,,,,,2025-02-08,,2,8,25,1,7,15
,,,,,,2025-02-09,,2,9,25,8,13,22
,,,,,,2025-02-10,,2,10,25,1,2,16
,,,,,,2025-02-11,,2,11,25,8,25,28
,,,,,,2025-02-12,,2,12,25,8,29,34
,,,,,,2025-02-13,,2,13,25,1,21,25
,,,,,,2025-02-14,,2,14,25,7,11,12
,,,,,,2025-02-15,,2,15,25,21,34,38
,,,,,,2025-02-16,,2,16,25,3,15,16
,,,,,,2025-02-17,,2,17,25,2,7,42
,,,,,,2025-02-18,,2,18,25,2,5,16
,,,,,,2025-02-19,,2,19,25,7,21,30
,,,,,,2025-02-20,,2,20,25,15,39,40
,,,,,,2025-02-21,,2,21,25,19,35,44
,,,,,,2025-02-22,,2,22,25,2,6,29
,,,,,,2025-02-23,,2,23,25,1,18,43
,,,,,,2025-02-24,,2,24,25,7,16,23
,,,,,,2025-02-25,,2,25,25,6,10,14
,,,,,,2025-02-26,,2,26,25,5,18,27
,,,,,,2025-02-27,,2,27,25,2,18,24
,,,,,,2025-02-28,,2,28,25,9,16,18
,,,,,,2025-03-01,,3,1,25,12,25,28
,,,,,,2025-03-02,,3,2,25,4,24,26
,,,,,,2025-03-03,,3,3,25,10,15,21
,,,,,,2025-03-04,,3,4,25,2,11,25
,,,,,,2025-03-05,,3,5,25,4,12,21
,,,,,,2025-03-06,,3,6,25,20,28,30
,,,,,,2025-03-07,,3,7,25,2,7,25
,,,,,,2025-03-08,,3,8,25,9,20,31
,,,,,,2025-03-09,,3,9,25,6,14,18
,,,,,,2025-03-10,,3,10,25,7,8,13
,,,,,,2025-03-11,,3,11,25,2,7,17
,,,,,,2025-03-12,,3,12,25,5,8,10
,,,,,,2025-03-13,,3,13,25,19,24,27
,,,,,,2025-03-14,,3,14,25,7,16,28
,,,,,,2025-03-15,,3,15,25,9,12,30
,,,,,,2025-03-16,,3,16,25,4,14,16
,,,,,,2025-03-17,,3,17,25,6,12,25
,,,,,,2025-03-18,,3,18,25,8,20,37
,,,,,,2025-03-19,,3,19,25,17,21,36
,,,,,,2025-03-20,,3,20,25,7,14,25
,,,,,,2025-03-21,,3,21,25,7,25,28
,,,,,,2025-03-22,,3,22,25,13,14,32
,,,,,,2025-03-23,,3,23,25,16,19,21
,,,,,,2025-03-24,,3,24,25,14,20,30
,,,,,,2025-03-25,,3,25,25,9,16,27
,,,,,,2025-03-26,,3,26,25,8,12,15
,,,,,,2025-03-27,,3,27,25,7,20,27
,,,,,,2025-03-28,,3,28,25,10,15,23
,,,,,,2025-03-29,,3,29,25,4,8,13
,,,,,,2025-03-30,,3,30,25,19,20,27
,,,,,,2025-03-31,,3,31,25,8,31,39
,,,,,,2025-04-01,,4,1,25,9,20,29
,,,,,,2025-04-02,,4,2,25,18,22,35
,,,,,,2025-04-03,,4,3,25,2,5,11
,,,,,,2025-04-04,,4,4,25,1,4,11
,,,,,,2025-04-05,,4,5,25,8,15,29
,,,,,,2025-04-06,,4,6,25,3,6,27
,,,,,,2025-04-07,,4,7,25,21,25,31
,,,,,,2025-04-08,,4,8,25,3,28,32
,,,,,,2025-04-09,,4,9,25,1,14,24
,,,,,,2025-04-10,,4,10,25,9,18,38
,,,,,,2025-04-11,,4,11,25,7,9,10
,,,,,,2025-04-12,,4,12,25,1,14,16
,,,,,,2025-04-13,,4,13,25,2,29,30
,,,,,,2025-04-14,,4,14,25,10,11,23
,,,,,,2025-04-15,,4,15,25,10,19,26
,,,,,,2025-04-16,,4,16,25,1,34,38
,,,,,,2025-04-17,,4,17,25,4,18,22
,,,,,,2025-04-18,,4,18,25,29,34,39
,,,,,,2025-04-19,,4,19,25,3,22,39
,,,,,,2025-04-20,,4,20,25,3,6,17
,,,,,,2025-04-21,,4,21,25,12,25,29
,,,,,,2025-04-22,,4,22,25,14,31,36
,,,,,,2025-04-23,,4,23,25,8,14,15
,,,,,,2025-04-24,,4,24,25,13,15,20
,,,,,,2025-04-25,,4,25,25,9,15,40
,,,,,,2025-04-26,,4,26,25,15,38,40
,,,,,,2025-04-27,,4,27,25,4,19,35
,,,,,,2025-04-28,,4,28,25,16,19,20
,,,,,,2025-04-29,,4,29,25,24,25,39
,,,,,,2025-04-30,,4,30,25,3,5,22
,,,,,,2025-05-01,,5,1,25,17,32,36
,,,,,,2025-05-02,,5,2,25,2,17,18
,,,,,,2025-05-03,,5,3,25,2,13,18
,,,,,,2025-05-04,,5,4,25,12,26,31
,,,,,,2025-05-05,,5,5,25,3,26,30
,,,,,,2025-05-06,,5,6,25,15,31,33
,,,,,,2025-05-07,,5,7,25,5,7,37
,,,,,,2025-05-08,,5,8,25,14,18,23
,,,,,,2025-05-09,,5,9,25,4,9,22
,,,,,,2025-05-10,,5,10,25,5,12,19
,,,,,,2025-05-11,,5,11,25,16,26,30
,,,,,,2025-05-12,,5,12,25,9,13,15
,,,,,,2025-05-13,,5,13,25,4,14,17
,,,,,,2025-05-14,,5,14,25,14,23,37
,,,,,,2025-05-15,,5,15,25,7,16,17
,,,,,,2025-05-16,,5,16,25,14,24,25
,,,,,,2025-05-17,,5,17,25,1,4,27
,,,,,,2025-05-18,,5,18,25,1,3,4
,,,,,,2025-05-19,,5,19,25,22,23,32
,,,,,,2025-05-20,,5,20,25,5,6,16
,,,,,,2025-05-21,,5,21,25,8,23,32
,,,,,,2025-05-22,,5,22,25,12,16,28
,,,,,,2025-05-23,,5,23,25,4,11,15
,,,,,,2025-05-24,,5,24,25,9,10,32
,,,,,,2025-05-25,,5,25,25,12,20,30
,,,,,,2025-05-26,,5,26,25,12,15,19
,,,,,,2025-05-27,,5,27,25,10,12,18
,,,,,,2025-05-28,,5,28,25,3,11,35
,,,,,,2025-05-29,,5,29,25,9,14,20
,,,,,,2025-05-30,,5,30,25,13,17,30
,,,,,,2025-05-31,,5,31,25,11,18,22
,,,,,,2025-06-01,,6,1,25,28,29,38
,,,,,,2025-06-02,,6,2,25,1,10,22
,,,,,,2025-06-03,,6,3,25,1,21,32
,,,,,,2025-06-04,,6,4,25,11,12,14
,,,,,,2025-06-05,,6,5,25,1,14,19
,,,,,,2025-06-06,,6,6,25,10,15,38
,,,,,,2025-06-07,,6,7,25,2,4,28
,,,,,,2025-06-08,,6,8,25,5,11,20
,,,,,,2025-06-09,,6,9,25,3,7,17
,,,,,,2025-06-10,,6,10,25,10,26,30
,,,,,,2025-06-11,,6,11,25,7,9,30
,,,,,,2025-06-12,,6,12,25,2,4,6
,,,,,,2025-06-13,,6,13,25,4,12,18
,,,,,,2025-06-14,,6,14,25,6,22,31
,,,,,,2025-06-15,,6,15,25,12,17,25
,,,,,,2025-06-16,,6,16,25,17,27,34
,,,,,,2025-06-17,,6,17,25,4,7,28
,,,,,,2025-06-18,,6,18,25,6,16,25
,,,,,,2025-06-19,,6,19,25,2,5,8
,,,,,,2025-06-20,,6,20,25,5,9,31
,,,,,,2025-06-21,,6,21,25,8,10,22
,,,,,,2025-06-22,,6,22,25,12,19,21
,,,,,,2025-06-23,,6,23,25,13,22,23
,,,,,,2025-06-24,,6,24,25,1,4,27
,,,,,,2025-06-25,,6,25,25,7,28,33
,,,,,,2025-06-26,,6,26,25,5,7,37
,,,,,,2025-06-27,,6,27,25,5,12,33
,,,,,,2025-06-28,,6,28,25,9,11,40
,,,,,,2025-06-29,,6,29,25,12,24,29
,,,,,,2025-06-30,,6,30,25,7,11,26
,,,,,,2025-07-01,,7,1,25,1,2,19
,,,,,,2025-07-02,,7,2,25,3,6,16
,,,,,,2025-07-03,,7,3,25,12,29,30
,,,,,,2025-07-04,,7,4,25,9,26,27
,,,,,,2025-07-05,,7,5,25,9,17,26
,,,,,,2025-07-06,,7,6,25,6,15,16
,,,,,,2025-07-07,,7,7,25,3,12,24
,,,,,,2025-07-08,,7,8,25,16,26,27
,,,,,,2025-07-09,,7,9,25,9,17,38
,,,,,,2025-07-10,,7,10,25,7,9,11
,,,,,,2025-07-11,,7,11,25,1,6,8
,,,,,,2025-07-12,,7,12,25,3,6,17
,,,,,,2025-07-13,,7,13,25,4,7,20
,,,,,,2025-07-14,,7,14,25,19,21,26
,,,,,,2025-07-15,,7,15,25,21,25,26
,,,,,,2025-07-16,,7,16,25,17,21,23
,,,,,,2025-07-17,,7,17,25,1,7,9
,,,,,,2025-07-18,,7,18,25,10,12,18
,,,,,,2025-07-19,,7,19,25,12,23,33
,,,,,,2025-07-20,,7,20,25,26,31,37
,,,,,,2025-07-21,,7,21,25,1,12,19
,,,,,,2025-07-22,,7,22,25,18,19,22
,,,,,,2025-07-23,,7,23,25,5,9,11
,,,,,,2025-07-24,,7,24,25,1,11,22
,,,,,,2025-07-25,,7,25,25,19,20,31
,,,,,,2025-07-26,,7,26,25,4,8,9
,,,,,,2025-07-27,,7,27,25,4,6,9
,,,,,,2025-07-28,,7,28,25,4,9,13
,,,,,,2025-07-29,,7,29,25,2,4,15
,,,,,,2025-07-30,,7,30,25,2,5,22
,,,,,,2025-07-31,,7,31,25,14,25,33
,,,,,,2025-08-01,,8,1,25,8,20,22
,,,,,,2025-08-02,,8,2,25,8,10,16
,,,,,,2025-08-03,,8,3,25,4,9,25
,,,,,,2025-08-04,,8,4,25,25,26,30
,,,,,,2025-08-05,,8,5,25,17,27,32
,,,,,,2025-08-06,,8,6,25,7,22,38
,,,,,,2025-08-07,,8,7,25,16,25,26
,,,,,,2025-08-08,,8,8,25,20,23,32
,,,,,,2025-08-09,,8,9,25,9,19,35
,,,,,,2025-08-10,,8,10,25,6,11,25
,,,,,,2025-08-11,,8,11,25,18,22,26
,,,,,,2025-08-12,,8,12,25,1,11,18
,,,,,,2025-08-13,,8,13,25,13,23,30
,,,,,,2025-08-14,,8,14,25,3,10,17
,,,,,,2025-08-15,,8,15,25,2,8,19
,,,,,,2025-08-16,,8,16,25,1,3,8
,,,,,,2025-08-17,,8,17,25,8,15,20
,,,,,,2025-08-18,,8,18,25,3,12,24
,,,,,,2025-08-19,,8,19,25,1,4,30
,,,,,,2025-08-20,,8,20,25,1,5,18
,,,,,,2025-08-21,,8,21,25,23,27,32
,,,,,,2025-08-22,,8,22,25,8,19,26
,,,,,,2025-08-23,,8,23,25,9,11,17
,,,,,,2025-08-24,,8,24,25,9,16,18
,,,,,,2025-08-25,,8,25,25,1,4,12
,,,,,,2025-08-26,,8,26,25,5,6,8
,,,,,,2025-08-27,,8,27,25,6,15,26
,,,,,,2025-08-28,,8,28,25,8,10,17
,,,,,,2025-08-29,,8,29,25,8,14,22
,,,,,,2025-08-30,,8,30,25,6,12,38
,,,,,,2025-08-31,,8,31,25,13,14,19
,,,,,,2025-09-01,,9,1,25,15,18,39
,,,,,,2025-09-02,,9,2,25,4,5,24
,,,,,,2025-09-03,,9,3,25,11,15,19
,,,,,,2025-09-04,,9,4,25,17,20,23
