date,n1,n2,n3
04/28/2013,28,2013,3
04/29/2013,29,2013,3
04/30/2013,30,2013,3
05/01/2013,1,2013,3
05/02/2013,2,2013,3
05/03/2013,3,2013,3
05/04/2013,4,2013,3
05/05/2013,5,2013,3
05/06/2013,6,2013,3
05/07/2013,7,2013,3
05/08/2013,8,2013,3
05/09/2013,9,2013,3
05/10/2013,10,2013,3
05/11/2013,11,2013,3
05/12/2013,12,2013,3
05/13/2013,13,2013,3
05/14/2013,14,2013,3
05/15/2013,15,2013,3
05/16/2013,16,2013,3
05/17/2013,17,2013,3
05/18/2013,18,2013,3
05/19/2013,19,2013,3
05/20/2013,20,2013,3
05/21/2013,21,2013,3
05/22/2013,22,2013,3
05/23/2013,23,2013,3
05/24/2013,24,2013,3
05/25/2013,25,2013,3
05/26/2013,26,2013,3
05/27/2013,27,2013,3
05/28/2013,28,2013,3
05/29/2013,29,2013,3
05/30/2013,30,2013,3
05/31/2013,31,2013,3
06/01/2013,1,2013,3
06/02/2013,2,2013,3
06/03/2013,3,2013,3
06/04/2013,4,2013,3
06/05/2013,5,2013,3
06/06/2013,6,2013,3
06/07/2013,7,2013,3
06/08/2013,8,2013,3
06/09/2013,9,2013,3
06/10/2013,10,2013,3
06/11/2013,11,2013,3
06/12/2013,12,2013,3
06/13/2013,13,2013,3
06/14/2013,14,2013,3
06/15/2013,15,2013,3
06/16/2013,16,2013,3
06/17/2013,17,2013,3
06/18/2013,18,2013,3
06/19/2013,19,2013,3
06/20/2013,20,2013,3
06/21/2013,21,2013,3
06/22/2013,22,2013,3
06/23/2013,23,2013,3
06/24/2013,24,2013,3
06/25/2013,25,2013,3
06/26/2013,26,2013,3
06/27/2013,27,2013,3
06/28/2013,28,2013,3
06/29/2013,29,2013,3
06/30/2013,30,2013,3
07/01/2013,1,2013,3
07/02/2013,2,2013,3
07/03/2013,3,2013,3
07/04/2013,4,2013,3
07/05/2013,5,2013,3
07/06/2013,6,2013,3
07/07/2013,7,2013,3
07/08/2013,8,2013,3
07/09/2013,9,2013,3
07/10/2013,10,2013,3
07/11/2013,11,2013,3
07/12/2013,12,2013,3
07/13/2013,13,2013,3
07/14/2013,14,2013,3
07/15/2013,15,2013,3
07/16/2013,16,2013,3
07/17/2013,17,2013,3
07/18/2013,18,2013,3
07/19/2013,19,2013,3
07/20/2013,20,2013,3
07/21/2013,21,2013,3
07/22/2013,22,2013,3
07/23/2013,23,2013,3
07/24/2013,24,2013,3
07/25/2013,25,2013,3
07/26/2013,26,2013,3
07/27/2013,27,2013,3
07/28/2013,28,2013,3
07/29/2013,29,2013,3
07/30/2013,30,2013,3
07/31/2013,31,2013,3
03/01/2014,1,2014,3
03/02/2014,2,2014,3
03/03/2014,3,2014,3
03/04/2014,4,2014,3
03/05/2014,5,2014,3
03/06/2014,6,2014,3
03/07/2014,7,2014,3
03/08/2014,8,2014,3
03/09/2014,9,2014,3
03/10/2014,10,2014,3
03/11/2014,11,2014,3
03/12/2014,12,2014,3
03/13/2014,13,2014,3
03/14/2014,14,2014,3
03/15/2014,15,2014,3
03/16/2014,16,2014,3
03/17/2014,17,2014,3
03/18/2014,18,2014,3
03/19/2014,19,2014,3
03/20/2014,20,2014,3
03/21/2014,21,2014,3
03/22/2014,22,2014,3
03/23/2014,23,2014,3
03/24/2014,24,2014,3
03/25/2014,25,2014,3
03/26/2014,26,2014,3
03/27/2014,27,2014,3
03/28/2014,28,2014,3
03/29/2014,29,2014,3
03/30/2014,30,2014,3
03/31/2014,31,2014,3
04/01/2014,1,2014,3
04/02/2014,2,2014,3
04/03/2014,3,2014,3
04/04/2014,4,2014,3
04/05/2014,5,2014,3
04/06/2014,6,2014,3
04/07/2014,7,2014,3
04/08/2014,8,2014,3
04/09/2014,9,2014,3
04/10/2014,10,2014,3
04/11/2014,11,2014,3
04/12/2014,12,2014,3
04/13/2014,13,2014,3
04/14/2014,14,2014,3
04/15/2014,15,2014,3
04/16/2014,16,2014,3
04/17/2014,17,2014,3
04/18/2014,18,2014,3
04/19/2014,19,2014,3
04/20/2014,20,2014,3
04/21/2014,21,2014,3
04/22/2014,22,2014,3
04/23/2014,23,2014,3
04/24/2014,24,2014,3
04/25/2014,25,2014,3
04/26/2014,26,2014,3
04/27/2014,27,2014,3
04/28/2014,28,2014,3
04/29/2014,29,2014,3
04/30/2014,30,2014,3
05/01/2014,1,2014,3
05/02/2014,2,2014,3
05/03/2014,3,2014,3
05/04/2014,4,2014,3
05/05/2014,5,2014,3
05/06/2014,6,2014,3
05/07/2014,7,2014,3
05/08/2014,8,2014,3
05/09/2014,9,2014,3
05/10/2014,10,2014,3
05/11/2014,11,2014,3
05/12/2014,12,2014,3
05/13/2014,13,2014,3
05/14/2014,14,2014,3
05/15/2014,15,2014,3
05/16/2014,16,2014,3
05/17/2014,17,2014,3
05/18/2014,18,2014,3
05/19/2014,19,2014,3
05/20/2014,20,2014,3
05/21/2014,21,2014,3
05/22/2014,22,2014,3
05/23/2014,23,2014,3
05/24/2014,24,2014,3
05/25/2014,25,2014,3
05/26/2014,26,2014,3
05/27/2014,27,2014,3
05/28/2014,28,2014,3
05/29/2014,29,2014,3
05/30/2014,30,2014,3
05/31/2014,31,2014,3
06/01/2014,1,2014,3
06/02/2014,2,2014,3
06/03/2014,3,2014,3
06/04/2014,4,2014,3
06/05/2014,5,2014,3
06/06/2014,6,2014,3
06/07/2014,7,2014,3
06/08/2014,8,2014,3
06/09/2014,9,2014,3
06/10/2014,10,2014,3
06/11/2014,11,2014,3
06/12/2014,12,2014,3
06/13/2014,13,2014,3
06/14/2014,14,2014,3
06/15/2014,15,2014,3
06/16/2014,16,2014,3
06/17/2014,17,2014,3
06/18/2014,18,2014,3
06/19/2014,19,2014,3
06/20/2014,20,2014,3
06/21/2014,21,2014,3
06/22/2014,22,2014,3
06/23/2014,23,2014,3
06/24/2014,24,2014,3
06/25/2014,25,2014,3
06/26/2014,26,2014,3
06/27/2014,27,2014,3
06/28/2014,28,2014,3
06/29/2014,29,2014,3
06/30/2014,30,2014,3
07/01/2014,1,2014,3
07/02/2014,2,2014,3
07/03/2014,3,2014,3
07/04/2014,4,2014,3
07/05/2014,5,2014,3
07/06/2014,6,2014,3
07/07/2014,7,2014,3
07/08/2014,8,2014,3
07/09/2014,9,2014,3
07/10/2014,10,2014,3
07/11/2014,11,2014,3
07/12/2014,12,2014,3
07/13/2014,13,2014,3
07/14/2014,14,2014,3
07/15/2014,15,2014,3
07/16/2014,16,2014,3
07/17/2014,17,2014,3
07/18/2014,18,2014,3
07/19/2014,19,2014,3
07/20/2014,20,2014,3
07/21/2014,21,2014,3
07/22/2014,22,2014,3
07/23/2014,23,2014,3
07/24/2014,24,2014,3
07/25/2014,25,2014,3
07/26/2014,26,2014,3
07/27/2014,27,2014,3
07/28/2014,28,2014,3
07/29/2014,29,2014,3
07/30/2014,30,2014,3
07/31/2014,31,2014,3
03/01/2015,1,2015,3
03/02/2015,2,2015,3
03/03/2015,3,2015,3
03/04/2015,4,2015,3
03/05/2015,5,2015,3
03/06/2015,6,2015,3
03/07/2015,7,2015,3
03/08/2015,8,2015,3
03/09/2015,9,2015,3
03/10/2015,10,2015,3
03/11/2015,11,2015,3
03/12/2015,12,2015,3
03/13/2015,13,2015,3
03/14/2015,14,2015,3
03/15/2015,15,2015,3
03/16/2015,16,2015,3
03/17/2015,17,2015,3
03/18/2015,18,2015,3
03/19/2015,19,2015,3
03/20/2015,20,2015,3
03/21/2015,21,2015,3
03/22/2015,22,2015,3
03/23/2015,23,2015,3
03/24/2015,24,2015,3
03/25/2015,25,2015,3
03/26/2015,26,2015,3
03/27/2015,27,2015,3
03/28/2015,28,2015,3
03/29/2015,29,2015,3
03/30/2015,30,2015,3
03/31/2015,31,2015,3
04/01/2015,1,2015,3
04/02/2015,2,2015,3
04/03/2015,3,2015,3
04/04/2015,4,2015,3
04/05/2015,5,2015,3
04/06/2015,6,2015,3
04/07/2015,7,2015,3
04/08/2015,8,2015,3
04/09/2015,9,2015,3
04/10/2015,10,2015,3
04/11/2015,11,2015,3
04/12/2015,12,2015,3
04/13/2015,13,2015,3
04/14/2015,14,2015,3
04/15/2015,15,2015,3
04/16/2015,16,2015,3
04/17/2015,17,2015,3
04/18/2015,18,2015,3
04/19/2015,19,2015,3
04/20/2015,20,2015,3
04/21/2015,21,2015,3
04/22/2015,22,2015,3
04/23/2015,23,2015,3
04/24/2015,24,2015,3
04/25/2015,25,2015,3
04/26/2015,26,2015,3
04/27/2015,27,2015,3
04/28/2015,28,2015,3
04/29/2015,29,2015,3
04/30/2015,30,2015,3
05/01/2015,1,2015,3
05/02/2015,2,2015,3
05/03/2015,3,2015,3
05/04/2015,4,2015,3
05/05/2015,5,2015,3
05/06/2015,6,2015,3
05/07/2015,7,2015,3
05/08/2015,8,2015,3
05/09/2015,9,2015,3
05/10/2015,10,2015,3
05/11/2015,11,2015,3
05/12/2015,12,2015,3
05/13/2015,13,2015,3
05/14/2015,14,2015,3
05/15/2015,15,2015,3
05/16/2015,16,2015,3
05/17/2015,17,2015,3
05/18/2015,18,2015,3
05/19/2015,19,2015,3
05/20/2015,20,2015,3
05/21/2015,21,2015,3
05/22/2015,22,2015,3
05/23/2015,23,2015,3
05/24/2015,24,2015,3
05/25/2015,25,2015,3
05/26/2015,26,2015,3
05/27/2015,27,2015,3
05/28/2015,28,2015,3
05/29/2015,29,2015,3
05/30/2015,30,2015,3
05/31/2015,31,2015,3
06/01/2015,1,2015,3
06/02/2015,2,2015,3
06/03/2015,3,2015,3
06/04/2015,4,2015,3
06/05/2015,5,2015,3
06/06/2015,6,2015,3
06/07/2015,7,2015,3
06/08/2015,8,2015,3
06/09/2015,9,2015,3
06/10/2015,10,2015,3
06/11/2015,11,2015,3
06/12/2015,12,2015,3
06/13/2015,13,2015,3
06/14/2015,14,2015,3
06/15/2015,15,2015,3
06/16/2015,16,2015,3
06/17/2015,17,2015,3
06/18/2015,18,2015,3
06/19/2015,19,2015,3
06/20/2015,20,2015,3
06/21/2015,21,2015,3
06/22/2015,22,2015,3
06/23/2015,23,2015,3
06/24/2015,24,2015,3
06/25/2015,25,2015,3
06/26/2015,26,2015,3
06/27/2015,27,2015,3
06/28/2015,28,2015,3
06/29/2015,29,2015,3
06/30/2015,30,2015,3
07/01/2015,1,2015,3
07/02/2015,2,2015,3
07/03/2015,3,2015,3
07/04/2015,4,2015,3
07/05/2015,5,2015,3
07/06/2015,6,2015,3
07/07/2015,7,2015,3
07/08/2015,8,2015,3
07/09/2015,9,2015,3
07/10/2015,10,2015,3
07/11/2015,11,2015,3
07/12/2015,12,2015,3
07/13/2015,13,2015,3
07/14/2015,14,2015,3
07/15/2015,15,2015,3
07/16/2015,16,2015,3
07/17/2015,17,2015,3
07/18/2015,18,2015,3
07/19/2015,19,2015,3
07/20/2015,20,2015,3
07/21/2015,21,2015,3
07/22/2015,22,2015,3
07/23/2015,23,2015,3
07/24/2015,24,2015,3
07/25/2015,25,2015,3
07/26/2015,26,2015,3
07/27/2015,27,2015,3
07/28/2015,28,2015,3
07/29/2015,29,2015,3
07/30/2015,30,2015,3
07/31/2015,31,2015,3
03/01/2016,1,2016,3
03/02/2016,2,2016,3
03/03/2016,3,2016,3
03/04/2016,4,2016,3
03/05/2016,5,2016,3
03/06/2016,6,2016,3
03/07/2016,7,2016,3
03/08/2016,8,2016,3
03/09/2016,9,2016,3
03/10/2016,10,2016,3
03/11/2016,11,2016,3
03/12/2016,12,2016,3
03/13/2016,13,2016,3
03/14/2016,14,2016,3
03/15/2016,15,2016,3
03/16/2016,16,2016,3
03/17/2016,17,2016,3
03/18/2016,18,2016,3
03/19/2016,19,2016,3
03/20/2016,20,2016,3
03/21/2016,21,2016,3
03/22/2016,22,2016,3
03/23/2016,23,2016,3
03/24/2016,24,2016,3
03/25/2016,25,2016,3
03/26/2016,26,2016,3
03/27/2016,27,2016,3
03/28/2016,28,2016,3
03/29/2016,29,2016,3
03/30/2016,30,2016,3
03/31/2016,31,2016,3
04/01/2016,1,2016,3
04/02/2016,2,2016,3
04/03/2016,3,2016,3
04/04/2016,4,2016,3
04/05/2016,5,2016,3
04/06/2016,6,2016,3
04/07/2016,7,2016,3
04/08/2016,8,2016,3
04/09/2016,9,2016,3
04/10/2016,10,2016,3
04/11/2016,11,2016,3
04/12/2016,12,2016,3
04/13/2016,13,2016,3
04/14/2016,14,2016,3
04/15/2016,15,2016,3
04/16/2016,16,2016,3
04/17/2016,17,2016,3
04/18/2016,18,2016,3
04/19/2016,19,2016,3
04/20/2016,20,2016,3
04/21/2016,21,2016,3
04/22/2016,22,2016,3
04/23/2016,23,2016,3
04/24/2016,24,2016,3
04/25/2016,25,2016,3
04/26/2016,26,2016,3
04/27/2016,27,2016,3
04/28/2016,28,2016,3
04/29/2016,29,2016,3
04/30/2016,30,2016,3
05/01/2016,1,2016,3
05/02/2016,2,2016,3
05/03/2016,3,2016,3
05/04/2016,4,2016,3
05/05/2016,5,2016,3
05/06/2016,6,2016,3
05/07/2016,7,2016,3
05/08/2016,8,2016,3
05/09/2016,9,2016,3
05/10/2016,10,2016,3
05/11/2016,11,2016,3
05/12/2016,12,2016,3
05/13/2016,13,2016,3
05/14/2016,14,2016,3
05/15/2016,15,2016,3
05/16/2016,16,2016,3
05/17/2016,17,2016,3
05/18/2016,18,2016,3
05/19/2016,19,2016,3
05/20/2016,20,2016,3
05/21/2016,21,2016,3
05/22/2016,22,2016,3
05/23/2016,23,2016,3
05/24/2016,24,2016,3
05/25/2016,25,2016,3
05/26/2016,26,2016,3
05/27/2016,27,2016,3
05/28/2016,28,2016,3
05/29/2016,29,2016,3
05/30/2016,30,2016,3
05/31/2016,31,2016,3
06/01/2016,1,2016,3
06/02/2016,2,2016,3
06/03/2016,3,2016,3
06/04/2016,4,2016,3
06/05/2016,5,2016,3
06/06/2016,6,2016,3
06/07/2016,7,2016,3
06/08/2016,8,2016,3
06/09/2016,9,2016,3
06/10/2016,10,2016,3
06/11/2016,11,2016,3
06/12/2016,12,2016,3
06/13/2016,13,2016,3
06/14/2016,14,2016,3
06/15/2016,15,2016,3
06/16/2016,16,2016,3
06/17/2016,17,2016,3
06/18/2016,18,2016,3
06/19/2016,19,2016,3
06/20/2016,20,2016,3
06/21/2016,21,2016,3
06/22/2016,22,2016,3
06/23/2016,23,2016,3
06/24/2016,24,2016,3
06/25/2016,25,2016,3
06/26/2016,26,2016,3
06/27/2016,27,2016,3
06/28/2016,28,2016,3
06/29/2016,29,2016,3
06/30/2016,30,2016,3
07/01/2016,1,2016,3
07/02/2016,2,2016,3
07/03/2016,3,2016,3
07/04/2016,4,2016,3
07/05/2016,5,2016,3
07/06/2016,6,2016,3
07/07/2016,7,2016,3
07/08/2016,8,2016,3
07/09/2016,9,2016,3
07/10/2016,10,2016,3
07/11/2016,11,2016,3
07/12/2016,12,2016,3
07/13/2016,13,2016,3
07/14/2016,14,2016,3
07/15/2016,15,2016,3
07/16/2016,16,2016,3
07/17/2016,17,2016,3
07/18/2016,18,2016,3
07/19/2016,19,2016,3
07/20/2016,20,2016,3
07/21/2016,21,2016,3
07/22/2016,22,2016,3
07/23/2016,23,2016,3
07/24/2016,24,2016,3
07/25/2016,25,2016,3
07/26/2016,26,2016,3
07/27/2016,27,2016,3
07/28/2016,28,2016,3
07/29/2016,29,2016,3
07/30/2016,30,2016,3
07/31/2016,31,2016,3
03/01/2017,1,2017,3
03/02/2017,2,2017,3
03/03/2017,3,2017,3
03/04/2017,4,2017,3
03/05/2017,5,2017,3
03/06/2017,6,2017,3
03/07/2017,7,2017,3
03/08/2017,8,2017,3
03/09/2017,9,2017,3
03/10/2017,10,2017,3
03/11/2017,11,2017,3
03/12/2017,12,2017,3
03/13/2017,13,2017,3
03/14/2017,14,2017,3
03/15/2017,15,2017,3
03/16/2017,16,2017,3
03/17/2017,17,2017,3
03/18/2017,18,2017,3
03/19/2017,19,2017,3
03/20/2017,20,2017,3
03/21/2017,21,2017,3
03/22/2017,22,2017,3
03/23/2017,23,2017,3
03/24/2017,24,2017,3
03/25/2017,25,2017,3
03/26/2017,26,2017,3
03/27/2017,27,2017,3
03/28/2017,28,2017,3
03/29/2017,29,2017,3
03/30/2017,30,2017,3
03/31/2017,31,2017,3
04/01/2017,1,2017,3
04/02/2017,2,2017,3
04/03/2017,3,2017,3
04/04/2017,4,2017,3
04/05/2017,5,2017,3
04/06/2017,6,2017,3
04/07/2017,7,2017,3
04/08/2017,8,2017,3
04/09/2017,9,2017,3
04/10/2017,10,2017,3
04/11/2017,11,2017,3
04/12/2017,12,2017,3
04/13/2017,13,2017,3
04/14/2017,14,2017,3
04/15/2017,15,2017,3
04/16/2017,16,2017,3
04/17/2017,17,2017,3
04/18/2017,18,2017,3
04/19/2017,19,2017,3
04/20/2017,20,2017,3
04/21/2017,21,2017,3
04/22/2017,22,2017,3
04/23/2017,23,2017,3
04/24/2017,24,2017,3
04/25/2017,25,2017,3
04/26/2017,26,2017,3
04/27/2017,27,2017,3
04/28/2017,28,2017,3
04/29/2017,29,2017,3
04/30/2017,30,2017,3
05/01/2017,1,2017,3
05/02/2017,2,2017,3
05/03/2017,3,2017,3
05/04/2017,4,2017,3
05/05/2017,5,2017,3
05/06/2017,6,2017,3
05/07/2017,7,2017,3
05/08/2017,8,2017,3
05/09/2017,9,2017,3
05/10/2017,10,2017,3
05/11/2017,11,2017,3
05/12/2017,12,2017,3
05/13/2017,13,2017,3
05/14/2017,14,2017,3
05/15/2017,15,2017,3
05/16/2017,16,2017,3
05/17/2017,17,2017,3
05/18/2017,18,2017,3
05/19/2017,19,2017,3
05/20/2017,20,2017,3
05/21/2017,21,2017,3
05/22/2017,22,2017,3
05/23/2017,23,2017,3
05/24/2017,24,2017,3
05/25/2017,25,2017,3
05/26/2017,26,2017,3
05/27/2017,27,2017,3
05/28/2017,28,2017,3
05/29/2017,29,2017,3
05/30/2017,30,2017,3
05/31/2017,31,2017,3
06/01/2017,1,2017,3
06/02/2017,2,2017,3
06/03/2017,3,2017,3
06/04/2017,4,2017,3
06/05/2017,5,2017,3
06/06/2017,6,2017,3
06/07/2017,7,2017,3
06/08/2017,8,2017,3
06/09/2017,9,2017,3
06/10/2017,10,2017,3
06/11/2017,11,2017,3
06/12/2017,12,2017,3
06/13/2017,13,2017,3
06/14/2017,14,2017,3
06/15/2017,15,2017,3
06/16/2017,16,2017,3
06/17/2017,17,2017,3
06/18/2017,18,2017,3
06/19/2017,19,2017,3
06/20/2017,20,2017,3
06/21/2017,21,2017,3
06/22/2017,22,2017,3
06/23/2017,23,2017,3
06/24/2017,24,2017,3
06/25/2017,25,2017,3
06/26/2017,26,2017,3
06/27/2017,27,2017,3
06/28/2017,28,2017,3
06/29/2017,29,2017,3
06/30/2017,30,2017,3
07/01/2017,1,2017,3
07/02/2017,2,2017,3
07/03/2017,3,2017,3
07/04/2017,4,2017,3
07/05/2017,5,2017,3
07/06/2017,6,2017,3
07/07/2017,7,2017,3
07/08/2017,8,2017,3
07/09/2017,9,2017,3
07/10/2017,10,2017,3
07/11/2017,11,2017,3
07/12/2017,12,2017,3
07/13/2017,13,2017,3
07/14/2017,14,2017,3
07/15/2017,15,2017,3
07/16/2017,16,2017,3
07/17/2017,17,2017,3
07/18/2017,18,2017,3
07/19/2017,19,2017,3
07/20/2017,20,2017,3
07/21/2017,21,2017,3
07/22/2017,22,2017,3
07/23/2017,23,2017,3
07/24/2017,24,2017,3
07/25/2017,25,2017,3
07/26/2017,26,2017,3
07/27/2017,27,2017,3
07/28/2017,28,2017,3
07/29/2017,29,2017,3
07/30/2017,30,2017,3
07/31/2017,31,2017,3
03/01/2018,1,2018,3
03/02/2018,2,2018,3
03/03/2018,3,2018,3
03/04/2018,4,2018,3
03/05/2018,5,2018,3
03/06/2018,6,2018,3
03/07/2018,7,2018,3
03/08/2018,8,2018,3
03/09/2018,9,2018,3
03/10/2018,10,2018,3
03/11/2018,11,2018,3
03/12/2018,12,2018,3
03/13/2018,13,2018,3
03/14/2018,14,2018,3
03/15/2018,15,2018,3
03/16/2018,16,2018,3
03/17/2018,17,2018,3
03/18/2018,18,2018,3
03/19/2018,19,2018,3
03/20/2018,20,2018,3
03/21/2018,21,2018,3
03/22/2018,22,2018,3
03/23/2018,23,2018,3
03/24/2018,24,2018,3
03/25/2018,25,2018,3
03/26/2018,26,2018,3
03/27/2018,27,2018,3
03/28/2018,28,2018,3
03/29/2018,29,2018,3
03/30/2018,30,2018,3
03/31/2018,31,2018,3
04/01/2018,1,2018,3
04/02/2018,2,2018,3
04/03/2018,3,2018,3
04/04/2018,4,2018,3
04/05/2018,5,2018,3
04/06/2018,6,2018,3
04/07/2018,7,2018,3
04/08/2018,8,2018,3
04/09/2018,9,2018,3
04/10/2018,10,2018,3
04/11/2018,11,2018,3
04/12/2018,12,2018,3
04/13/2018,13,2018,3
04/14/2018,14,2018,3
04/15/2018,15,2018,3
04/16/2018,16,2018,3
04/17/2018,17,2018,3
04/18/2018,18,2018,3
04/19/2018,19,2018,3
04/20/2018,20,2018,3
04/21/2018,21,2018,3
04/22/2018,22,2018,3
04/23/2018,23,2018,3
04/24/2018,24,2018,3
04/25/2018,25,2018,3
04/26/2018,26,2018,3
04/27/2018,27,2018,3
04/28/2018,28,2018,3
04/29/2018,29,2018,3
04/30/2018,30,2018,3
05/01/2018,1,2018,3
05/02/2018,2,2018,3
05/03/2018,3,2018,3
05/04/2018,4,2018,3
05/05/2018,5,2018,3
05/06/2018,6,2018,3
05/07/2018,7,2018,3
05/08/2018,8,2018,3
05/09/2018,9,2018,3
05/10/2018,10,2018,3
05/11/2018,11,2018,3
05/12/2018,12,2018,3
05/13/2018,13,2018,3
05/14/2018,14,2018,3
05/15/2018,15,2018,3
05/16/2018,16,2018,3
05/17/2018,17,2018,3
05/18/2018,18,2018,3
05/19/2018,19,2018,3
05/20/2018,20,2018,3
05/21/2018,21,2018,3
05/22/2018,22,2018,3
05/23/2018,23,2018,3
05/24/2018,24,2018,3
05/25/2018,25,2018,3
05/26/2018,26,2018,3
05/27/2018,27,2018,3
05/28/2018,28,2018,3
05/29/2018,29,2018,3
05/30/2018,30,2018,3
05/31/2018,31,2018,3
06/01/2018,1,2018,3
06/02/2018,2,2018,3
06/03/2018,3,2018,3
06/04/2018,4,2018,3
06/05/2018,5,2018,3
06/06/2018,6,2018,3
06/07/2018,7,2018,3
06/08/2018,8,2018,3
06/09/2018,9,2018,3
06/10/2018,10,2018,3
06/11/2018,11,2018,3
06/12/2018,12,2018,3
06/13/2018,13,2018,3
06/14/2018,14,2018,3
06/15/2018,15,2018,3
06/16/2018,16,2018,3
06/17/2018,17,2018,3
06/18/2018,18,2018,3
06/19/2018,19,2018,3
06/20/2018,20,2018,3
06/21/2018,21,2018,3
06/22/2018,22,2018,3
06/23/2018,23,2018,3
06/24/2018,24,2018,3
06/25/2018,25,2018,3
06/26/2018,26,2018,3
06/27/2018,27,2018,3
06/28/2018,28,2018,3
06/29/2018,29,2018,3
06/30/2018,30,2018,3
07/01/2018,1,2018,3
07/02/2018,2,2018,3
07/03/2018,3,2018,3
07/04/2018,4,2018,3
07/05/2018,5,2018,3
07/06/2018,6,2018,3
07/07/2018,7,2018,3
07/08/2018,8,2018,3
07/09/2018,9,2018,3
07/10/2018,10,2018,3
07/11/2018,11,2018,3
07/12/2018,12,2018,3
07/13/2018,13,2018,3
07/14/2018,14,2018,3
07/15/2018,15,2018,3
07/16/2018,16,2018,3
07/17/2018,17,2018,3
07/18/2018,18,2018,3
07/19/2018,19,2018,3
07/20/2018,20,2018,3
07/21/2018,21,2018,3
07/22/2018,22,2018,3
07/23/2018,23,2018,3
07/24/2018,24,2018,3
07/25/2018,25,2018,3
07/26/2018,26,2018,3
07/27/2018,27,2018,3
07/28/2018,28,2018,3
07/29/2018,29,2018,3
07/30/2018,30,2018,3
07/31/2018,31,2018,3
03/01/2019,1,2019,3
03/02/2019,2,2019,3
03/03/2019,3,2019,3
03/04/2019,4,2019,3
03/05/2019,5,2019,3
03/06/2019,6,2019,3
03/07/2019,7,2019,3
03/08/2019,8,2019,3
03/09/2019,9,2019,3
03/10/2019,10,2019,3
03/11/2019,11,2019,3
03/12/2019,12,2019,3
03/13/2019,13,2019,3
03/14/2019,14,2019,3
03/15/2019,15,2019,3
03/16/2019,16,2019,3
03/17/2019,17,2019,3
03/18/2019,18,2019,3
03/19/2019,19,2019,3
03/20/2019,20,2019,3
03/21/2019,21,2019,3
03/22/2019,22,2019,3
03/23/2019,23,2019,3
03/24/2019,24,2019,3
03/25/2019,25,2019,3
03/26/2019,26,2019,3
03/27/2019,27,2019,3
03/28/2019,28,2019,3
03/29/2019,29,2019,3
03/30/2019,30,2019,3
03/31/2019,31,2019,3
04/01/2019,1,2019,3
04/02/2019,2,2019,3
04/03/2019,3,2019,3
04/04/2019,4,2019,3
04/05/2019,5,2019,3
04/06/2019,6,2019,3
04/07/2019,7,2019,3
04/08/2019,8,2019,3
04/09/2019,9,2019,3
04/10/2019,10,2019,3
04/11/2019,11,2019,3
04/12/2019,12,2019,3
04/13/2019,13,2019,3
04/14/2019,14,2019,3
04/15/2019,15,2019,3
04/16/2019,16,2019,3
04/17/2019,17,2019,3
04/18/2019,18,2019,3
04/19/2019,19,2019,3
04/20/2019,20,2019,3
04/21/2019,21,2019,3
04/22/2019,22,2019,3
04/23/2019,23,2019,3
04/24/2019,24,2019,3
04/25/2019,25,2019,3
04/26/2019,26,2019,3
04/27/2019,27,2019,3
04/28/2019,28,2019,3
04/29/2019,29,2019,3
04/30/2019,30,2019,3
05/01/2019,1,2019,3
05/02/2019,2,2019,3
05/03/2019,3,2019,3
05/04/2019,4,2019,3
05/05/2019,5,2019,3
05/06/2019,6,2019,3
05/07/2019,7,2019,3
05/08/2019,8,2019,3
05/09/2019,9,2019,3
05/10/2019,10,2019,3
05/11/2019,11,2019,3
05/12/2019,12,2019,3
05/13/2019,13,2019,3
05/14/2019,14,2019,3
05/15/2019,15,2019,3
05/16/2019,16,2019,3
05/17/2019,17,2019,3
05/18/2019,18,2019,3
05/19/2019,19,2019,3
05/20/2019,20,2019,3
05/21/2019,21,2019,3
05/22/2019,22,2019,3
05/23/2019,23,2019,3
05/24/2019,24,2019,3
05/25/2019,25,2019,3
05/26/2019,26,2019,3
05/27/2019,27,2019,3
05/28/2019,28,2019,3
05/29/2019,29,2019,3
05/30/2019,30,2019,3
05/31/2019,31,2019,3
06/01/2019,1,2019,3
06/02/2019,2,2019,3
06/03/2019,3,2019,3
06/04/2019,4,2019,3
06/05/2019,5,2019,3
06/06/2019,6,2019,3
06/07/2019,7,2019,3
06/08/2019,8,2019,3
06/09/2019,9,2019,3
06/10/2019,10,2019,3
06/11/2019,11,2019,3
06/12/2019,12,2019,3
06/13/2019,13,2019,3
06/14/2019,14,2019,3
06/15/2019,15,2019,3
06/16/2019,16,2019,3
06/17/2019,17,2019,3
06/18/2019,18,2019,3
06/19/2019,19,2019,3
06/20/2019,20,2019,3
06/21/2019,21,2019,3
06/22/2019,22,2019,3
06/23/2019,23,2019,3
06/24/2019,24,2019,3
06/25/2019,25,2019,3
06/26/2019,26,2019,3
06/27/2019,27,2019,3
06/28/2019,28,2019,3
06/29/2019,29,2019,3
06/30/2019,30,2019,3
07/01/2019,1,2019,3
07/02/2019,2,2019,3
07/03/2019,3,2019,3
07/04/2019,4,2019,3
07/05/2019,5,2019,3
07/06/2019,6,2019,3
07/07/2019,7,2019,3
07/08/2019,8,2019,3
07/09/2019,9,2019,3
07/10/2019,10,2019,3
07/11/2019,11,2019,3
07/12/2019,12,2019,3
07/13/2019,13,2019,3
07/14/2019,14,2019,3
07/15/2019,15,2019,3
07/16/2019,16,2019,3
07/17/2019,17,2019,3
07/18/2019,18,2019,3
07/19/2019,19,2019,3
07/20/2019,20,2019,3
07/21/2019,21,2019,3
07/22/2019,22,2019,3
07/23/2019,23,2019,3
07/24/2019,24,2019,3
07/25/2019,25,2019,3
07/26/2019,26,2019,3
07/27/2019,27,2019,3
07/28/2019,28,2019,3
07/29/2019,29,2019,3
07/30/2019,30,2019,3
07/31/2019,31,2019,3
03/01/2020,1,2020,3
03/02/2020,2,2020,3
03/03/2020,3,2020,3
03/04/2020,4,2020,3
03/05/2020,5,2020,3
03/06/2020,6,2020,3
03/07/2020,7,2020,3
03/08/2020,8,2020,3
03/09/2020,9,2020,3
03/10/2020,10,2020,3
03/11/2020,11,2020,3
03/12/2020,12,2020,3
03/13/2020,13,2020,3
03/14/2020,14,2020,3
03/15/2020,15,2020,3
03/16/2020,16,2020,3
03/17/2020,17,2020,3
03/18/2020,18,2020,3
03/19/2020,19,2020,3
03/20/2020,20,2020,3
03/21/2020,21,2020,3
03/22/2020,22,2020,3
03/23/2020,23,2020,3
03/24/2020,24,2020,3
03/25/2020,25,2020,3
03/26/2020,26,2020,3
03/27/2020,27,2020,3
03/28/2020,28,2020,3
03/29/2020,29,2020,3
03/30/2020,30,2020,3
03/31/2020,31,2020,3
04/01/2020,1,2020,3
04/02/2020,2,2020,3
04/03/2020,3,2020,3
04/04/2020,4,2020,3
04/05/2020,5,2020,3
04/06/2020,6,2020,3
04/07/2020,7,2020,3
04/08/2020,8,2020,3
04/09/2020,9,2020,3
04/10/2020,10,2020,3
04/11/2020,11,2020,3
04/12/2020,12,2020,3
04/13/2020,13,2020,3
04/14/2020,14,2020,3
04/15/2020,15,2020,3
04/16/2020,16,2020,3
04/17/2020,17,2020,3
04/18/2020,18,2020,3
04/19/2020,19,2020,3
04/20/2020,20,2020,3
04/21/2020,21,2020,3
04/22/2020,22,2020,3
04/23/2020,23,2020,3
04/24/2020,24,2020,3
04/25/2020,25,2020,3
04/26/2020,26,2020,3
04/27/2020,27,2020,3
04/28/2020,28,2020,3
04/29/2020,29,2020,3
04/30/2020,30,2020,3
05/01/2020,1,2020,3
05/02/2020,2,2020,3
05/03/2020,3,2020,3
05/04/2020,4,2020,3
05/05/2020,5,2020,3
05/06/2020,6,2020,3
05/07/2020,7,2020,3
05/08/2020,8,2020,3
05/09/2020,9,2020,3
05/10/2020,10,2020,3
05/11/2020,11,2020,3
05/12/2020,12,2020,3
05/13/2020,13,2020,3
05/14/2020,14,2020,3
05/15/2020,15,2020,3
05/16/2020,16,2020,3
05/17/2020,17,2020,3
05/18/2020,18,2020,3
05/19/2020,19,2020,3
05/20/2020,20,2020,3
05/21/2020,21,2020,3
05/22/2020,22,2020,3
05/23/2020,23,2020,3
05/24/2020,24,2020,3
05/25/2020,25,2020,3
05/26/2020,26,2020,3
05/27/2020,27,2020,3
05/28/2020,28,2020,3
05/29/2020,29,2020,3
05/30/2020,30,2020,3
05/31/2020,31,2020,3
06/01/2020,1,2020,3
06/02/2020,2,2020,3
06/03/2020,3,2020,3
06/04/2020,4,2020,3
06/05/2020,5,2020,3
06/06/2020,6,2020,3
06/07/2020,7,2020,3
06/08/2020,8,2020,3
06/09/2020,9,2020,3
06/10/2020,10,2020,3
06/11/2020,11,2020,3
06/12/2020,12,2020,3
06/13/2020,13,2020,3
06/14/2020,14,2020,3
06/15/2020,15,2020,3
06/16/2020,16,2020,3
06/17/2020,17,2020,3
06/18/2020,18,2020,3
06/19/2020,19,2020,3
06/20/2020,20,2020,3
06/21/2020,21,2020,3
06/22/2020,22,2020,3
06/23/2020,23,2020,3
06/24/2020,24,2020,3
06/25/2020,25,2020,3
06/26/2020,26,2020,3
06/27/2020,27,2020,3
06/28/2020,28,2020,3
06/29/2020,29,2020,3
06/30/2020,30,2020,3
07/01/2020,1,2020,3
07/02/2020,2,2020,3
07/03/2020,3,2020,3
07/04/2020,4,2020,3
07/05/2020,5,2020,3
07/06/2020,6,2020,3
07/07/2020,7,2020,3
07/08/2020,8,2020,3
07/09/2020,9,2020,3
07/10/2020,10,2020,3
07/11/2020,11,2020,3
07/12/2020,12,2020,3
07/13/2020,13,2020,3
07/14/2020,14,2020,3
07/15/2020,15,2020,3
07/16/2020,16,2020,3
07/17/2020,17,2020,3
07/18/2020,18,2020,3
07/19/2020,19,2020,3
07/20/2020,20,2020,3
07/21/2020,21,2020,3
07/22/2020,22,2020,3
07/23/2020,23,2020,3
07/24/2020,24,2020,3
07/25/2020,25,2020,3
07/26/2020,26,2020,3
07/27/2020,27,2020,3
07/28/2020,28,2020,3
07/29/2020,29,2020,3
07/30/2020,30,2020,3
07/31/2020,31,2020,3
03/01/2021,1,2021,3
03/02/2021,2,2021,3
03/03/2021,3,2021,3
03/04/2021,4,2021,3
03/05/2021,5,2021,3
03/06/2021,6,2021,3
03/07/2021,7,2021,3
03/08/2021,8,2021,3
03/09/2021,9,2021,3
03/10/2021,10,2021,3
03/11/2021,11,2021,3
03/12/2021,12,2021,3
03/13/2021,13,2021,3
03/14/2021,14,2021,3
03/15/2021,15,2021,3
03/16/2021,16,2021,3
03/17/2021,17,2021,3
03/18/2021,18,2021,3
03/19/2021,19,2021,3
03/20/2021,20,2021,3
03/21/2021,21,2021,3
03/22/2021,22,2021,3
03/23/2021,23,2021,3
03/24/2021,24,2021,3
03/25/2021,25,2021,3
03/26/2021,26,2021,3
03/27/2021,27,2021,3
03/28/2021,28,2021,3
03/29/2021,29,2021,3
03/30/2021,30,2021,3
03/31/2021,31,2021,3
04/01/2021,1,2021,3
04/02/2021,2,2021,3
04/03/2021,3,2021,3
04/04/2021,4,2021,3
04/05/2021,5,2021,3
04/06/2021,6,2021,3
04/07/2021,7,2021,3
04/08/2021,8,2021,3
04/09/2021,9,2021,3
04/10/2021,10,2021,3
04/11/2021,11,2021,3
04/12/2021,12,2021,3
04/13/2021,13,2021,3
04/14/2021,14,2021,3
04/15/2021,15,2021,3
04/16/2021,16,2021,3
04/17/2021,17,2021,3
04/18/2021,18,2021,3
04/19/2021,19,2021,3
04/20/2021,20,2021,3
04/21/2021,21,2021,3
04/22/2021,22,2021,3
04/23/2021,23,2021,3
04/24/2021,24,2021,3
04/25/2021,25,2021,3
04/26/2021,26,2021,3
04/27/2021,27,2021,3
04/28/2021,28,2021,3
04/29/2021,29,2021,3
04/30/2021,30,2021,3
05/01/2021,1,2021,3
05/02/2021,2,2021,3
05/03/2021,3,2021,3
05/04/2021,4,2021,3
05/05/2021,5,2021,3
05/06/2021,6,2021,3
05/07/2021,7,2021,3
05/08/2021,8,2021,3
05/09/2021,9,2021,3
05/10/2021,10,2021,3
05/11/2021,11,2021,3
05/12/2021,12,2021,3
05/13/2021,13,2021,3
05/14/2021,14,2021,3
05/15/2021,15,2021,3
05/16/2021,16,2021,3
05/17/2021,17,2021,3
05/18/2021,18,2021,3
05/19/2021,19,2021,3
05/20/2021,20,2021,3
05/21/2021,21,2021,3
05/22/2021,22,2021,3
05/23/2021,23,2021,3
05/24/2021,24,2021,3
05/25/2021,25,2021,3
05/26/2021,26,2021,3
05/27/2021,27,2021,3
05/28/2021,28,2021,3
05/29/2021,29,2021,3
05/30/2021,30,2021,3
05/31/2021,31,2021,3
06/01/2021,1,2021,3
06/02/2021,2,2021,3
06/03/2021,3,2021,3
06/04/2021,4,2021,3
06/05/2021,5,2021,3
06/06/2021,6,2021,3
06/07/2021,7,2021,3
06/08/2021,8,2021,3
06/09/2021,9,2021,3
06/10/2021,10,2021,3
06/11/2021,11,2021,3
06/12/2021,12,2021,3
06/13/2021,13,2021,3
06/14/2021,14,2021,3
06/15/2021,15,2021,3
06/16/2021,16,2021,3
06/17/2021,17,2021,3
06/18/2021,18,2021,3
06/19/2021,19,2021,3
06/20/2021,20,2021,3
06/21/2021,21,2021,3
06/22/2021,22,2021,3
06/23/2021,23,2021,3
06/24/2021,24,2021,3
06/25/2021,25,2021,3
06/26/2021,26,2021,3
06/27/2021,27,2021,3
06/28/2021,28,2021,3
06/29/2021,29,2021,3
06/30/2021,30,2021,3
07/01/2021,1,2021,3
07/02/2021,2,2021,3
07/03/2021,3,2021,3
07/04/2021,4,2021,3
07/05/2021,5,2021,3
07/06/2021,6,2021,3
07/07/2021,7,2021,3
07/08/2021,8,2021,3
07/09/2021,9,2021,3
07/10/2021,10,2021,3
07/11/2021,11,2021,3
07/12/2021,12,2021,3
07/13/2021,13,2021,3
07/14/2021,14,2021,3
07/15/2021,15,2021,3
07/16/2021,16,2021,3
07/17/2021,17,2021,3
07/18/2021,18,2021,3
07/19/2021,19,2021,3
07/20/2021,20,2021,3
07/21/2021,21,2021,3
07/22/2021,22,2021,3
07/23/2021,23,2021,3
07/24/2021,24,2021,3
07/25/2021,25,2021,3
07/26/2021,26,2021,3
07/27/2021,27,2021,3
07/28/2021,28,2021,3
07/29/2021,29,2021,3
07/30/2021,30,2021,3
07/31/2021,31,2021,3
03/01/2022,1,2022,3
03/02/2022,2,2022,3
03/03/2022,3,2022,3
03/04/2022,4,2022,3
03/05/2022,5,2022,3
03/06/2022,6,2022,3
03/07/2022,7,2022,3
03/08/2022,8,2022,3
03/09/2022,9,2022,3
03/10/2022,10,2022,3
03/11/2022,11,2022,3
03/12/2022,12,2022,3
03/13/2022,13,2022,3
03/14/2022,14,2022,3
03/15/2022,15,2022,3
03/16/2022,16,2022,3
03/17/2022,17,2022,3
03/18/2022,18,2022,3
03/19/2022,19,2022,3
03/20/2022,20,2022,3
03/21/2022,21,2022,3
03/22/2022,22,2022,3
03/23/2022,23,2022,3
03/24/2022,24,2022,3
03/25/2022,25,2022,3
03/26/2022,26,2022,3
03/27/2022,27,2022,3
03/28/2022,28,2022,3
03/29/2022,29,2022,3
03/30/2022,30,2022,3
03/31/2022,31,2022,3
04/01/2022,1,2022,3
04/02/2022,2,2022,3
04/03/2022,3,2022,3
04/04/2022,4,2022,3
04/05/2022,5,2022,3
04/06/2022,6,2022,3
04/07/2022,7,2022,3
04/08/2022,8,2022,3
04/09/2022,9,2022,3
04/10/2022,10,2022,3
04/11/2022,11,2022,3
04/12/2022,12,2022,3
04/13/2022,13,2022,3
04/14/2022,14,2022,3
04/15/2022,15,2022,3
04/16/2022,16,2022,3
04/17/2022,17,2022,3
04/18/2022,18,2022,3
04/19/2022,19,2022,3
04/20/2022,20,2022,3
04/21/2022,21,2022,3
04/22/2022,22,2022,3
04/23/2022,23,2022,3
04/24/2022,24,2022,3
04/25/2022,25,2022,3
04/26/2022,26,2022,3
04/27/2022,27,2022,3
04/28/2022,28,2022,3
04/29/2022,29,2022,3
04/30/2022,30,2022,3
05/01/2022,1,2022,3
05/02/2022,2,2022,3
05/03/2022,3,2022,3
05/04/2022,4,2022,3
05/05/2022,5,2022,3
05/06/2022,6,2022,3
05/07/2022,7,2022,3
05/08/2022,8,2022,3
05/09/2022,9,2022,3
05/10/2022,10,2022,3
05/11/2022,11,2022,3
05/12/2022,12,2022,3
05/13/2022,13,2022,3
05/14/2022,14,2022,3
05/15/2022,15,2022,3
05/16/2022,16,2022,3
05/17/2022,17,2022,3
05/18/2022,18,2022,3
05/19/2022,19,2022,3
05/20/2022,20,2022,3
05/21/2022,21,2022,3
05/22/2022,22,2022,3
05/23/2022,23,2022,3
05/24/2022,24,2022,3
05/25/2022,25,2022,3
05/26/2022,26,2022,3
05/27/2022,27,2022,3
05/28/2022,28,2022,3
05/29/2022,29,2022,3
05/30/2022,30,2022,3
05/31/2022,31,2022,3
06/01/2022,1,2022,3
06/02/2022,2,2022,3
06/03/2022,3,2022,3
06/04/2022,4,2022,3
06/05/2022,5,2022,3
06/06/2022,6,2022,3
06/07/2022,7,2022,3
06/08/2022,8,2022,3
06/09/2022,9,2022,3
06/10/2022,10,2022,3
06/11/2022,11,2022,3
06/12/2022,12,2022,3
06/13/2022,13,2022,3
06/14/2022,14,2022,3
06/15/2022,15,2022,3
06/16/2022,16,2022,3
06/17/2022,17,2022,3
06/18/2022,18,2022,3
06/19/2022,19,2022,3
06/20/2022,20,2022,3
06/21/2022,21,2022,3
06/22/2022,22,2022,3
06/23/2022,23,2022,3
06/24/2022,24,2022,3
06/25/2022,25,2022,3
06/26/2022,26,2022,3
06/27/2022,27,2022,3
06/28/2022,28,2022,3
06/29/2022,29,2022,3
06/30/2022,30,2022,3
07/01/2022,1,2022,3
07/02/2022,2,2022,3
07/03/2022,3,2022,3
07/04/2022,4,2022,3
07/05/2022,5,2022,3
07/06/2022,6,2022,3
07/07/2022,7,2022,3
07/08/2022,8,2022,3
07/09/2022,9,2022,3
07/10/2022,10,2022,3
07/11/2022,11,2022,3
07/12/2022,12,2022,3
07/13/2022,13,2022,3
07/14/2022,14,2022,3
07/15/2022,15,2022,3
07/16/2022,16,2022,3
07/17/2022,17,2022,3
07/18/2022,18,2022,3
07/19/2022,19,2022,3
07/20/2022,20,2022,3
07/21/2022,21,2022,3
07/22/2022,22,2022,3
07/23/2022,23,2022,3
07/24/2022,24,2022,3
07/25/2022,25,2022,3
07/26/2022,26,2022,3
07/27/2022,27,2022,3
07/28/2022,28,2022,3
07/29/2022,29,2022,3
07/30/2022,30,2022,3
07/31/2022,31,2022,3
03/01/2023,1,2023,3
03/02/2023,2,2023,3
03/03/2023,3,2023,3
03/04/2023,4,2023,3
03/05/2023,5,2023,3
03/06/2023,6,2023,3
03/07/2023,7,2023,3
03/08/2023,8,2023,3
03/09/2023,9,2023,3
03/10/2023,10,2023,3
03/11/2023,11,2023,3
03/12/2023,12,2023,3
03/13/2023,13,2023,3
03/14/2023,14,2023,3
03/15/2023,15,2023,3
03/16/2023,16,2023,3
03/17/2023,17,2023,3
03/18/2023,18,2023,3
03/19/2023,19,2023,3
03/20/2023,20,2023,3
03/21/2023,21,2023,3
03/22/2023,22,2023,3
03/23/2023,23,2023,3
03/24/2023,24,2023,3
03/25/2023,25,2023,3
03/26/2023,26,2023,3
03/27/2023,27,2023,3
03/28/2023,28,2023,3
03/29/2023,29,2023,3
03/30/2023,30,2023,3
03/31/2023,31,2023,3
04/01/2023,1,2023,3
04/02/2023,2,2023,3
04/03/2023,3,2023,3
04/04/2023,4,2023,3
04/05/2023,5,2023,3
04/06/2023,6,2023,3
04/07/2023,7,2023,3
04/08/2023,8,2023,3
04/09/2023,9,2023,3
04/10/2023,10,2023,3
04/11/2023,11,2023,3
04/12/2023,12,2023,3
04/13/2023,13,2023,3
04/14/2023,14,2023,3
04/15/2023,15,2023,3
04/16/2023,16,2023,3
04/17/2023,17,2023,3
04/18/2023,18,2023,3
04/19/2023,19,2023,3
04/20/2023,20,2023,3
04/21/2023,21,2023,3
04/22/2023,22,2023,3
04/23/2023,23,2023,3
04/24/2023,24,2023,3
04/25/2023,25,2023,3
04/26/2023,26,2023,3
04/27/2023,27,2023,3
04/28/2023,28,2023,3
04/29/2023,29,2023,3
04/30/2023,30,2023,3
05/01/2023,1,2023,3
05/02/2023,2,2023,3
05/03/2023,3,2023,3
05/04/2023,4,2023,3
05/05/2023,5,2023,3
05/06/2023,6,2023,3
05/07/2023,7,2023,3
05/08/2023,8,2023,3
05/09/2023,9,2023,3
05/10/2023,10,2023,3
05/11/2023,11,2023,3
05/12/2023,12,2023,3
05/13/2023,13,2023,3
05/14/2023,14,2023,3
05/15/2023,15,2023,3
05/16/2023,16,2023,3
05/17/2023,17,2023,3
05/18/2023,18,2023,3
05/19/2023,19,2023,3
05/20/2023,20,2023,3
05/21/2023,21,2023,3
05/22/2023,22,2023,3
05/23/2023,23,2023,3
05/24/2023,24,2023,3
05/25/2023,25,2023,3
05/26/2023,26,2023,3
05/27/2023,27,2023,3
05/28/2023,28,2023,3
05/29/2023,29,2023,3
05/30/2023,30,2023,3
05/31/2023,31,2023,3
06/01/2023,1,2023,3
06/02/2023,2,2023,3
06/03/2023,3,2023,3
06/04/2023,4,2023,3
06/05/2023,5,2023,3
06/06/2023,6,2023,3
06/07/2023,7,2023,3
06/08/2023,8,2023,3
06/09/2023,9,2023,3
06/10/2023,10,2023,3
06/11/2023,11,2023,3
06/12/2023,12,2023,3
06/13/2023,13,2023,3
06/14/2023,14,2023,3
06/15/2023,15,2023,3
06/16/2023,16,2023,3
06/17/2023,17,2023,3
06/18/2023,18,2023,3
06/19/2023,19,2023,3
06/20/2023,20,2023,3
06/21/2023,21,2023,3
06/22/2023,22,2023,3
06/23/2023,23,2023,3
06/24/2023,24,2023,3
06/25/2023,25,2023,3
06/26/2023,26,2023,3
06/27/2023,27,2023,3
06/28/2023,28,2023,3
06/29/2023,29,2023,3
06/30/2023,30,2023,3
07/01/2023,1,2023,3
07/02/2023,2,2023,3
07/03/2023,3,2023,3
07/04/2023,4,2023,3
07/05/2023,5,2023,3
07/06/2023,6,2023,3
07/07/2023,7,2023,3
07/08/2023,8,2023,3
07/09/2023,9,2023,3
07/10/2023,10,2023,3
07/11/2023,11,2023,3
07/12/2023,12,2023,3
07/13/2023,13,2023,3
07/14/2023,14,2023,3
07/15/2023,15,2023,3
07/16/2023,16,2023,3
07/17/2023,17,2023,3
07/18/2023,18,2023,3
07/19/2023,19,2023,3
07/20/2023,20,2023,3
07/21/2023,21,2023,3
07/22/2023,22,2023,3
07/23/2023,23,2023,3
07/24/2023,24,2023,3
07/25/2023,25,2023,3
07/26/2023,26,2023,3
07/27/2023,27,2023,3
07/28/2023,28,2023,3
07/29/2023,29,2023,3
07/30/2023,30,2023,3
07/31/2023,31,2023,3
03/01/2024,1,2024,3
03/02/2024,2,2024,3
03/03/2024,3,2024,3
03/04/2024,4,2024,3
03/05/2024,5,2024,3
03/06/2024,6,2024,3
03/07/2024,7,2024,3
03/08/2024,8,2024,3
03/09/2024,9,2024,3
03/10/2024,10,2024,3
03/11/2024,11,2024,3
03/12/2024,12,2024,3
03/13/2024,13,2024,3
03/14/2024,14,2024,3
03/15/2024,15,2024,3
03/16/2024,16,2024,3
03/17/2024,17,2024,3
03/18/2024,18,2024,3
03/19/2024,19,2024,3
03/20/2024,20,2024,3
03/21/2024,21,2024,3
03/22/2024,22,2024,3
03/23/2024,23,2024,3
03/24/2024,24,2024,3
03/25/2024,25,2024,3
03/26/2024,26,2024,3
03/27/2024,27,2024,3
03/28/2024,28,2024,3
03/29/2024,29,2024,3
03/30/2024,30,2024,3
03/31/2024,31,2024,3
04/01/2024,1,2024,3
04/02/2024,2,2024,3
04/03/2024,3,2024,3
04/04/2024,4,2024,3
04/05/2024,5,2024,3
04/06/2024,6,2024,3
04/07/2024,7,2024,3
04/08/2024,8,2024,3
04/09/2024,9,2024,3
04/10/2024,10,2024,3
04/11/2024,11,2024,3
04/12/2024,12,2024,3
04/13/2024,13,2024,3
04/14/2024,14,2024,3
04/15/2024,15,2024,3
04/16/2024,16,2024,3
04/17/2024,17,2024,3
04/18/2024,18,2024,3
04/19/2024,19,2024,3
04/20/2024,20,2024,3
04/21/2024,21,2024,3
04/22/2024,22,2024,3
04/23/2024,23,2024,3
04/24/2024,24,2024,3
04/25/2024,25,2024,3
04/26/2024,26,2024,3
04/27/2024,27,2024,3
04/28/2024,28,2024,3
04/29/2024,29,2024,3
04/30/2024,30,2024,3
05/01/2024,1,2024,3
05/02/2024,2,2024,3
05/03/2024,3,2024,3
05/04/2024,4,2024,3
05/05/2024,5,2024,3
05/06/2024,6,2024,3
05/07/2024,7,2024,3
05/08/2024,8,2024,3
05/09/2024,9,2024,3
05/10/2024,10,2024,3
05/11/2024,11,2024,3
05/12/2024,12,2024,3
05/13/2024,13,2024,3
05/14/2024,14,2024,3
05/15/2024,15,2024,3
05/16/2024,16,2024,3
05/17/2024,17,2024,3
05/18/2024,18,2024,3
05/19/2024,19,2024,3
05/20/2024,20,2024,3
05/21/2024,21,2024,3
05/22/2024,22,2024,3
05/23/2024,23,2024,3
05/24/2024,24,2024,3
05/25/2024,25,2024,3
05/26/2024,26,2024,3
05/27/2024,27,2024,3
05/28/2024,28,2024,3
05/29/2024,29,2024,3
05/30/2024,30,2024,3
05/31/2024,31,2024,3
06/01/2024,1,2024,3
06/02/2024,2,2024,3
06/03/2024,3,2024,3
06/04/2024,4,2024,3
06/05/2024,5,2024,3
06/06/2024,6,2024,3
06/07/2024,7,2024,3
06/08/2024,8,2024,3
06/09/2024,9,2024,3
06/10/2024,10,2024,3
06/11/2024,11,2024,3
06/12/2024,12,2024,3
06/13/2024,13,2024,3
06/14/2024,14,2024,3
06/15/2024,15,2024,3
06/16/2024,16,2024,3
06/17/2024,17,2024,3
06/18/2024,18,2024,3
06/19/2024,19,2024,3
06/20/2024,20,2024,3
06/21/2024,21,2024,3
06/22/2024,22,2024,3
06/23/2024,23,2024,3
06/24/2024,24,2024,3
06/25/2024,25,2024,3
06/26/2024,26,2024,3
06/27/2024,27,2024,3
06/28/2024,28,2024,3
06/29/2024,29,2024,3
06/30/2024,30,2024,3
07/01/2024,1,2024,3
07/02/2024,2,2024,3
07/03/2024,3,2024,3
07/04/2024,4,2024,3
07/05/2024,5,2024,3
07/06/2024,6,2024,3
07/07/2024,7,2024,3
07/08/2024,8,2024,3
07/09/2024,9,2024,3
07/10/2024,10,2024,3
07/11/2024,11,2024,3
07/12/2024,12,2024,3
07/13/2024,13,2024,3
07/14/2024,14,2024,3
07/15/2024,15,2024,3
07/16/2024,16,2024,3
07/17/2024,17,2024,3
07/18/2024,18,2024,3
07/19/2024,19,2024,3
07/20/2024,20,2024,3
07/21/2024,21,2024,3
07/22/2024,22,2024,3
07/23/2024,23,2024,3
07/24/2024,24,2024,3
07/25/2024,25,2024,3
07/26/2024,26,2024,3
07/27/2024,27,2024,3
07/28/2024,28,2024,3
07/29/2024,29,2024,3
07/30/2024,30,2024,3
07/31/2024,31,2024,3
03/01/2025,1,2025,3
03/02/2025,2,2025,3
03/03/2025,3,2025,3
03/04/2025,4,2025,3
03/05/2025,5,2025,3
03/06/2025,6,2025,3
03/07/2025,7,2025,3
03/08/2025,8,2025,3
03/09/2025,9,2025,3
03/10/2025,10,2025,3
03/11/2025,11,2025,3
03/12/2025,12,2025,3
03/13/2025,13,2025,3
03/14/2025,14,2025,3
03/15/2025,15,2025,3
03/16/2025,16,2025,3
03/17/2025,17,2025,3
03/18/2025,18,2025,3
03/19/2025,19,2025,3
03/20/2025,20,2025,3
03/21/2025,21,2025,3
03/22/2025,22,2025,3
03/23/2025,23,2025,3
03/24/2025,24,2025,3
03/25/2025,25,2025,3
03/26/2025,26,2025,3
03/27/2025,27,2025,3
03/28/2025,28,2025,3
03/29/2025,29,2025,3
03/30/2025,30,2025,3
03/31/2025,31,2025,3
04/01/2025,1,2025,3
04/02/2025,2,2025,3
04/03/2025,3,2025,3
04/04/2025,4,2025,3
04/05/2025,5,2025,3
04/06/2025,6,2025,3
04/07/2025,7,2025,3
04/08/2025,8,2025,3
04/09/2025,9,2025,3
04/10/2025,10,2025,3
04/11/2025,11,2025,3
04/12/2025,12,2025,3
04/13/2025,13,2025,3
04/14/2025,14,2025,3
04/15/2025,15,2025,3
04/16/2025,16,2025,3
04/17/2025,17,2025,3
04/18/2025,18,2025,3
04/19/2025,19,2025,3
04/20/2025,20,2025,3
04/21/2025,21,2025,3
04/22/2025,22,2025,3
04/23/2025,23,2025,3
04/24/2025,24,2025,3
04/25/2025,25,2025,3
04/26/2025,26,2025,3
04/27/2025,27,2025,3
04/28/2025,28,2025,3
04/29/2025,29,2025,3
04/30/2025,30,2025,3
05/01/2025,1,2025,3
05/02/2025,2,2025,3
05/03/2025,3,2025,3
05/04/2025,4,2025,3
05/05/2025,5,2025,3
05/06/2025,6,2025,3
05/07/2025,7,2025,3
05/08/2025,8,2025,3
05/09/2025,9,2025,3
05/10/2025,10,2025,3
05/11/2025,11,2025,3
05/12/2025,12,2025,3
05/13/2025,13,2025,3
05/14/2025,14,2025,3
05/15/2025,15,2025,3
05/16/2025,16,2025,3
05/17/2025,17,2025,3
05/18/2025,18,2025,3
05/19/2025,19,2025,3
05/20/2025,20,2025,3
05/21/2025,21,2025,3
05/22/2025,22,2025,3
05/23/2025,23,2025,3
05/24/2025,24,2025,3
05/25/2025,25,2025,3
05/26/2025,26,2025,3
05/27/2025,27,2025,3
05/28/2025,28,2025,3
05/29/2025,29,2025,3
05/30/2025,30,2025,3
05/31/2025,31,2025,3
06/01/2025,1,2025,3
06/02/2025,2,2025,3
06/03/2025,3,2025,3
06/04/2025,4,2025,3
06/05/2025,5,2025,3
06/06/2025,6,2025,3
06/07/2025,7,2025,3
06/08/2025,8,2025,3
06/09/2025,9,2025,3
06/10/2025,10,2025,3
06/11/2025,11,2025,3
06/12/2025,12,2025,3
06/13/2025,13,2025,3
06/14/2025,14,2025,3
06/15/2025,15,2025,3
06/16/2025,16,2025,3
06/17/2025,17,2025,3
06/18/2025,18,2025,3
06/19/2025,19,2025,3
06/20/2025,20,2025,3
06/21/2025,21,2025,3
06/22/2025,22,2025,3
06/23/2025,23,2025,3
06/24/2025,24,2025,3
06/25/2025,25,2025,3
06/26/2025,26,2025,3
06/27/2025,27,2025,3
06/28/2025,28,2025,3
06/29/2025,29,2025,3
06/30/2025,30,2025,3
07/01/2025,1,2025,3
07/02/2025,2,2025,3
07/03/2025,3,2025,3
07/04/2025,4,2025,3
07/05/2025,5,2025,3
07/06/2025,6,2025,3
07/07/2025,7,2025,3
07/08/2025,8,2025,3
07/09/2025,9,2025,3
07/10/2025,10,2025,3
07/11/2025,11,2025,3
07/12/2025,12,2025,3
07/13/2025,13,2025,3
07/14/2025,14,2025,3
07/15/2025,15,2025,3
07/16/2025,16,2025,3
07/17/2025,17,2025,3
07/18/2025,18,2025,3
07/19/2025,19,2025,3
07/20/2025,20,2025,3
07/21/2025,21,2025,3
07/22/2025,22,2025,3
07/23/2025,23,2025,3
07/24/2025,24,2025,3
07/25/2025,25,2025,3
07/26/2025,26,2025,3
07/27/2025,27,2025,3
07/28/2025,28,2025,3
07/29/2025,29,2025,3
07/30/2025,30,2025,3
07/31/2025,31,2025,3
