date,n1,n2,n3,n4,n5,s1
07/18/2016,7,18,16,3,4,10
07/21/2016,7,21,16,3,27,36
07/25/2016,7,25,16,15,20,32
07/28/2016,7,28,16,12,29,33
08/01/2016,8,1,16,7,17,24
08/04/2016,8,4,16,12,20,37
08/08/2016,8,8,16,20,29,31
08/11/2016,8,11,16,14,31,32
08/15/2016,8,15,16,1,4,14
08/18/2016,8,18,16,1,2,14
08/22/2016,8,22,16,4,17,18
08/25/2016,8,25,16,8,30,35
08/29/2016,8,29,16,13,21,27
09/01/2016,9,1,16,2,17,24
09/05/2016,9,5,16,9,14,21
09/08/2016,9,8,16,3,19,33
09/12/2016,9,12,16,25,28,30
09/15/2016,9,15,16,1,4,16
09/19/2016,9,19,16,1,4,19
09/22/2016,9,22,16,15,17,27
09/26/2016,9,26,16,5,8,14
09/29/2016,9,29,16,6,14,25
10/03/2016,10,3,16,2,16,20
10/06/2016,10,6,16,21,24,28
10/10/2016,10,10,16,14,23,26
10/13/2016,10,13,16,2,3,9
10/17/2016,10,17,16,6,23,31
10/20/2016,10,20,16,4,5,9
10/24/2016,10,24,16,6,23,33
10/27/2016,10,27,16,15,26,34
10/31/2016,10,31,16,3,4,12
11/03/2016,11,3,16,6,15,24
11/07/2016,11,7,16,3,9,33
11/10/2016,11,10,16,8,10,12
11/14/2016,11,14,16,21,27,37
11/17/2016,11,17,16,9,12,19
11/21/2016,11,21,16,3,7,12
11/24/2016,11,24,16,5,10,15
11/28/2016,11,28,16,2,5,6
12/01/2016,12,1,16,21,23,39
12/05/2016,12,5,16,9,10,17
12/08/2016,12,8,16,5,7,8
12/12/2016,12,12,16,6,18,25
12/15/2016,12,15,16,4,9,27
12/19/2016,12,19,16,1,8,35
12/22/2016,12,22,16,10,15,21
12/26/2016,12,26,16,1,4,27
12/29/2016,12,29,16,6,10,15
01/02/2017,1,2,17,13,17,28
01/05/2017,1,5,17,10,11,26
01/09/2017,1,9,17,2,29,34
01/12/2017,1,12,17,6,7,10
01/16/2017,1,16,17,5,6,24
01/19/2017,1,19,17,4,7,15
01/23/2017,1,23,17,3,20,29
01/26/2017,1,26,17,3,11,13
01/30/2017,1,30,17,6,8,28
02/02/2017,2,2,17,31,32,36
02/06/2017,2,6,17,3,5,6
02/09/2017,2,9,17,5,9,17
02/13/2017,2,13,17,4,9,38
02/16/2017,2,16,17,6,18,40
02/20/2017,2,20,17,2,14,18
02/23/2017,2,23,17,12,14,17
02/27/2017,2,27,17,5,8,27
03/02/2017,3,2,17,23,24,25
03/06/2017,3,6,17,4,11,19
03/09/2017,3,9,17,1,6,12
03/13/2017,3,13,17,2,9,24
03/16/2017,3,16,17,1,9,25
03/20/2017,3,20,17,6,8,18
03/23/2017,3,23,17,1,5,6
03/27/2017,3,27,17,1,17,19
03/30/2017,3,30,17,1,10,21
04/03/2017,4,3,17,10,17,32
04/06/2017,4,6,17,6,18,37
04/10/2017,4,10,17,13,34,36
04/13/2017,4,13,17,2,3,21
04/17/2017,4,17,17,11,17,25
04/20/2017,4,20,17,4,24,29
04/24/2017,4,24,17,2,12,32
04/27/2017,4,27,17,3,19,39
05/01/2017,5,1,17,3,13,23
05/04/2017,5,4,17,5,22,29
05/08/2017,5,8,17,4,7,23
05/11/2017,5,11,17,5,14,17
05/15/2017,5,15,17,15,17,30
05/18/2017,5,18,17,5,10,34
05/22/2017,5,22,17,12,16,31
05/25/2017,5,25,17,3,6,14
05/29/2017,5,29,17,20,25,29
06/01/2017,6,1,17,7,28,34
06/05/2017,6,5,17,13,15,17
06/08/2017,6,8,17,12,13,26
06/12/2017,6,12,17,7,13,29
06/15/2017,6,15,17,9,19,36
06/19/2017,6,19,17,8,23,24
06/22/2017,6,22,17,1,7,12
06/26/2017,6,26,17,7,18,21
06/29/2017,6,29,17,4,12,27
07/03/2017,7,3,17,15,19,43
07/06/2017,7,6,17,3,4,10
07/10/2017,7,10,17,9,23,32
07/13/2017,7,13,17,6,15,18
07/17/2017,7,17,17,2,6,8
07/20/2017,7,20,17,2,10,13
07/24/2017,7,24,17,16,26,27
07/27/2017,7,27,17,16,17,31
07/31/2017,7,31,17,7,14,22
08/03/2017,8,3,17,11,26,30
08/07/2017,8,7,17,7,12,22
08/10/2017,8,10,17,19,29,30
08/14/2017,8,14,17,4,8,15
08/17/2017,8,17,17,12,17,31
08/21/2017,8,21,17,5,29,38
08/24/2017,8,24,17,1,3,27
08/28/2017,8,28,17,1,5,6
08/31/2017,8,31,17,19,20,36
09/04/2017,9,4,17,1,4,9
09/07/2017,9,7,17,19,27,28
09/11/2017,9,11,17,11,23,27
09/14/2017,9,14,17,4,9,14
09/18/2017,9,18,17,4,14,19
09/21/2017,9,21,17,7,13,19
09/25/2017,9,25,17,14,17,19
09/28/2017,9,28,17,9,10,12
10/02/2017,10,2,17,24,25,28
10/05/2017,10,5,17,12,13,21
10/09/2017,10,9,17,19,21,23
10/12/2017,10,12,17,5,19,27
10/16/2017,10,16,17,1,2,12
10/19/2017,10,19,17,9,24,27
10/23/2017,10,23,17,4,7,9
10/26/2017,10,26,17,2,6,12
10/30/2017,10,30,17,2,12,22
11/02/2017,11,2,17,2,4,8
11/06/2017,11,6,17,22,24,28
11/09/2017,11,9,17,10,36,40
11/13/2017,11,13,17,20,21,37
11/16/2017,11,16,17,14,20,21
11/20/2017,11,20,17,7,16,20
11/23/2017,11,23,17,10,15,19
11/27/2017,11,27,17,12,13,20
11/30/2017,11,30,17,2,3,27
12/04/2017,12,4,17,1,2,7
12/07/2017,12,7,17,7,18,21
12/11/2017,12,11,17,16,37,46
12/14/2017,12,14,17,17,21,25
12/18/2017,12,18,17,13,16,21
12/21/2017,12,21,17,10,14,15
12/25/2017,12,25,17,8,37,43
12/28/2017,12,28,17,4,21,29
01/01/2018,1,1,18,15,18,25
01/04/2018,1,4,18,11,12,19
01/08/2018,1,8,18,1,3,15
01/11/2018,1,11,18,8,12,15
01/15/2018,1,15,18,11,15,32
01/18/2018,1,18,18,5,15,21
01/22/2018,1,22,18,5,13,26
01/25/2018,1,25,18,8,9,31
01/29/2018,1,29,18,1,4,6
02/01/2018,2,1,18,3,13,21
02/05/2018,2,5,18,1,2,5
02/08/2018,2,8,18,4,10,13
02/12/2018,2,12,18,7,11,33
02/15/2018,2,15,18,1,11,36
02/19/2018,2,19,18,2,14,41
02/22/2018,2,22,18,6,23,32
02/26/2018,2,26,18,6,11,16
03/01/2018,3,1,18,7,10,26
03/05/2018,3,5,18,5,17,23
03/08/2018,3,8,18,20,24,26
03/12/2018,3,12,18,1,8,20
03/15/2018,3,15,18,10,16,17
03/19/2018,3,19,18,17,26,31
03/22/2018,3,22,18,9,17,27
03/26/2018,3,26,18,3,4,15
03/29/2018,3,29,18,16,19,31
04/02/2018,4,2,18,2,6,11
04/05/2018,4,5,18,2,10,12
04/09/2018,4,9,18,9,13,20
04/12/2018,4,12,18,5,20,33
04/16/2018,4,16,18,9,11,26
04/19/2018,4,19,18,16,19,35
04/23/2018,4,23,18,7,12,20
04/26/2018,4,26,18,20,21,27
04/30/2018,4,30,18,1,10,13
05/03/2018,5,3,18,5,22,26
05/07/2018,5,7,18,2,5,6
05/10/2018,5,10,18,17,35,46
05/14/2018,5,14,18,11,26,33
05/17/2018,5,17,18,6,7,14
05/21/2018,5,21,18,4,12,31
05/24/2018,5,24,18,18,32,38
05/28/2018,5,28,18,4,6,13
05/31/2018,5,31,18,16,34,41
06/04/2018,6,4,18,1,5,20
06/07/2018,6,7,18,2,9,27
06/11/2018,6,11,18,4,5,25
06/14/2018,6,14,18,7,13,33
06/18/2018,6,18,18,1,22,27
06/21/2018,6,21,18,3,6,25
06/25/2018,6,25,18,3,31,42
06/28/2018,6,28,18,3,23,27
07/02/2018,7,2,18,13,18,27
07/05/2018,7,5,18,12,16,31
07/09/2018,7,9,18,18,24,43
07/12/2018,7,12,18,4,8,14
07/16/2018,7,16,18,14,17,18
07/19/2018,7,19,18,14,27,29
07/23/2018,7,23,18,1,5,11
07/26/2018,7,26,18,9,10,14
07/30/2018,7,30,18,8,15,34
08/02/2018,8,2,18,9,16,17
08/06/2018,8,6,18,5,7,13
08/09/2018,8,9,18,13,25,30
08/13/2018,8,13,18,1,15,22
08/16/2018,8,16,18,8,39,42
08/20/2018,8,20,18,4,16,36
08/23/2018,8,23,18,6,10,28
08/27/2018,8,27,18,6,8,12
08/30/2018,8,30,18,16,20,32
09/03/2018,9,3,18,27,40,43
09/06/2018,9,6,18,14,27,29
09/10/2018,9,10,18,1,11,13
09/13/2018,9,13,18,6,12,23
09/17/2018,9,17,18,3,5,6
09/20/2018,9,20,18,8,10,17
09/24/2018,9,24,18,9,16,21
09/27/2018,9,27,18,5,9,29
10/01/2018,10,1,18,8,10,13
10/04/2018,10,4,18,1,10,15
10/08/2018,10,8,18,5,34,35
10/11/2018,10,11,18,10,18,33
10/15/2018,10,15,18,1,30,39
10/18/2018,10,18,18,4,21,24
10/22/2018,10,22,18,7,36,37
10/25/2018,10,25,18,12,20,22
10/29/2018,10,29,18,14,16,26
11/01/2018,11,1,18,4,13,31
11/05/2018,11,5,18,8,18,28
11/08/2018,11,8,18,10,16,38
11/12/2018,11,12,18,2,4,9
11/15/2018,11,15,18,14,28,29
11/19/2018,11,19,18,1,14,15
11/22/2018,11,22,18,8,18,38
11/26/2018,11,26,18,10,23,29
11/29/2018,11,29,18,1,4,11
12/03/2018,12,3,18,7,8,28
12/06/2018,12,6,18,5,14,26
12/10/2018,12,10,18,16,20,26
12/13/2018,12,13,18,15,31,38
12/17/2018,12,17,18,4,8,31
12/20/2018,12,20,18,8,21,26
12/24/2018,12,24,18,2,9,14
12/27/2018,12,27,18,9,16,32
12/31/2018,12,31,18,4,10,15
01/03/2019,1,3,19,2,4,17
01/07/2019,1,7,19,18,31,34
01/10/2019,1,10,19,9,13,21
01/14/2019,1,14,19,11,13,18
01/17/2019,1,17,19,9,22,27
01/21/2019,1,21,19,2,16,40
01/24/2019,1,24,19,21,29,30
01/28/2019,1,28,19,6,12,30
01/31/2019,1,31,19,4,6,10
02/04/2019,2,4,19,14,24,30
02/07/2019,2,7,19,18,23,29
02/11/2019,2,11,19,3,5,10
02/14/2019,2,14,19,24,26,32
02/18/2019,2,18,19,1,8,15
02/21/2019,2,21,19,15,21,23
02/25/2019,2,25,19,24,26,31
02/28/2019,2,28,19,4,7,10
03/04/2019,3,4,19,4,12,28
03/07/2019,3,7,19,5,8,29
03/11/2019,3,11,19,19,24,30
03/14/2019,3,14,19,11,12,23
03/18/2019,3,18,19,3,11,24
03/21/2019,3,21,19,9,24,26
03/25/2019,3,25,19,7,9,14
03/28/2019,3,28,19,21,31,34
04/01/2019,4,1,19,9,19,22
04/04/2019,4,4,19,3,4,8
04/08/2019,4,8,19,17,23,34
04/11/2019,4,11,19,13,17,30
04/15/2019,4,15,19,4,10,20
04/18/2019,4,18,19,2,10,27
04/22/2019,4,22,19,1,11,20
04/25/2019,4,25,19,8,18,21
04/29/2019,4,29,19,7,22,28
05/02/2019,5,2,19,5,7,9
05/06/2019,5,6,19,13,14,26
05/09/2019,5,9,19,5,7,39
05/13/2019,5,13,19,6,11,13
05/16/2019,5,16,19,9,18,26
05/20/2019,5,20,19,26,27,29
05/23/2019,5,23,19,12,23,29
05/27/2019,5,27,19,15,37,43
05/30/2019,5,30,19,7,17,18
06/03/2019,6,3,19,3,19,24
06/06/2019,6,6,19,4,22,28
06/10/2019,6,10,19,26,34,39
06/13/2019,6,13,19,4,5,8
06/17/2019,6,17,19,3,25,29
06/20/2019,6,20,19,13,30,33
06/24/2019,6,24,19,3,17,21
06/27/2019,6,27,19,14,16,19
07/01/2019,7,1,19,11,17,22
07/04/2019,7,4,19,2,7,31
07/08/2019,7,8,19,11,16,18
07/11/2019,7,11,19,5,19,23
07/15/2019,7,15,19,3,14,18
07/18/2019,7,18,19,8,13,32
07/22/2019,7,22,19,5,31,33
07/25/2019,7,25,19,26,29,35
07/29/2019,7,29,19,5,6,16
08/01/2019,8,1,19,1,19,22
08/05/2019,8,5,19,20,30,37
08/08/2019,8,8,19,25,28,34
08/12/2019,8,12,19,2,5,14
08/15/2019,8,15,19,2,11,13
08/19/2019,8,19,19,8,17,26
08/22/2019,8,22,19,7,9,14
08/26/2019,8,26,19,9,25,30
08/29/2019,8,29,19,11,24,28
09/02/2019,9,2,19,6,7,22
09/05/2019,9,5,19,5,20,32
09/09/2019,9,9,19,8,9,17
09/12/2019,9,12,19,2,16,29
09/16/2019,9,16,19,11,12,22
09/19/2019,9,19,19,13,21,27
09/23/2019,9,23,19,4,23,25
09/26/2019,9,26,19,4,11,33
09/30/2019,9,30,19,3,14,45
10/03/2019,10,3,19,1,13,42
10/07/2019,10,7,19,13,18,31
10/10/2019,10,10,19,27,30,31
10/14/2019,10,14,19,12,17,19
10/17/2019,10,17,19,8,9,25
10/21/2019,10,21,19,9,14,15
10/24/2019,10,24,19,5,13,24
10/28/2019,10,28,19,11,15,18
10/31/2019,10,31,19,2,31,33
11/04/2019,11,4,19,28,34,42
11/07/2019,11,7,19,1,10,15
11/11/2019,11,11,19,3,5,22
11/14/2019,11,14,19,9,11,21
11/18/2019,11,18,19,15,22,28
11/21/2019,11,21,19,15,17,20
11/25/2019,11,25,19,1,2,3
11/28/2019,11,28,19,3,9,22
12/02/2019,12,2,19,10,31,43
12/05/2019,12,5,19,3,11,16
12/09/2019,12,9,19,1,16,27
12/12/2019,12,12,19,16,17,21
12/16/2019,12,16,19,11,20,21
12/19/2019,12,19,19,6,27,28
12/23/2019,12,23,19,1,6,16
12/26/2019,12,26,19,16,25,29
12/30/2019,12,30,19,4,15,34
01/02/2020,1,2,20,1,3,18
01/06/2020,1,6,20,5,8,15
01/09/2020,1,9,20,1,14,21
01/13/2020,1,13,20,7,16,30
01/16/2020,1,16,20,10,13,15
01/20/2020,1,20,20,4,7,8
01/23/2020,1,23,20,11,25,28
01/27/2020,1,27,20,1,7,17
01/30/2020,1,30,20,4,6,8
02/03/2020,2,3,20,2,9,34
02/06/2020,2,6,20,18,30,31
02/10/2020,2,10,20,3,7,21
02/13/2020,2,13,20,5,14,31
02/17/2020,2,17,20,4,27,29
02/20/2020,2,20,20,24,27,36
02/24/2020,2,24,20,23,27,33
02/27/2020,2,27,20,19,20,32
03/02/2020,3,2,20,6,13,24
03/05/2020,3,5,20,6,8,9
03/09/2020,3,9,20,3,13,16
03/12/2020,3,12,20,1,13,23
03/16/2020,3,16,20,3,7,24
03/19/2020,3,19,20,13,19,24
03/23/2020,3,23,20,1,30,31
03/26/2020,3,26,20,7,8,10
03/30/2020,3,30,20,2,22,29
04/02/2020,4,2,20,2,4,23
04/06/2020,4,6,20,2,25,26
04/09/2020,4,9,20,6,16,23
04/13/2020,4,13,20,1,37,39
04/16/2020,4,16,20,6,8,20
04/20/2020,4,20,20,1,3,6
04/23/2020,4,23,20,5,31,38
04/27/2020,4,27,20,1,5,9
04/30/2020,4,30,20,3,4,11
05/04/2020,5,4,20,15,20,22
05/07/2020,5,7,20,3,8,22
05/11/2020,5,11,20,1,24,28
05/14/2020,5,14,20,20,26,29
05/18/2020,5,18,20,10,27,32
05/21/2020,5,21,20,8,11,24
05/25/2020,5,25,20,4,28,31
05/28/2020,5,28,20,1,13,36
06/01/2020,6,1,20,5,15,30
06/04/2020,6,4,20,9,18,24
06/08/2020,6,8,20,26,29,31
06/11/2020,6,11,20,9,24,25
06/15/2020,6,15,20,25,28,32
06/18/2020,6,18,20,1,6,16
06/22/2020,6,22,20,13,33,34
06/25/2020,6,25,20,1,8,18
06/29/2020,6,29,20,6,12,16
07/02/2020,7,2,20,2,10,15
07/06/2020,7,6,20,2,10,40
07/09/2020,7,9,20,10,24,28
07/13/2020,7,13,20,9,13,34
07/16/2020,7,16,20,5,7,20
07/20/2020,7,20,20,11,15,37
07/23/2020,7,23,20,5,6,23
07/27/2020,7,27,20,6,10,13
07/30/2020,7,30,20,14,15,16
08/03/2020,8,3,20,4,10,20
08/06/2020,8,6,20,14,18,30
08/10/2020,8,10,20,4,5,16
08/13/2020,8,13,20,9,33,34
08/17/2020,8,17,20,5,9,11
08/20/2020,8,20,20,9,11,18
08/24/2020,8,24,20,18,22,25
08/27/2020,8,27,20,7,8,12
08/31/2020,8,31,20,3,9,14
09/03/2020,9,3,20,1,4,13
09/07/2020,9,7,20,4,7,25
09/10/2020,9,10,20,4,13,25
09/14/2020,9,14,20,2,5,25
09/17/2020,9,17,20,5,28,34
09/21/2020,9,21,20,7,28,39
09/24/2020,9,24,20,17,21,30
09/28/2020,9,28,20,9,14,45
10/01/2020,10,1,20,5,8,9
10/05/2020,10,5,20,7,17,29
10/08/2020,10,8,20,28,30,31
10/12/2020,10,12,20,2,11,21
10/15/2020,10,15,20,4,14,27
10/19/2020,10,19,20,11,17,23
10/22/2020,10,22,20,11,24,35
10/26/2020,10,26,20,9,12,20
10/29/2020,10,29,20,2,11,32
11/02/2020,11,2,20,7,24,26
11/05/2020,11,5,20,2,4,8
11/09/2020,11,9,20,22,24,33
11/12/2020,11,12,20,14,17,24
11/16/2020,11,16,20,3,8,16
11/19/2020,11,19,20,5,16,27
11/23/2020,11,23,20,13,23,31
11/26/2020,11,26,20,11,25,31
11/30/2020,11,30,20,11,18,21
12/03/2020,12,3,20,11,17,22
12/07/2020,12,7,20,3,18,22
12/10/2020,12,10,20,1,5,10
12/14/2020,12,14,20,7,25,34
12/17/2020,12,17,20,1,20,28
12/21/2020,12,21,20,3,32,35
12/24/2020,12,24,20,2,15,40
12/28/2020,12,28,20,6,9,11
12/31/2020,12,31,20,11,28,30
01/04/2021,1,4,21,2,12,21
01/07/2021,1,7,21,3,20,25
01/11/2021,1,11,21,1,8,20
01/14/2021,1,14,21,3,16,20
01/18/2021,1,18,21,2,13,14
01/21/2021,1,21,21,11,15,26
01/25/2021,1,25,21,1,24,28
01/28/2021,1,28,21,2,19,24
02/01/2021,2,1,21,15,17,27
02/04/2021,2,4,21,3,9,13
02/08/2021,2,8,21,2,12,22
02/11/2021,2,11,21,7,9,15
02/15/2021,2,15,21,1,21,22
02/18/2021,2,18,21,10,11,17
02/22/2021,2,22,21,2,10,12
02/25/2021,2,25,21,16,34,35
03/01/2021,3,1,21,5,11,17
03/04/2021,3,4,21,2,5,32
03/08/2021,3,8,21,3,9,40
03/11/2021,3,11,21,15,19,28
03/15/2021,3,15,21,5,14,15
03/18/2021,3,18,21,2,5,21
03/22/2021,3,22,21,3,5,24
03/25/2021,3,25,21,3,24,25
03/29/2021,3,29,21,9,29,32
04/01/2021,4,1,21,5,27,36
04/05/2021,4,5,21,2,5,16
04/08/2021,4,8,21,17,25,30
04/12/2021,4,12,21,1,12,16
04/15/2021,4,15,21,3,4,18
04/19/2021,4,19,21,13,21,31
04/22/2021,4,22,21,20,28,29
04/26/2021,4,26,21,8,22,33
04/29/2021,4,29,21,1,9,10
05/03/2021,5,3,21,7,11,12
05/06/2021,5,6,21,5,13,26
05/10/2021,5,10,21,4,31,32
05/13/2021,5,13,21,3,7,25
05/17/2021,5,17,21,18,29,32
05/20/2021,5,20,21,7,13,38
05/24/2021,5,24,21,3,6,7
05/27/2021,5,27,21,5,6,8
05/31/2021,5,31,21,2,19,28
06/03/2021,6,3,21,11,19,22
06/07/2021,6,7,21,5,7,18
06/10/2021,6,10,21,6,8,10
06/14/2021,6,14,21,3,17,19
06/17/2021,6,17,21,7,10,24
06/21/2021,6,21,21,22,28,33
06/24/2021,6,24,21,23,26,31
06/28/2021,6,28,21,5,7,23
07/01/2021,7,1,21,15,22,30
07/05/2021,7,5,21,2,5,6
07/08/2021,7,8,21,2,17,18
07/12/2021,7,12,21,11,12,22
07/15/2021,7,15,21,5,10,14
07/19/2021,7,19,21,11,38,42
07/20/2021,7,20,21,6,8,16
07/21/2021,7,21,21,5,30,36
07/22/2021,7,22,21,20,28,29
07/23/2021,7,23,21,5,15,17
07/24/2021,7,24,21,12,13,26
07/25/2021,7,25,21,6,12,27
07/26/2021,7,26,21,8,26,39
07/27/2021,7,27,21,7,31,33
07/28/2021,7,28,21,17,20,26
07/29/2021,7,29,21,2,4,9
07/30/2021,7,30,21,6,41,44
07/31/2021,7,31,21,7,26,29
08/01/2021,8,1,21,7,30,32
08/02/2021,8,2,21,4,5,24
08/03/2021,8,3,21,10,15,18
08/04/2021,8,4,21,1,25,30
08/05/2021,8,5,21,5,15,36
08/06/2021,8,6,21,1,4,6
08/07/2021,8,7,21,2,35,41
08/08/2021,8,8,21,1,14,23
08/09/2021,8,9,21,2,4,19
08/10/2021,8,10,21,15,22,34
08/11/2021,8,11,21,1,17,21
08/12/2021,8,12,21,1,9,19
08/13/2021,8,13,21,6,10,16
08/14/2021,8,14,21,28,34,39
08/15/2021,8,15,21,16,23,26
08/16/2021,8,16,21,3,13,39
08/17/2021,8,17,21,2,10,25
08/18/2021,8,18,21,18,21,22
08/19/2021,8,19,21,11,12,16
08/20/2021,8,20,21,8,24,36
08/21/2021,8,21,21,1,10,23
08/22/2021,8,22,21,5,8,15
08/23/2021,8,23,21,4,6,24
08/24/2021,8,24,21,4,10,13
08/25/2021,8,25,21,9,24,33
08/26/2021,8,26,21,9,12,31
08/27/2021,8,27,21,4,8,17
08/28/2021,8,28,21,2,6,8
08/29/2021,8,29,21,4,19,30
08/30/2021,8,30,21,13,22,28
08/31/2021,8,31,21,6,15,27
09/01/2021,9,1,21,7,21,23
09/02/2021,9,2,21,6,21,22
09/03/2021,9,3,21,7,16,28
09/04/2021,9,4,21,20,22,23
09/05/2021,9,5,21,4,21,23
09/06/2021,9,6,21,3,6,18
09/07/2021,9,7,21,8,14,16
09/08/2021,9,8,21,2,5,15
09/09/2021,9,9,21,1,2,4
09/10/2021,9,10,21,1,6,19
09/11/2021,9,11,21,4,5,22
09/12/2021,9,12,21,1,3,11
09/13/2021,9,13,21,5,7,22
09/14/2021,9,14,21,17,22,24
09/15/2021,9,15,21,21,22,32
09/16/2021,9,16,21,1,18,19
09/17/2021,9,17,21,8,12,35
09/18/2021,9,18,21,4,10,26
09/19/2021,9,19,21,3,4,31
09/20/2021,9,20,21,22,35,38
09/21/2021,9,21,21,1,5,37
09/22/2021,9,22,21,11,34,38
09/23/2021,9,23,21,13,27,32
09/24/2021,9,24,21,7,18,20
09/25/2021,9,25,21,6,16,24
09/26/2021,9,26,21,7,23,28
09/27/2021,9,27,21,1,13,17
09/28/2021,9,28,21,2,17,23
09/29/2021,9,29,21,9,26,40
09/30/2021,9,30,21,12,23,32
10/01/2021,10,1,21,2,15,38
10/02/2021,10,2,21,1,12,24
10/03/2021,10,3,21,15,35,36
10/04/2021,10,4,21,2,3,29
10/05/2021,10,5,21,18,20,33
10/06/2021,10,6,21,8,14,23
10/07/2021,10,7,21,2,7,21
10/08/2021,10,8,21,6,22,24
10/09/2021,10,9,21,12,27,28
10/10/2021,10,10,21,7,23,27
10/11/2021,10,11,21,4,17,20
10/12/2021,10,12,21,1,6,8
10/13/2021,10,13,21,13,16,18
10/14/2021,10,14,21,20,28,32
10/15/2021,10,15,21,5,15,21
10/16/2021,10,16,21,20,33,38
10/17/2021,10,17,21,5,11,24
10/18/2021,10,18,21,9,17,18
10/19/2021,10,19,21,1,8,22
10/20/2021,10,20,21,6,20,21
10/21/2021,10,21,21,6,13,17
10/22/2021,10,22,21,1,3,14
10/23/2021,10,23,21,5,12,19
10/24/2021,10,24,21,3,20,21
10/25/2021,10,25,21,13,25,27
10/26/2021,10,26,21,9,11,15
10/27/2021,10,27,21,14,23,39
10/28/2021,10,28,21,21,23,24
10/29/2021,10,29,21,1,14,24
10/30/2021,10,30,21,5,19,22
10/31/2021,10,31,21,5,7,11
11/01/2021,11,1,21,4,27,28
11/02/2021,11,2,21,8,19,26
11/03/2021,11,3,21,7,19,25
11/04/2021,11,4,21,6,9,12
11/05/2021,11,5,21,1,2,11
11/06/2021,11,6,21,23,24,27
11/07/2021,11,7,21,15,18,24
11/08/2021,11,8,21,23,24,33
11/09/2021,11,9,21,5,9,10
11/10/2021,11,10,21,7,8,20
11/11/2021,11,11,21,21,27,34
11/12/2021,11,12,21,7,15,21
11/13/2021,11,13,21,1,29,33
11/14/2021,11,14,21,1,8,21
11/15/2021,11,15,21,5,12,14
11/16/2021,11,16,21,1,12,23
11/17/2021,11,17,21,7,11,24
11/18/2021,11,18,21,10,32,36
11/19/2021,11,19,21,3,4,9
11/20/2021,11,20,21,12,22,24
11/21/2021,11,21,21,3,11,17
11/22/2021,11,22,21,5,7,8
11/23/2021,11,23,21,6,11,14
11/24/2021,11,24,21,5,6,9
11/25/2021,11,25,21,10,12,14
11/26/2021,11,26,21,1,13,20
11/27/2021,11,27,21,2,6,7
11/28/2021,11,28,21,9,14,24
11/29/2021,11,29,21,16,17,22
11/30/2021,11,30,21,9,25,29
12/01/2021,12,1,21,4,6,32
12/02/2021,12,2,21,8,23,29
12/03/2021,12,3,21,3,12,14
12/04/2021,12,4,21,9,18,23
12/05/2021,12,5,21,7,14,18
12/06/2021,12,6,21,1,8,11
12/07/2021,12,7,21,24,31,41
12/08/2021,12,8,21,5,20,24
12/09/2021,12,9,21,8,21,23
12/10/2021,12,10,21,23,29,35
12/11/2021,12,11,21,8,9,16
12/12/2021,12,12,21,7,21,35
12/13/2021,12,13,21,3,9,20
12/14/2021,12,14,21,10,23,24
12/15/2021,12,15,21,10,23,26
12/16/2021,12,16,21,8,10,17
12/17/2021,12,17,21,6,7,25
12/18/2021,12,18,21,4,7,27
12/19/2021,12,19,21,9,16,42
12/20/2021,12,20,21,17,21,31
12/21/2021,12,21,21,2,10,18
12/22/2021,12,22,21,4,29,32
12/23/2021,12,23,21,18,20,22
12/24/2021,12,24,21,2,9,22
12/25/2021,12,25,21,2,5,7
12/26/2021,12,26,21,4,16,27
12/27/2021,12,27,21,12,14,28
12/28/2021,12,28,21,4,6,14
12/29/2021,12,29,21,9,19,21
12/30/2021,12,30,21,7,15,19
12/31/2021,12,31,21,19,36,37
01/01/2022,1,1,22,10,13,19
01/02/2022,1,2,22,3,5,12
01/03/2022,1,3,22,7,12,19
01/04/2022,1,4,22,7,8,13
01/05/2022,1,5,22,5,8,22
01/06/2022,1,6,22,8,10,12
01/07/2022,1,7,22,5,9,22
01/08/2022,1,8,22,10,32,44
01/09/2022,1,9,22,3,10,28
01/10/2022,1,10,22,7,14,32
01/11/2022,1,11,22,2,5,8
01/12/2022,1,12,22,3,27,29
01/13/2022,1,13,22,3,10,24
01/14/2022,1,14,22,2,12,14
01/15/2022,1,15,22,2,9,25
01/16/2022,1,16,22,5,10,18
01/17/2022,1,17,22,9,29,33
01/18/2022,1,18,22,4,31,36
01/19/2022,1,19,22,17,20,24
01/20/2022,1,20,22,4,25,27
01/21/2022,1,21,22,4,23,25
01/22/2022,1,22,22,9,15,17
01/23/2022,1,23,22,7,20,34
01/24/2022,1,24,22,9,22,25
01/25/2022,1,25,22,19,30,32
01/26/2022,1,26,22,10,11,15
01/27/2022,1,27,22,16,23,27
01/28/2022,1,28,22,11,21,27
01/29/2022,1,29,22,3,28,31
01/30/2022,1,30,22,4,11,23
01/31/2022,1,31,22,3,27,28
02/01/2022,2,1,22,4,10,20
02/02/2022,2,2,22,3,5,11
02/03/2022,2,3,22,6,14,16
02/04/2022,2,4,22,19,20,22
02/05/2022,2,5,22,4,18,25
02/06/2022,2,6,22,24,25,33
02/07/2022,2,7,22,6,28,36
02/08/2022,2,8,22,3,10,14
02/09/2022,2,9,22,8,16,22
02/10/2022,2,10,22,8,16,25
02/11/2022,2,11,22,5,7,16
02/12/2022,2,12,22,13,25,27
02/13/2022,2,13,22,4,14,18
02/14/2022,2,14,22,3,10,20
02/15/2022,2,15,22,25,27,28
02/16/2022,2,16,22,1,2,7
02/17/2022,2,17,22,9,29,33
02/18/2022,2,18,22,1,3,23
02/19/2022,2,19,22,5,6,14
02/20/2022,2,20,22,12,15,24
02/21/2022,2,21,22,10,19,35
02/22/2022,2,22,22,7,23,24
02/23/2022,2,23,22,1,21,22
02/24/2022,2,24,22,1,2,5
02/25/2022,2,25,22,9,23,25
02/26/2022,2,26,22,30,40,44
02/27/2022,2,27,22,7,8,33
02/28/2022,2,28,22,3,26,29
03/01/2022,3,1,22,15,21,30
03/02/2022,3,2,22,12,20,30
03/03/2022,3,3,22,5,14,18
03/04/2022,3,4,22,5,8,30
03/05/2022,3,5,22,7,10,24
03/06/2022,3,6,22,15,29,34
03/07/2022,3,7,22,8,13,19
03/08/2022,3,8,22,1,8,17
03/09/2022,3,9,22,6,12,25
03/10/2022,3,10,22,1,7,18
03/11/2022,3,11,22,9,22,29
03/12/2022,3,12,22,3,4,6
03/13/2022,3,13,22,4,7,9
03/14/2022,3,14,22,3,10,12
03/15/2022,3,15,22,25,33,34
03/16/2022,3,16,22,2,3,6
03/17/2022,3,17,22,10,26,28
03/18/2022,3,18,22,1,3,22
03/19/2022,3,19,22,6,13,16
03/20/2022,3,20,22,7,8,26
03/21/2022,3,21,22,8,11,40
03/22/2022,3,22,22,9,11,26
03/23/2022,3,23,22,1,3,28
03/24/2022,3,24,22,11,12,19
03/25/2022,3,25,22,28,30,32
03/26/2022,3,26,22,13,23,28
03/27/2022,3,27,22,1,5,11
03/28/2022,3,28,22,13,31,34
03/29/2022,3,29,22,6,15,16
03/30/2022,3,30,22,5,37,38
03/31/2022,3,31,22,8,20,36
04/01/2022,4,1,22,6,16,25
04/02/2022,4,2,22,19,23,32
04/03/2022,4,3,22,10,20,21
04/04/2022,4,4,22,16,18,29
04/05/2022,4,5,22,1,15,28
04/06/2022,4,6,22,3,5,10
04/07/2022,4,7,22,8,24,27
04/08/2022,4,8,22,6,16,20
04/09/2022,4,9,22,1,4,10
04/10/2022,4,10,22,7,8,10
04/11/2022,4,11,22,1,8,38
04/12/2022,4,12,22,1,14,15
04/13/2022,4,13,22,10,26,38
04/14/2022,4,14,22,5,13,15
04/15/2022,4,15,22,1,21,22
04/16/2022,4,16,22,6,27,28
04/17/2022,4,17,22,4,7,10
04/18/2022,4,18,22,2,14,28
04/19/2022,4,19,22,1,26,38
04/20/2022,4,20,22,11,17,28
04/21/2022,4,21,22,6,11,12
04/22/2022,4,22,22,2,5,20
04/23/2022,4,23,22,2,29,30
04/24/2022,4,24,22,11,13,28
04/25/2022,4,25,22,8,18,32
04/26/2022,4,26,22,2,22,35
04/27/2022,4,27,22,4,6,13
04/28/2022,4,28,22,17,19,20
04/29/2022,4,29,22,8,15,20
04/30/2022,4,30,22,3,5,7
05/01/2022,5,1,22,7,8,19
05/02/2022,5,2,22,2,12,32
05/03/2022,5,3,22,5,8,11
05/04/2022,5,4,22,14,20,21
05/05/2022,5,5,22,10,12,21
05/06/2022,5,6,22,7,17,23
05/07/2022,5,7,22,10,23,24
05/08/2022,5,8,22,18,19,24
05/09/2022,5,9,22,12,19,30
05/10/2022,5,10,22,1,13,18
05/11/2022,5,11,22,2,20,30
05/12/2022,5,12,22,15,21,23
05/13/2022,5,13,22,6,9,13
05/14/2022,5,14,22,4,9,13
05/15/2022,5,15,22,4,7,13
05/16/2022,5,16,22,2,10,11
05/17/2022,5,17,22,5,16,29
05/18/2022,5,18,22,13,28,36
05/19/2022,5,19,22,15,16,18
05/20/2022,5,20,22,3,19,43
05/21/2022,5,21,22,13,17,31
05/22/2022,5,22,22,7,11,25
05/23/2022,5,23,22,1,2,6
05/24/2022,5,24,22,1,3,26
05/25/2022,5,25,22,11,12,28
05/26/2022,5,26,22,24,26,27
05/27/2022,5,27,22,2,3,17
05/28/2022,5,28,22,3,21,31
05/29/2022,5,29,22,6,15,29
05/30/2022,5,30,22,7,24,32
05/31/2022,5,31,22,1,6,11
06/01/2022,6,1,22,11,15,26
06/02/2022,6,2,22,3,28,32
06/03/2022,6,3,22,2,30,32
06/04/2022,6,4,22,3,6,12
06/05/2022,6,5,22,11,19,21
06/06/2022,6,6,22,9,21,24
06/07/2022,6,7,22,4,10,15
06/08/2022,6,8,22,5,14,16
06/09/2022,6,9,22,2,12,16
06/10/2022,6,10,22,12,18,26
06/11/2022,6,11,22,11,16,31
06/12/2022,6,12,22,1,16,26
06/13/2022,6,13,22,9,16,17
06/14/2022,6,14,22,18,24,25
06/15/2022,6,15,22,13,17,19
06/16/2022,6,16,22,6,14,23
06/17/2022,6,17,22,6,13,21
06/18/2022,6,18,22,12,15,16
06/19/2022,6,19,22,2,16,23
06/20/2022,6,20,22,8,22,27
06/21/2022,6,21,22,2,19,22
06/22/2022,6,22,22,20,24,31
06/23/2022,6,23,22,10,12,20
06/24/2022,6,24,22,15,18,28
06/25/2022,6,25,22,9,11,30
06/26/2022,6,26,22,6,21,24
06/27/2022,6,27,22,2,12,16
06/28/2022,6,28,22,1,14,38
06/29/2022,6,29,22,16,17,20
06/30/2022,6,30,22,4,16,19
07/01/2022,7,1,22,13,28,30
07/02/2022,7,2,22,3,13,16
07/03/2022,7,3,22,20,23,29
07/04/2022,7,4,22,5,7,8
07/05/2022,7,5,22,8,15,23
07/06/2022,7,6,22,1,6,15
07/07/2022,7,7,22,2,28,33
07/08/2022,7,8,22,2,20,25
07/09/2022,7,9,22,14,21,31
07/10/2022,7,10,22,1,17,24
07/11/2022,7,11,22,13,14,20
07/12/2022,7,12,22,8,14,23
07/13/2022,7,13,22,2,23,28
07/14/2022,7,14,22,4,14,16
07/15/2022,7,15,22,4,5,10
07/16/2022,7,16,22,13,14,34
07/17/2022,7,17,22,2,4,18
07/18/2022,7,18,22,4,9,16
07/19/2022,7,19,22,2,8,19
07/20/2022,7,20,22,6,36,38
07/21/2022,7,21,22,19,24,25
07/22/2022,7,22,22,3,20,33
07/23/2022,7,23,22,2,12,16
07/24/2022,7,24,22,11,27,37
07/25/2022,7,25,22,3,27,33
07/26/2022,7,26,22,5,7,16
07/27/2022,7,27,22,4,16,29
07/28/2022,7,28,22,5,15,20
07/29/2022,7,29,22,3,11,15
07/30/2022,7,30,22,8,24,33
07/31/2022,7,31,22,1,7,8
08/01/2022,8,1,22,1,5,14
08/02/2022,8,2,22,5,20,24
08/03/2022,8,3,22,1,17,25
08/04/2022,8,4,22,16,21,26
08/05/2022,8,5,22,19,27,36
08/06/2022,8,6,22,10,16,32
08/07/2022,8,7,22,7,12,31
08/08/2022,8,8,22,4,21,34
08/09/2022,8,9,22,21,37,42
08/10/2022,8,10,22,6,19,21
08/11/2022,8,11,22,3,8,15
08/12/2022,8,12,22,15,26,28
08/13/2022,8,13,22,13,26,34
08/14/2022,8,14,22,1,3,15
08/15/2022,8,15,22,1,22,26
08/16/2022,8,16,22,26,33,41
08/17/2022,8,17,22,4,7,27
08/18/2022,8,18,22,7,13,17
08/19/2022,8,19,22,25,30,40
08/20/2022,8,20,22,3,38,43
08/21/2022,8,21,22,17,19,22
08/22/2022,8,22,22,6,7,15
08/23/2022,8,23,22,4,5,21
08/24/2022,8,24,22,23,26,30
08/25/2022,8,25,22,5,6,9
08/26/2022,8,26,22,2,8,16
08/27/2022,8,27,22,1,5,10
08/28/2022,8,28,22,4,5,35
08/29/2022,8,29,22,2,6,24
08/30/2022,8,30,22,8,15,19
08/31/2022,8,31,22,5,23,26
09/01/2022,9,1,22,1,10,24
09/02/2022,9,2,22,1,12,17
09/03/2022,9,3,22,6,8,14
09/04/2022,9,4,22,10,11,29
09/05/2022,9,5,22,5,10,21
09/06/2022,9,6,22,3,8,39
09/07/2022,9,7,22,2,27,37
09/08/2022,9,8,22,4,11,17
09/09/2022,9,9,22,8,16,23
09/10/2022,9,10,22,20,23,29
09/11/2022,9,11,22,3,5,28
09/12/2022,9,12,22,4,6,16
09/13/2022,9,13,22,12,15,28
09/14/2022,9,14,22,4,12,25
09/15/2022,9,15,22,2,18,27
09/16/2022,9,16,22,23,33,34
09/17/2022,9,17,22,11,12,23
09/18/2022,9,18,22,4,5,8
09/19/2022,9,19,22,4,6,11
09/20/2022,9,20,22,5,26,28
09/21/2022,9,21,22,8,19,25
09/22/2022,9,22,22,4,10,28
09/23/2022,9,23,22,10,14,17
09/24/2022,9,24,22,10,18,23
09/25/2022,9,25,22,4,5,17
09/26/2022,9,26,22,5,12,18
09/27/2022,9,27,22,2,10,38
09/28/2022,9,28,22,2,4,25
09/29/2022,9,29,22,3,10,11
09/30/2022,9,30,22,5,14,23
10/01/2022,10,1,22,11,24,29
10/02/2022,10,2,22,1,3,10
10/03/2022,10,3,22,2,9,27
10/04/2022,10,4,22,21,25,32
10/05/2022,10,5,22,1,14,32
10/06/2022,10,6,22,8,13,17
10/07/2022,10,7,22,7,9,13
10/08/2022,10,8,22,6,18,33
10/09/2022,10,9,22,18,24,25
10/10/2022,10,10,22,15,16,20
10/11/2022,10,11,22,11,14,20
10/12/2022,10,12,22,10,14,15
10/13/2022,10,13,22,9,17,27
10/14/2022,10,14,22,8,13,26
10/15/2022,10,15,22,8,15,25
10/16/2022,10,16,22,6,14,15
10/17/2022,10,17,22,12,19,24
10/18/2022,10,18,22,2,18,28
10/19/2022,10,19,22,1,6,26
10/20/2022,10,20,22,3,27,33
10/21/2022,10,21,22,14,20,27
10/22/2022,10,22,22,1,10,32
10/23/2022,10,23,22,33,42,44
10/24/2022,10,24,22,1,5,9
10/25/2022,10,25,22,17,30,40
10/26/2022,10,26,22,18,21,22
10/27/2022,10,27,22,15,28,29
10/28/2022,10,28,22,14,18,22
10/29/2022,10,29,22,11,12,39
10/30/2022,10,30,22,25,27,28
10/31/2022,10,31,22,3,13,16
11/01/2022,11,1,22,1,6,10
11/02/2022,11,2,22,6,10,16
11/03/2022,11,3,22,14,19,26
11/04/2022,11,4,22,7,14,15
11/05/2022,11,5,22,8,18,20
11/06/2022,11,6,22,1,7,17
11/07/2022,11,7,22,11,12,15
11/08/2022,11,8,22,15,17,33
11/09/2022,11,9,22,3,5,9
11/10/2022,11,10,22,12,30,34
11/11/2022,11,11,22,2,23,29
11/12/2022,11,12,22,2,12,26
11/13/2022,11,13,22,20,21,24
11/14/2022,11,14,22,4,15,19
11/15/2022,11,15,22,17,28,33
11/16/2022,11,16,22,1,16,21
11/17/2022,11,17,22,13,14,22
11/18/2022,11,18,22,20,24,26
11/19/2022,11,19,22,1,21,34
11/20/2022,11,20,22,19,24,35
11/21/2022,11,21,22,1,2,5
11/22/2022,11,22,22,8,11,13
11/23/2022,11,23,22,20,21,24
11/24/2022,11,24,22,12,15,22
11/25/2022,11,25,22,1,6,23
11/26/2022,11,26,22,5,12,18
11/27/2022,11,27,22,2,25,27
11/28/2022,11,28,22,17,21,35
11/29/2022,11,29,22,17,18,26
11/30/2022,11,30,22,5,6,11
12/01/2022,12,1,22,4,10,27
12/02/2022,12,2,22,4,8,20
12/03/2022,12,3,22,1,7,13
12/04/2022,12,4,22,4,8,22
12/05/2022,12,5,22,15,19,20
12/06/2022,12,6,22,11,16,22
12/07/2022,12,7,22,2,23,32
12/08/2022,12,8,22,2,4,14
12/09/2022,12,9,22,4,23,31
12/10/2022,12,10,22,2,16,30
12/11/2022,12,11,22,4,15,28
12/12/2022,12,12,22,13,15,29
12/13/2022,12,13,22,4,5,10
12/14/2022,12,14,22,2,4,6
12/15/2022,12,15,22,2,10,19
12/16/2022,12,16,22,1,22,30
12/17/2022,12,17,22,8,12,36
12/18/2022,12,18,22,11,19,20
12/19/2022,12,19,22,10,12,23
12/20/2022,12,20,22,22,23,26
12/21/2022,12,21,22,1,5,21
12/22/2022,12,22,22,8,16,24
12/23/2022,12,23,22,5,12,30
12/24/2022,12,24,22,4,7,15
12/25/2022,12,25,22,9,25,34
12/26/2022,12,26,22,17,18,22
12/27/2022,12,27,22,9,19,35
12/28/2022,12,28,22,7,10,14
12/29/2022,12,29,22,7,9,11
12/30/2022,12,30,22,8,13,35
12/31/2022,12,31,22,2,5,37
01/01/2023,1,1,23,1,4,7
01/02/2023,1,2,23,4,12,15
01/03/2023,1,3,23,14,24,34
01/04/2023,1,4,23,2,5,11
01/05/2023,1,5,23,7,15,23
01/06/2023,1,6,23,7,18,24
01/07/2023,1,7,23,4,5,13
01/08/2023,1,8,23,6,18,32
01/09/2023,1,9,23,3,5,24
01/10/2023,1,10,23,7,15,29
01/11/2023,1,11,23,24,39,41
01/12/2023,1,12,23,3,12,17
01/13/2023,1,13,23,3,17,21
01/14/2023,1,14,23,4,7,16
01/15/2023,1,15,23,5,8,13
01/16/2023,1,16,23,11,17,25
01/17/2023,1,17,23,3,4,25
01/18/2023,1,18,23,12,27,35
01/19/2023,1,19,23,6,8,12
01/20/2023,1,20,23,2,10,28
01/21/2023,1,21,23,6,10,11
01/22/2023,1,22,23,7,9,13
01/23/2023,1,23,23,1,2,26
01/24/2023,1,24,23,1,25,28
01/25/2023,1,25,23,19,22,29
01/26/2023,1,26,23,15,17,26
01/27/2023,1,27,23,4,5,7
01/28/2023,1,28,23,2,5,35
01/29/2023,1,29,23,15,16,21
01/30/2023,1,30,23,9,16,34
01/31/2023,1,31,23,2,3,10
02/01/2023,2,1,23,11,19,31
02/02/2023,2,2,23,10,17,22
02/03/2023,2,3,23,2,20,31
02/04/2023,2,4,23,14,24,30
02/05/2023,2,5,23,2,16,23
02/06/2023,2,6,23,1,5,15
02/07/2023,2,7,23,3,7,18
02/08/2023,2,8,23,2,10,32
02/09/2023,2,9,23,17,33,35
02/10/2023,2,10,23,10,11,12
02/11/2023,2,11,23,1,12,13
02/12/2023,2,12,23,8,9,21
02/13/2023,2,13,23,1,8,15
02/14/2023,2,14,23,7,21,27
02/15/2023,2,15,23,9,16,28
02/16/2023,2,16,23,6,11,40
02/17/2023,2,17,23,24,33,36
02/18/2023,2,18,23,9,10,22
02/19/2023,2,19,23,8,16,31
02/20/2023,2,20,23,8,12,41
02/21/2023,2,21,23,19,22,35
02/22/2023,2,22,23,7,26,37
02/23/2023,2,23,23,1,7,20
02/24/2023,2,24,23,17,22,24
02/25/2023,2,25,23,26,28,38
02/26/2023,2,26,23,5,9,18
02/27/2023,2,27,23,2,3,17
02/28/2023,2,28,23,1,20,32
03/01/2023,3,1,23,6,11,19
03/02/2023,3,2,23,10,13,33
03/03/2023,3,3,23,9,12,35
03/04/2023,3,4,23,4,7,15
03/05/2023,3,5,23,1,7,10
03/06/2023,3,6,23,3,7,24
03/07/2023,3,7,23,10,28,30
03/08/2023,3,8,23,1,16,31
03/09/2023,3,9,23,28,39,43
03/10/2023,3,10,23,11,14,24
03/11/2023,3,11,23,3,7,10
03/12/2023,3,12,23,9,27,32
03/13/2023,3,13,23,3,9,20
03/14/2023,3,14,23,2,3,14
03/15/2023,3,15,23,16,20,21
03/16/2023,3,16,23,5,22,28
03/17/2023,3,17,23,26,29,35
03/18/2023,3,18,23,8,18,19
03/19/2023,3,19,23,23,27,30
03/20/2023,3,20,23,1,6,12
03/21/2023,3,21,23,7,25,36
03/22/2023,3,22,23,7,19,30
03/23/2023,3,23,23,3,7,24
03/24/2023,3,24,23,1,8,30
03/25/2023,3,25,23,9,11,20
03/26/2023,3,26,23,20,30,33
03/27/2023,3,27,23,13,24,26
03/28/2023,3,28,23,7,9,16
03/29/2023,3,29,23,17,22,29
03/30/2023,3,30,23,10,27,34
03/31/2023,3,31,23,16,19,28
04/01/2023,4,1,23,1,12,25
04/02/2023,4,2,23,3,6,18
04/03/2023,4,3,23,2,13,21
04/04/2023,4,4,23,10,13,20
04/05/2023,4,5,23,6,13,17
04/06/2023,4,6,23,3,10,17
04/07/2023,4,7,23,21,25,31
04/08/2023,4,8,23,1,16,18
04/09/2023,4,9,23,12,15,28
04/10/2023,4,10,23,3,5,6
04/11/2023,4,11,23,1,5,9
04/12/2023,4,12,23,12,17,21
04/13/2023,4,13,23,4,11,19
04/14/2023,4,14,23,3,15,38
04/15/2023,4,15,23,6,10,22
04/16/2023,4,16,23,6,21,29
04/17/2023,4,17,23,3,6,12
04/18/2023,4,18,23,15,19,22
04/19/2023,4,19,23,2,3,18
04/20/2023,4,20,23,1,5,18
04/21/2023,4,21,23,4,7,8
04/22/2023,4,22,23,5,18,38
04/23/2023,4,23,23,16,21,31
04/24/2023,4,24,23,17,18,21
04/25/2023,4,25,23,17,28,33
04/26/2023,4,26,23,20,26,28
04/27/2023,4,27,23,6,11,12
04/28/2023,4,28,23,9,31,32
04/29/2023,4,29,23,17,19,34
04/30/2023,4,30,23,8,11,30
05/01/2023,5,1,23,7,10,14
05/02/2023,5,2,23,29,30,34
05/03/2023,5,3,23,4,8,12
05/04/2023,5,4,23,8,9,13
05/05/2023,5,5,23,6,9,28
05/06/2023,5,6,23,24,32,35
05/07/2023,5,7,23,3,6,7
05/08/2023,5,8,23,3,15,31
05/09/2023,5,9,23,6,12,15
05/10/2023,5,10,23,8,9,35
05/11/2023,5,11,23,10,16,34
05/12/2023,5,12,23,1,2,13
05/13/2023,5,13,23,10,12,16
05/14/2023,5,14,23,5,10,28
05/15/2023,5,15,23,1,13,17
05/16/2023,5,16,23,1,14,18
05/17/2023,5,17,23,15,22,28
05/18/2023,5,18,23,10,16,23
05/19/2023,5,19,23,1,10,28
05/20/2023,5,20,23,13,23,30
05/21/2023,5,21,23,9,11,18
05/22/2023,5,22,23,17,25,37
05/23/2023,5,23,23,16,22,24
05/24/2023,5,24,23,1,25,26
05/25/2023,5,25,23,10,20,30
05/26/2023,5,26,23,2,12,27
05/27/2023,5,27,23,1,3,12
05/28/2023,5,28,23,2,10,21
05/29/2023,5,29,23,14,17,32
05/30/2023,5,30,23,25,28,35
05/31/2023,5,31,23,10,19,43
06/01/2023,6,1,23,2,15,17
06/02/2023,6,2,23,17,22,26
06/03/2023,6,3,23,16,19,20
06/04/2023,6,4,23,13,15,20
06/05/2023,6,5,23,15,20,23
06/06/2023,6,6,23,3,35,38
06/07/2023,6,7,23,1,5,18
06/08/2023,6,8,23,12,32,38
06/09/2023,6,9,23,3,15,17
06/10/2023,6,10,23,2,17,19
06/11/2023,6,11,23,14,23,24
06/12/2023,6,12,23,9,26,27
06/13/2023,6,13,23,3,10,11
06/14/2023,6,14,23,6,16,28
06/15/2023,6,15,23,6,7,26
06/16/2023,6,16,23,2,6,34
06/17/2023,6,17,23,14,29,30
06/18/2023,6,18,23,6,12,14
06/19/2023,6,19,23,15,17,22
06/20/2023,6,20,23,10,17,26
06/21/2023,6,21,23,2,5,28
06/22/2023,6,22,23,11,13,34
06/23/2023,6,23,23,15,23,27
06/24/2023,6,24,23,2,23,29
06/25/2023,6,25,23,16,17,18
06/26/2023,6,26,23,1,8,24
06/27/2023,6,27,23,1,15,20
06/28/2023,6,28,23,14,27,38
06/29/2023,6,29,23,5,24,28
06/30/2023,6,30,23,1,34,42
07/01/2023,7,1,23,3,26,27
07/02/2023,7,2,23,1,16,17
07/03/2023,7,3,23,12,14,25
07/04/2023,7,4,23,3,6,21
07/05/2023,7,5,23,8,16,26
07/06/2023,7,6,23,5,7,11
07/07/2023,7,7,23,2,3,15
07/08/2023,7,8,23,17,30,33
07/09/2023,7,9,23,6,8,18
07/10/2023,7,10,23,6,15,32
07/11/2023,7,11,23,3,21,24
07/12/2023,7,12,23,15,16,18
07/13/2023,7,13,23,19,20,21
07/14/2023,7,14,23,6,8,16
07/15/2023,7,15,23,6,9,20
07/16/2023,7,16,23,3,9,44
07/17/2023,7,17,23,2,4,17
07/18/2023,7,18,23,4,20,21
07/19/2023,7,19,23,12,16,28
07/20/2023,7,20,23,12,27,31
07/21/2023,7,21,23,1,13,28
07/22/2023,7,22,23,15,22,23
07/23/2023,7,23,23,8,12,17
07/24/2023,7,24,23,3,17,31
07/25/2023,7,25,23,2,3,6
07/26/2023,7,26,23,4,15,32
07/27/2023,7,27,23,19,25,32
07/28/2023,7,28,23,2,3,7
07/29/2023,7,29,23,9,14,23
07/30/2023,7,30,23,5,9,19
07/31/2023,7,31,23,8,26,28
08/01/2023,8,1,23,13,33,40
08/02/2023,8,2,23,4,15,31
08/03/2023,8,3,23,5,18,19
08/04/2023,8,4,23,3,16,18
08/05/2023,8,5,23,18,24,27
08/06/2023,8,6,23,4,6,22
08/07/2023,8,7,23,4,8,12
08/08/2023,8,8,23,9,11,19
08/09/2023,8,9,23,13,19,26
08/10/2023,8,10,23,8,15,23
08/11/2023,8,11,23,5,8,26
08/12/2023,8,12,23,11,25,29
08/13/2023,8,13,23,3,6,12
08/14/2023,8,14,23,6,25,37
08/15/2023,8,15,23,1,21,23
08/16/2023,8,16,23,13,19,25
08/17/2023,8,17,23,5,14,17
08/18/2023,8,18,23,7,8,25
08/19/2023,8,19,23,7,16,34
08/20/2023,8,20,23,2,18,34
08/21/2023,8,21,23,2,12,15
08/22/2023,8,22,23,5,14,15
08/23/2023,8,23,23,5,21,29
08/24/2023,8,24,23,5,30,35
08/25/2023,8,25,23,4,6,26
08/26/2023,8,26,23,10,13,24
08/27/2023,8,27,23,38,41,42
08/28/2023,8,28,23,5,19,26
08/29/2023,8,29,23,9,24,32
08/30/2023,8,30,23,6,8,14
08/31/2023,8,31,23,1,27,30
09/01/2023,9,1,23,18,22,34
09/02/2023,9,2,23,14,19,37
09/03/2023,9,3,23,9,22,26
09/04/2023,9,4,23,2,4,8
09/05/2023,9,5,23,3,23,24
09/06/2023,9,6,23,6,8,9
09/07/2023,9,7,23,12,34,38
09/08/2023,9,8,23,1,3,13
09/09/2023,9,9,23,11,16,27
09/10/2023,9,10,23,9,16,19
09/11/2023,9,11,23,7,16,22
09/12/2023,9,12,23,3,11,13
09/13/2023,9,13,23,2,8,30
09/14/2023,9,14,23,9,19,23
09/15/2023,9,15,23,2,3,24
09/16/2023,9,16,23,8,20,32
09/17/2023,9,17,23,11,15,17
09/18/2023,9,18,23,2,22,28
09/19/2023,9,19,23,1,3,10
09/20/2023,9,20,23,8,9,20
09/21/2023,9,21,23,8,12,29
09/22/2023,9,22,23,8,30,31
09/23/2023,9,23,23,15,18,30
09/24/2023,9,24,23,6,25,26
09/25/2023,9,25,23,2,7,9
09/26/2023,9,26,23,12,14,16
09/27/2023,9,27,23,15,26,31
09/28/2023,9,28,23,16,19,25
09/29/2023,9,29,23,12,20,21
09/30/2023,9,30,23,23,26,38
10/01/2023,10,1,23,11,13,24
10/02/2023,10,2,23,9,10,21
10/03/2023,10,3,23,3,11,16
10/04/2023,10,4,23,11,25,28
10/05/2023,10,5,23,15,23,30
10/06/2023,10,6,23,7,28,33
10/07/2023,10,7,23,10,18,21
10/08/2023,10,8,23,1,3,4
10/09/2023,10,9,23,9,13,17
10/10/2023,10,10,23,3,6,19
10/11/2023,10,11,23,23,25,26
10/12/2023,10,12,23,11,15,22
10/13/2023,10,13,23,8,14,19
10/14/2023,10,14,23,19,22,23
10/15/2023,10,15,23,4,10,14
10/16/2023,10,16,23,9,15,17
10/17/2023,10,17,23,2,14,15
10/18/2023,10,18,23,14,24,28
10/19/2023,10,19,23,12,30,31
10/20/2023,10,20,23,2,8,37
10/21/2023,10,21,23,2,6,24
10/22/2023,10,22,23,24,30,41
10/23/2023,10,23,23,11,13,15
10/24/2023,10,24,23,2,16,21
10/25/2023,10,25,23,1,19,31
10/26/2023,10,26,23,9,24,34
10/27/2023,10,27,23,8,13,15
10/28/2023,10,28,23,2,13,19
10/29/2023,10,29,23,17,25,35
10/30/2023,10,30,23,3,6,12
10/31/2023,10,31,23,28,31,33
11/01/2023,11,1,23,16,18,32
11/02/2023,11,2,23,10,14,17
11/03/2023,11,3,23,11,16,30
11/04/2023,11,4,23,10,12,20
11/05/2023,11,5,23,1,13,32
11/06/2023,11,6,23,9,11,12
11/07/2023,11,7,23,1,12,20
11/08/2023,11,8,23,11,25,27
11/09/2023,11,9,23,2,15,22
11/10/2023,11,10,23,6,18,28
11/11/2023,11,11,23,10,24,27
11/12/2023,11,12,23,2,13,27
11/13/2023,11,13,23,8,10,30
11/14/2023,11,14,23,20,35,36
11/15/2023,11,15,23,5,6,15
11/16/2023,11,16,23,11,22,25
11/17/2023,11,17,23,5,8,27
11/18/2023,11,18,23,1,2,3
11/19/2023,11,19,23,11,14,29
11/20/2023,11,20,23,5,12,16
11/21/2023,11,21,23,23,30,36
11/22/2023,11,22,23,7,31,35
11/23/2023,11,23,23,7,25,33
11/24/2023,11,24,23,3,12,15
11/25/2023,11,25,23,3,6,9
11/26/2023,11,26,23,5,30,31
11/27/2023,11,27,23,6,20,22
11/28/2023,11,28,23,9,15,18
11/29/2023,11,29,23,16,33,38
11/30/2023,11,30,23,7,12,28
12/01/2023,12,1,23,15,33,34
12/02/2023,12,2,23,3,6,17
12/03/2023,12,3,23,11,15,28
12/04/2023,12,4,23,1,16,22
12/05/2023,12,5,23,11,12,21
12/06/2023,12,6,23,4,9,15
12/07/2023,12,7,23,3,11,17
12/08/2023,12,8,23,26,28,31
12/09/2023,12,9,23,1,6,19
12/10/2023,12,10,23,11,19,20
12/11/2023,12,11,23,13,14,19
12/12/2023,12,12,23,28,30,31
12/13/2023,12,13,23,8,35,37
12/14/2023,12,14,23,11,18,41
12/15/2023,12,15,23,5,16,20
12/16/2023,12,16,23,12,17,27
12/17/2023,12,17,23,6,14,21
12/18/2023,12,18,23,9,11,17
12/19/2023,12,19,23,7,10,23
12/20/2023,12,20,23,1,11,19
12/21/2023,12,21,23,8,10,20
12/22/2023,12,22,23,12,13,22
12/23/2023,12,23,23,3,9,11
12/24/2023,12,24,23,2,18,22
12/25/2023,12,25,23,4,15,27
12/26/2023,12,26,23,8,26,27
12/27/2023,12,27,23,8,12,36
12/28/2023,12,28,23,12,18,31
12/29/2023,12,29,23,11,17,21
12/30/2023,12,30,23,6,13,17
12/31/2023,12,31,23,3,10,31
01/01/2024,1,1,24,6,7,15
01/02/2024,1,2,24,10,24,40
01/03/2024,1,3,24,3,17,21
01/04/2024,1,4,24,10,15,30
01/05/2024,1,5,24,15,21,29
01/06/2024,1,6,24,8,15,20
01/07/2024,1,7,24,6,9,19
01/08/2024,1,8,24,9,19,25
01/09/2024,1,9,24,5,29,30
01/10/2024,1,10,24,2,3,15
01/11/2024,1,11,24,9,10,21
01/12/2024,1,12,24,4,6,14
01/13/2024,1,13,24,3,25,32
01/14/2024,1,14,24,20,28,33
01/15/2024,1,15,24,3,12,14
01/16/2024,1,16,24,8,13,21
01/17/2024,1,17,24,3,13,16
01/18/2024,1,18,24,20,23,24
01/19/2024,1,19,24,17,30,33
01/20/2024,1,20,24,9,10,18
01/21/2024,1,21,24,11,14,16
01/22/2024,1,22,24,7,26,30
01/23/2024,1,23,24,5,8,11
01/24/2024,1,24,24,2,3,13
01/25/2024,1,25,24,2,14,35
01/26/2024,1,26,24,2,4,13
01/27/2024,1,27,24,9,34,36
01/28/2024,1,28,24,4,11,23
01/29/2024,1,29,24,14,16,28
01/30/2024,1,30,24,1,10,23
01/31/2024,1,31,24,2,28,38
02/01/2024,2,1,24,16,21,23
02/02/2024,2,2,24,1,12,24
02/03/2024,2,3,24,8,9,18
02/04/2024,2,4,24,10,16,27
02/05/2024,2,5,24,7,26,39
02/06/2024,2,6,24,16,32,34
02/07/2024,2,7,24,14,23,45
02/08/2024,2,8,24,7,29,31
02/09/2024,2,9,24,8,12,18
02/10/2024,2,10,24,13,15,27
02/11/2024,2,11,24,1,2,11
02/12/2024,2,12,24,3,12,18
02/13/2024,2,13,24,5,11,35
02/14/2024,2,14,24,4,7,39
02/15/2024,2,15,24,17,41,42
02/16/2024,2,16,24,4,12,15
02/17/2024,2,17,24,21,31,36
02/18/2024,2,18,24,18,31,42
02/19/2024,2,19,24,7,19,31
02/20/2024,2,20,24,5,7,13
02/21/2024,2,21,24,20,21,29
02/22/2024,2,22,24,2,4,6
02/23/2024,2,23,24,7,11,30
02/24/2024,2,24,24,14,21,28
02/25/2024,2,25,24,3,13,14
02/26/2024,2,26,24,1,7,17
02/27/2024,2,27,24,10,16,28
02/28/2024,2,28,24,2,9,19
02/29/2024,2,29,24,15,21,37
03/01/2024,3,1,24,1,7,29
03/02/2024,3,2,24,1,4,19
03/03/2024,3,3,24,3,18,20
03/04/2024,3,4,24,3,9,17
03/05/2024,3,5,24,7,17,22
03/06/2024,3,6,24,13,24,28
03/07/2024,3,7,24,14,17,28
03/08/2024,3,8,24,24,32,36
03/09/2024,3,9,24,12,19,22
03/10/2024,3,10,24,1,6,26
03/11/2024,3,11,24,24,26,31
03/12/2024,3,12,24,3,13,24
03/13/2024,3,13,24,27,43,44
03/14/2024,3,14,24,7,24,27
03/15/2024,3,15,24,13,16,18
03/16/2024,3,16,24,1,6,19
03/17/2024,3,17,24,1,15,20
03/18/2024,3,18,24,8,20,35
03/19/2024,3,19,24,2,5,19
03/20/2024,3,20,24,23,30,33
03/21/2024,3,21,24,10,11,32
03/22/2024,3,22,24,18,27,34
03/23/2024,3,23,24,1,3,8
03/24/2024,3,24,24,5,19,30
03/25/2024,3,25,24,1,4,31
03/26/2024,3,26,24,18,25,34
03/27/2024,3,27,24,3,10,16
03/28/2024,3,28,24,9,15,29
03/29/2024,3,29,24,8,13,14
03/30/2024,3,30,24,17,29,36
03/31/2024,3,31,24,1,4,13
04/01/2024,4,1,24,2,11,29
04/02/2024,4,2,24,6,8,17
04/03/2024,4,3,24,30,36,41
04/04/2024,4,4,24,5,24,26
04/05/2024,4,5,24,3,7,17
04/06/2024,4,6,24,4,13,19
04/07/2024,4,7,24,2,6,11
04/08/2024,4,8,24,4,7,33
04/09/2024,4,9,24,1,11,12
04/10/2024,4,10,24,2,4,7
04/11/2024,4,11,24,4,10,27
04/12/2024,4,12,24,1,19,20
04/13/2024,4,13,24,15,20,34
04/14/2024,4,14,24,6,20,30
04/15/2024,4,15,24,11,24,25
04/16/2024,4,16,24,20,22,28
04/17/2024,4,17,24,6,9,19
04/18/2024,4,18,24,4,10,16
04/19/2024,4,19,24,5,8,24
04/20/2024,4,20,24,17,23,28
04/21/2024,4,21,24,23,24,31
04/22/2024,4,22,24,33,36,39
04/23/2024,4,23,24,11,31,32
04/24/2024,4,24,24,4,40,41
04/25/2024,4,25,24,3,9,21
04/26/2024,4,26,24,11,15,27
04/27/2024,4,27,24,16,22,26
04/28/2024,4,28,24,4,25,32
04/29/2024,4,29,24,12,14,16
04/30/2024,4,30,24,7,8,19
05/01/2024,5,1,24,2,9,19
05/02/2024,5,2,24,7,14,16
05/03/2024,5,3,24,15,19,32
05/04/2024,5,4,24,1,4,5
05/05/2024,5,5,24,1,6,10
05/06/2024,5,6,24,10,32,35
05/07/2024,5,7,24,9,21,22
05/08/2024,5,8,24,17,30,31
05/09/2024,5,9,24,3,6,7
05/10/2024,5,10,24,24,30,32
05/11/2024,5,11,24,3,9,20
05/12/2024,5,12,24,8,14,26
05/13/2024,5,13,24,13,16,20
05/14/2024,5,14,24,9,27,43
05/15/2024,5,15,24,12,18,24
05/16/2024,5,16,24,12,19,34
05/17/2024,5,17,24,2,22,31
05/18/2024,5,18,24,18,21,34
05/19/2024,5,19,24,6,16,32
05/20/2024,5,20,24,12,15,19
05/21/2024,5,21,24,5,13,24
05/22/2024,5,22,24,5,8,15
05/23/2024,5,23,24,4,8,9
05/24/2024,5,24,24,13,17,24
05/25/2024,5,25,24,2,4,21
05/26/2024,5,26,24,2,17,25
05/27/2024,5,27,24,2,9,17
05/28/2024,5,28,24,9,18,21
05/29/2024,5,29,24,9,12,15
05/30/2024,5,30,24,9,11,12
05/31/2024,5,31,24,10,31,34
06/01/2024,6,1,24,22,29,33
06/02/2024,6,2,24,8,16,19
06/03/2024,6,3,24,8,21,23
06/04/2024,6,4,24,8,13,39
06/05/2024,6,5,24,1,2,12
06/06/2024,6,6,24,21,28,30
06/07/2024,6,7,24,3,12,15
06/08/2024,6,8,24,3,17,29
06/09/2024,6,9,24,2,3,33
06/10/2024,6,10,24,7,9,14
06/11/2024,6,11,24,12,23,31
06/12/2024,6,12,24,3,12,15
06/13/2024,6,13,24,1,12,18
06/14/2024,6,14,24,6,21,25
06/15/2024,6,15,24,2,7,8
06/16/2024,6,16,24,1,12,20
06/17/2024,6,17,24,15,26,32
06/18/2024,6,18,24,5,14,18
06/19/2024,6,19,24,10,16,18
06/20/2024,6,20,24,22,24,25
06/21/2024,6,21,24,4,7,13
06/22/2024,6,22,24,12,14,22
06/23/2024,6,23,24,3,5,23
06/24/2024,6,24,24,20,26,27
06/25/2024,6,25,24,15,20,23
06/26/2024,6,26,24,5,12,36
06/27/2024,6,27,24,5,14,34
06/28/2024,6,28,24,10,21,41
06/29/2024,6,29,24,10,11,22
06/30/2024,6,30,24,6,9,12
07/01/2024,7,1,24,13,22,31
07/02/2024,7,2,24,9,15,18
07/03/2024,7,3,24,10,11,23
07/04/2024,7,4,24,3,4,22
07/05/2024,7,5,24,7,15,23
07/06/2024,7,6,24,3,13,21
07/07/2024,7,7,24,7,13,15
07/08/2024,7,8,24,2,9,27
07/09/2024,7,9,24,25,31,40
07/10/2024,7,10,24,2,14,19
07/11/2024,7,11,24,3,4,9
07/12/2024,7,12,24,1,2,27
07/13/2024,7,13,24,8,16,27
07/14/2024,7,14,24,9,13,16
07/15/2024,7,15,24,1,2,3
07/16/2024,7,16,24,21,26,31
07/17/2024,7,17,24,7,18,20
07/18/2024,7,18,24,9,22,25
07/19/2024,7,19,24,4,7,20
07/20/2024,7,20,24,14,19,20
07/21/2024,7,21,24,2,5,20
07/22/2024,7,22,24,17,19,20
07/23/2024,7,23,24,1,4,15
07/24/2024,7,24,24,15,18,21
07/25/2024,7,25,24,2,11,33
07/26/2024,7,26,24,1,4,21
07/27/2024,7,27,24,9,32,37
07/28/2024,7,28,24,2,4,10
07/29/2024,7,29,24,18,28,30
07/30/2024,7,30,24,19,22,34
07/31/2024,7,31,24,10,16,20
08/01/2024,8,1,24,3,25,36
08/02/2024,8,2,24,11,13,16
08/03/2024,8,3,24,8,10,15
08/04/2024,8,4,24,10,17,19
08/05/2024,8,5,24,20,26,28
08/06/2024,8,6,24,4,15,21
08/07/2024,8,7,24,3,9,30
08/08/2024,8,8,24,3,4,9
08/09/2024,8,9,24,19,26,36
08/10/2024,8,10,24,3,26,30
08/11/2024,8,11,24,3,5,10
08/12/2024,8,12,24,3,6,17
08/13/2024,8,13,24,6,30,37
08/14/2024,8,14,24,7,19,29
08/15/2024,8,15,24,3,7,19
08/16/2024,8,16,24,5,12,17
08/17/2024,8,17,24,22,24,27
08/18/2024,8,18,24,2,4,11
08/19/2024,8,19,24,15,17,35
08/20/2024,8,20,24,8,12,24
08/21/2024,8,21,24,9,16,26
08/22/2024,8,22,24,2,5,21
08/23/2024,8,23,24,17,24,28
08/24/2024,8,24,24,13,19,26
08/25/2024,8,25,24,8,17,19
08/26/2024,8,26,24,12,18,24
08/27/2024,8,27,24,1,3,18
08/28/2024,8,28,24,4,7,8
08/29/2024,8,29,24,7,13,18
08/30/2024,8,30,24,3,24,25
08/31/2024,8,31,24,2,15,37
09/01/2024,9,1,24,17,22,27
09/02/2024,9,2,24,3,4,8
09/03/2024,9,3,24,25,36,38
09/04/2024,9,4,24,4,12,14
09/05/2024,9,5,24,2,3,18
09/06/2024,9,6,24,3,23,24
09/07/2024,9,7,24,3,20,29
09/08/2024,9,8,24,9,17,27
09/09/2024,9,9,24,16,26,30
09/10/2024,9,10,24,30,39,42
09/11/2024,9,11,24,12,19,37
09/12/2024,9,12,24,23,32,38
09/13/2024,9,13,24,14,15,18
09/14/2024,9,14,24,5,13,27
09/15/2024,9,15,24,1,2,10
09/16/2024,9,16,24,1,2,15
09/17/2024,9,17,24,10,16,23
09/18/2024,9,18,24,10,13,28
09/19/2024,9,19,24,11,20,28
09/20/2024,9,20,24,2,9,17
09/21/2024,9,21,24,7,21,31
09/22/2024,9,22,24,5,13,27
09/23/2024,9,23,24,1,21,24
09/24/2024,9,24,24,6,9,18
09/25/2024,9,25,24,4,7,15
09/26/2024,9,26,24,4,8,27
09/27/2024,9,27,24,4,7,9
09/28/2024,9,28,24,7,20,23
09/29/2024,9,29,24,7,15,27
09/30/2024,9,30,24,21,28,29
10/01/2024,10,1,24,5,13,22
10/02/2024,10,2,24,6,30,33
10/03/2024,10,3,24,2,5,29
10/04/2024,10,4,24,1,4,34
10/05/2024,10,5,24,3,17,31
10/06/2024,10,6,24,1,8,10
10/07/2024,10,7,24,8,21,22
10/08/2024,10,8,24,5,17,22
10/09/2024,10,9,24,11,15,31
10/10/2024,10,10,24,7,8,26
10/11/2024,10,11,24,3,18,29
10/12/2024,10,12,24,6,17,20
10/13/2024,10,13,24,2,6,14
10/14/2024,10,14,24,1,12,25
10/15/2024,10,15,24,15,20,21
10/16/2024,10,16,24,5,29,32
10/17/2024,10,17,24,23,26,29
10/18/2024,10,18,24,10,31,32
10/19/2024,10,19,24,10,14,24
10/20/2024,10,20,24,3,15,21
10/21/2024,10,21,24,3,14,23
10/22/2024,10,22,24,7,12,22
10/23/2024,10,23,24,9,12,22
10/24/2024,10,24,24,2,4,9
10/25/2024,10,25,24,1,3,15
10/26/2024,10,26,24,6,12,32
10/27/2024,10,27,24,1,4,8
10/28/2024,10,28,24,3,17,21
10/29/2024,10,29,24,4,8,9
10/30/2024,10,30,24,14,17,27
10/31/2024,10,31,24,29,30,31
11/01/2024,11,1,24,15,37,39
11/02/2024,11,2,24,21,25,30
11/03/2024,11,3,24,5,13,18
11/04/2024,11,4,24,8,18,28
11/05/2024,11,5,24,1,9,14
11/06/2024,11,6,24,4,7,12
11/07/2024,11,7,24,5,10,30
11/08/2024,11,8,24,2,7,19
11/09/2024,11,9,24,4,7,19
11/10/2024,11,10,24,11,18,32
11/11/2024,11,11,24,5,11,17
11/12/2024,11,12,24,11,21,22
11/13/2024,11,13,24,18,24,27
11/14/2024,11,14,24,5,22,30
11/15/2024,11,15,24,5,28,34
11/16/2024,11,16,24,6,11,18
11/17/2024,11,17,24,10,20,26
11/18/2024,11,18,24,4,9,10
11/19/2024,11,19,24,7,10,17
11/20/2024,11,20,24,3,29,30
11/21/2024,11,21,24,4,11,13
11/22/2024,11,22,24,17,31,33
11/23/2024,11,23,24,11,20,21
11/24/2024,11,24,24,7,11,14
11/25/2024,11,25,24,7,10,14
11/26/2024,11,26,24,27,29,32
11/27/2024,11,27,24,5,16,22
11/28/2024,11,28,24,18,33,42
11/29/2024,11,29,24,19,21,31
11/30/2024,11,30,24,21,22,32
12/01/2024,12,1,24,1,7,25
12/02/2024,12,2,24,5,13,14
12/03/2024,12,3,24,6,11,28
12/04/2024,12,4,24,1,13,25
12/05/2024,12,5,24,4,13,25
12/06/2024,12,6,24,1,3,33
12/07/2024,12,7,24,1,17,34
12/08/2024,12,8,24,1,2,39
12/09/2024,12,9,24,1,13,19
12/10/2024,12,10,24,6,12,30
12/11/2024,12,11,24,10,19,32
12/12/2024,12,12,24,5,7,17
12/13/2024,12,13,24,3,15,32
12/14/2024,12,14,24,10,16,35
12/15/2024,12,15,24,9,12,22
12/16/2024,12,16,24,3,16,29
12/17/2024,12,17,24,4,18,29
12/18/2024,12,18,24,19,26,30
12/19/2024,12,19,24,2,5,13
12/20/2024,12,20,24,9,20,21
12/21/2024,12,21,24,2,9,10
12/22/2024,12,22,24,4,7,37
12/23/2024,12,23,24,10,20,22
12/24/2024,12,24,24,16,22,24
12/25/2024,12,25,24,4,10,35
12/26/2024,12,26,24,9,10,12
12/27/2024,12,27,24,15,21,24
12/28/2024,12,28,24,14,19,21
12/29/2024,12,29,24,7,18,26
12/30/2024,12,30,24,7,14,18
12/31/2024,12,31,24,19,27,37
01/01/2025,1,1,25,7,15,17
01/02/2025,1,2,25,12,14,27
01/03/2025,1,3,25,14,15,20
01/04/2025,1,4,25,3,9,27
01/05/2025,1,5,25,6,27,31
01/06/2025,1,6,25,6,22,31
01/07/2025,1,7,25,16,24,30
01/08/2025,1,8,25,13,14,24
01/09/2025,1,9,25,2,4,14
01/10/2025,1,10,25,3,9,21
01/11/2025,1,11,25,21,22,26
01/12/2025,1,12,25,2,10,22
01/13/2025,1,13,25,13,17,35
01/14/2025,1,14,25,3,6,17
01/15/2025,1,15,25,19,31,33
01/16/2025,1,16,25,13,20,29
01/17/2025,1,17,25,1,4,6
01/18/2025,1,18,25,4,12,13
01/19/2025,1,19,25,8,24,35
01/20/2025,1,20,25,4,8,12
01/21/2025,1,21,25,18,27,30
01/22/2025,1,22,25,24,25,37
01/23/2025,1,23,25,9,13,18
01/24/2025,1,24,25,14,26,35
01/25/2025,1,25,25,8,26,28
01/26/2025,1,26,25,1,10,21
01/27/2025,1,27,25,7,16,41
01/28/2025,1,28,25,7,20,24
01/29/2025,1,29,25,1,20,25
01/30/2025,1,30,25,9,13,18
01/31/2025,1,31,25,3,7,34
02/01/2025,2,1,25,4,34,36
02/02/2025,2,2,25,5,6,17
02/03/2025,2,3,25,3,24,28
02/04/2025,2,4,25,2,5,23
02/05/2025,2,5,25,7,9,25
02/06/2025,2,6,25,18,21,32
02/07/2025,2,7,25,14,18,21
02/08/2025,2,8,25,1,7,15
02/09/2025,2,9,25,8,13,22
02/10/2025,2,10,25,1,2,16
02/11/2025,2,11,25,8,25,28
02/12/2025,2,12,25,8,29,34
02/13/2025,2,13,25,1,21,25
02/14/2025,2,14,25,7,11,12
02/15/2025,2,15,25,21,34,38
02/16/2025,2,16,25,3,15,16
02/17/2025,2,17,25,2,7,42
02/18/2025,2,18,25,2,5,16
02/19/2025,2,19,25,7,21,30
02/20/2025,2,20,25,15,39,40
02/21/2025,2,21,25,19,35,44
02/22/2025,2,22,25,2,6,29
02/23/2025,2,23,25,1,18,43
02/24/2025,2,24,25,7,16,23
02/25/2025,2,25,25,6,10,14
02/26/2025,2,26,25,5,18,27
02/27/2025,2,27,25,2,18,24
02/28/2025,2,28,25,9,16,18
03/01/2025,3,1,25,12,25,28
03/02/2025,3,2,25,4,24,26
03/03/2025,3,3,25,10,15,21
03/04/2025,3,4,25,2,11,25
03/05/2025,3,5,25,4,12,21
03/06/2025,3,6,25,20,28,30
03/07/2025,3,7,25,2,7,25
03/08/2025,3,8,25,9,20,31
03/09/2025,3,9,25,6,14,18
03/10/2025,3,10,25,7,8,13
03/11/2025,3,11,25,2,7,17
03/12/2025,3,12,25,5,8,10
03/13/2025,3,13,25,19,24,27
03/14/2025,3,14,25,7,16,28
03/15/2025,3,15,25,9,12,30
03/16/2025,3,16,25,4,14,16
03/17/2025,3,17,25,6,12,25
03/18/2025,3,18,25,8,20,37
03/19/2025,3,19,25,17,21,36
03/20/2025,3,20,25,7,14,25
03/21/2025,3,21,25,7,25,28
03/22/2025,3,22,25,13,14,32
03/23/2025,3,23,25,16,19,21
03/24/2025,3,24,25,14,20,30
03/25/2025,3,25,25,9,16,27
03/26/2025,3,26,25,8,12,15
03/27/2025,3,27,25,7,20,27
03/28/2025,3,28,25,10,15,23
03/29/2025,3,29,25,4,8,13
03/30/2025,3,30,25,19,20,27
03/31/2025,3,31,25,8,31,39
04/01/2025,4,1,25,9,20,29
04/02/2025,4,2,25,18,22,35
04/03/2025,4,3,25,2,5,11
04/04/2025,4,4,25,1,4,11
04/05/2025,4,5,25,8,15,29
04/06/2025,4,6,25,3,6,27
04/07/2025,4,7,25,21,25,31
04/08/2025,4,8,25,3,28,32
04/09/2025,4,9,25,1,14,24
04/10/2025,4,10,25,9,18,38
04/11/2025,4,11,25,7,9,10
04/12/2025,4,12,25,1,14,16
04/13/2025,4,13,25,2,29,30
04/14/2025,4,14,25,10,11,23
04/15/2025,4,15,25,10,19,26
04/16/2025,4,16,25,1,34,38
04/17/2025,4,17,25,4,18,22
04/18/2025,4,18,25,29,34,39
04/19/2025,4,19,25,3,22,39
04/20/2025,4,20,25,3,6,17
04/21/2025,4,21,25,12,25,29
04/22/2025,4,22,25,14,31,36
04/23/2025,4,23,25,8,14,15
04/24/2025,4,24,25,13,15,20
04/25/2025,4,25,25,9,15,40
04/26/2025,4,26,25,15,38,40
04/27/2025,4,27,25,4,19,35
04/28/2025,4,28,25,16,19,20
04/29/2025,4,29,25,24,25,39
04/30/2025,4,30,25,3,5,22
05/01/2025,5,1,25,17,32,36
05/02/2025,5,2,25,2,17,18
05/03/2025,5,3,25,2,13,18
05/04/2025,5,4,25,12,26,31
05/05/2025,5,5,25,3,26,30
05/06/2025,5,6,25,15,31,33
05/07/2025,5,7,25,5,7,37
05/08/2025,5,8,25,14,18,23
05/09/2025,5,9,25,4,9,22
05/10/2025,5,10,25,5,12,19
05/11/2025,5,11,25,16,26,30
05/12/2025,5,12,25,9,13,15
05/13/2025,5,13,25,4,14,17
05/14/2025,5,14,25,14,23,37
05/15/2025,5,15,25,7,16,17
05/16/2025,5,16,25,14,24,25
05/17/2025,5,17,25,1,4,27
05/18/2025,5,18,25,1,3,4
05/19/2025,5,19,25,22,23,32
05/20/2025,5,20,25,5,6,16
05/21/2025,5,21,25,8,23,32
05/22/2025,5,22,25,12,16,28
05/23/2025,5,23,25,4,11,15
05/24/2025,5,24,25,9,10,32
05/25/2025,5,25,25,12,20,30
05/26/2025,5,26,25,12,15,19
05/27/2025,5,27,25,10,12,18
05/28/2025,5,28,25,3,11,35
05/29/2025,5,29,25,9,14,20
05/30/2025,5,30,25,13,17,30
05/31/2025,5,31,25,11,18,22
06/01/2025,6,1,25,28,29,38
06/02/2025,6,2,25,1,10,22
06/03/2025,6,3,25,1,21,32
06/04/2025,6,4,25,11,12,14
06/05/2025,6,5,25,1,14,19
06/06/2025,6,6,25,10,15,38
06/07/2025,6,7,25,2,4,28
06/08/2025,6,8,25,5,11,20
06/09/2025,6,9,25,3,7,17
06/10/2025,6,10,25,10,26,30
06/11/2025,6,11,25,7,9,30
06/12/2025,6,12,25,2,4,6
06/13/2025,6,13,25,4,12,18
06/14/2025,6,14,25,6,22,31
06/15/2025,6,15,25,12,17,25
06/16/2025,6,16,25,17,27,34
06/17/2025,6,17,25,4,7,28
06/18/2025,6,18,25,6,16,25
06/19/2025,6,19,25,2,5,8
06/20/2025,6,20,25,5,9,31
06/21/2025,6,21,25,8,10,22
06/22/2025,6,22,25,12,19,21
06/23/2025,6,23,25,13,22,23
06/24/2025,6,24,25,1,4,27
06/25/2025,6,25,25,7,28,33
06/26/2025,6,26,25,5,7,37
06/27/2025,6,27,25,5,12,33
06/28/2025,6,28,25,9,11,40
06/29/2025,6,29,25,12,24,29
06/30/2025,6,30,25,7,11,26
07/01/2025,7,1,25,1,2,19
07/02/2025,7,2,25,3,6,16
07/03/2025,7,3,25,12,29,30
07/04/2025,7,4,25,9,26,27
07/05/2025,7,5,25,9,17,26
07/06/2025,7,6,25,6,15,16
07/07/2025,7,7,25,3,12,24
07/08/2025,7,8,25,16,26,27
07/09/2025,7,9,25,9,17,38
07/10/2025,7,10,25,7,9,11
07/11/2025,7,11,25,1,6,8
07/12/2025,7,12,25,3,6,17
07/13/2025,7,13,25,4,7,20
07/14/2025,7,14,25,19,21,26
07/15/2025,7,15,25,21,25,26
07/16/2025,7,16,25,17,21,23
07/17/2025,7,17,25,1,7,9
07/18/2025,7,18,25,10,12,18
07/19/2025,7,19,25,12,23,33
07/20/2025,7,20,25,26,31,37
07/21/2025,7,21,25,1,12,19
07/22/2025,7,22,25,18,19,22
07/23/2025,7,23,25,5,9,11
07/24/2025,7,24,25,1,11,22
07/25/2025,7,25,25,19,20,31
07/26/2025,7,26,25,4,8,9
07/27/2025,7,27,25,4,6,9
07/28/2025,7,28,25,4,9,13
07/29/2025,7,29,25,2,4,15
07/30/2025,7,30,25,2,5,22
07/31/2025,7,31,25,14,25,33
08/01/2025,8,1,25,8,20,22
08/02/2025,8,2,25,8,10,16
08/03/2025,8,3,25,4,9,25
08/04/2025,8,4,25,25,26,30
08/05/2025,8,5,25,17,27,32
08/06/2025,8,6,25,7,22,38
08/07/2025,8,7,25,16,25,26
08/08/2025,8,8,25,20,23,32
08/09/2025,8,9,25,9,19,35
08/10/2025,8,10,25,6,11,25
08/11/2025,8,11,25,18,22,26
08/12/2025,8,12,25,1,11,18
08/13/2025,8,13,25,13,23,30
08/14/2025,8,14,25,3,10,17
08/15/2025,8,15,25,2,8,19
08/16/2025,8,16,25,1,3,8
08/17/2025,8,17,25,8,15,20
08/18/2025,8,18,25,3,12,24
08/19/2025,8,19,25,1,4,30
08/20/2025,8,20,25,1,5,18
08/21/2025,8,21,25,23,27,32
08/22/2025,8,22,25,8,19,26
08/23/2025,8,23,25,9,11,17
08/24/2025,8,24,25,9,16,18
08/25/2025,8,25,25,1,4,12
08/26/2025,8,26,25,5,6,8
08/27/2025,8,27,25,6,15,26
08/28/2025,8,28,25,8,10,17
08/29/2025,8,29,25,8,14,22
08/30/2025,8,30,25,6,12,38
08/31/2025,8,31,25,13,14,19
09/01/2025,9,1,25,15,18,39
09/02/2025,9,2,25,4,5,24
09/03/2025,9,3,25,11,15,19
09/04/2025,9,4,25,17,20,23
