date,n1,n2,n3,n4,n5,n6
07/03/2010,7,3,10,3,5,6
07/07/2010,7,7,10,6,17,21
07/10/2010,7,10,10,2,7,8
07/14/2010,7,14,10,11,17,20
07/17/2010,7,17,10,10,11,21
07/21/2010,7,21,10,5,12,17
07/24/2010,7,24,10,6,7,8
07/28/2010,7,28,10,8,12,18
07/31/2010,7,31,10,2,6,7
08/04/2010,8,4,10,2,19,23
08/07/2010,8,7,10,3,20,29
08/11/2010,8,11,10,13,23,24
08/14/2010,8,14,10,1,9,11
08/18/2010,8,18,10,7,24,28
08/21/2010,8,21,10,15,16,18
08/25/2010,8,25,10,2,3,6
08/28/2010,8,28,10,12,16,23
09/01/2010,9,1,10,5,7,8
09/04/2010,9,4,10,1,18,29
09/08/2010,9,8,10,10,18,20
09/11/2010,9,11,10,1,3,20
09/15/2010,9,15,10,2,6,13
09/18/2010,9,18,10,2,8,15
09/22/2010,9,22,10,3,6,9
09/25/2010,9,25,10,14,33,34
09/29/2010,9,29,10,7,22,25
10/02/2010,10,2,10,2,14,20
10/06/2010,10,6,10,1,4,5
10/09/2010,10,9,10,5,7,22
10/13/2010,10,13,10,11,13,16
10/16/2010,10,16,10,4,11,23
10/20/2010,10,20,10,3,9,19
10/23/2010,10,23,10,1,12,16
10/27/2010,10,27,10,2,15,21
10/30/2010,10,30,10,1,13,14
11/03/2010,11,3,10,3,8,11
11/06/2010,11,6,10,5,13,24
11/10/2010,11,10,10,10,16,31
11/13/2010,11,13,10,1,8,12
11/17/2010,11,17,10,3,6,7
11/20/2010,11,20,10,12,15,19
11/24/2010,11,24,10,3,4,10
11/27/2010,11,27,10,1,6,8
12/01/2010,12,1,10,1,4,13
12/04/2010,12,4,10,5,14,31
12/08/2010,12,8,10,7,15,18
12/11/2010,12,11,10,3,14,16
12/15/2010,12,15,10,1,8,17
12/18/2010,12,18,10,5,16,17
12/22/2010,12,22,10,12,18,19
12/29/2010,12,29,10,2,3,7
01/01/2011,1,1,11,5,15,18
01/05/2011,1,5,11,6,7,8
01/08/2011,1,8,11,6,9,13
01/12/2011,1,12,11,2,12,16
01/15/2011,1,15,11,2,15,17
01/19/2011,1,19,11,2,3,4
01/22/2011,1,22,11,7,21,26
01/26/2011,1,26,11,5,18,27
01/29/2011,1,29,11,2,9,15
02/02/2011,2,2,11,1,9,13
02/05/2011,2,5,11,1,5,12
02/09/2011,2,9,11,23,25,28
02/12/2011,2,12,11,2,7,12
02/16/2011,2,16,11,6,7,29
02/19/2011,2,19,11,5,9,19
02/23/2011,2,23,11,5,8,15
02/26/2011,2,26,11,3,7,12
03/02/2011,3,2,11,5,6,20
03/05/2011,3,5,11,11,20,28
03/09/2011,3,9,11,4,18,21
03/12/2011,3,12,11,5,6,10
03/16/2011,3,16,11,4,6,17
03/19/2011,3,19,11,5,18,22
03/23/2011,3,23,11,6,18,27
03/26/2011,3,26,11,11,16,22
03/30/2011,3,30,11,1,15,24
04/02/2011,4,2,11,1,9,11
04/06/2011,4,6,11,10,17,18
04/09/2011,4,9,11,3,9,19
04/13/2011,4,13,11,9,16,20
04/16/2011,4,16,11,3,14,17
04/20/2011,4,20,11,3,15,23
04/23/2011,4,23,11,5,18,20
04/27/2011,4,27,11,4,12,13
04/30/2011,4,30,11,4,26,29
05/04/2011,5,4,11,2,24,27
05/07/2011,5,7,11,7,12,19
05/11/2011,5,11,11,2,4,5
05/14/2011,5,14,11,2,13,34
05/18/2011,5,18,11,3,8,22
05/21/2011,5,21,11,12,19,25
05/25/2011,5,25,11,1,10,13
05/28/2011,5,28,11,12,18,22
06/01/2011,6,1,11,4,7,12
06/04/2011,6,4,11,4,10,13
06/08/2011,6,8,11,21,24,25
06/11/2011,6,11,11,2,9,10
06/15/2011,6,15,11,12,18,21
06/18/2011,6,18,11,1,3,4
06/22/2011,6,22,11,1,4,6
06/25/2011,6,25,11,8,11,13
06/29/2011,6,29,11,14,15,16
07/02/2011,7,2,11,1,3,7
07/06/2011,7,6,11,5,15,18
07/09/2011,7,9,11,5,7,17
07/13/2011,7,13,11,19,22,31
07/16/2011,7,16,11,1,9,18
07/20/2011,7,20,11,1,5,18
07/23/2011,7,23,11,1,5,16
07/27/2011,7,27,11,9,16,20
07/30/2011,7,30,11,10,11,24
08/03/2011,8,3,11,4,6,9
08/06/2011,8,6,11,6,14,25
08/10/2011,8,10,11,4,13,20
08/13/2011,8,13,11,4,9,13
08/17/2011,8,17,11,2,8,12
08/20/2011,8,20,11,8,12,19
08/24/2011,8,24,11,2,8,10
08/27/2011,8,27,11,12,14,16
08/31/2011,8,31,11,4,14,30
09/03/2011,9,3,11,3,6,18
09/07/2011,9,7,11,1,12,14
09/10/2011,9,10,11,5,25,28
09/14/2011,9,14,11,1,7,15
09/17/2011,9,17,11,8,9,16
09/21/2011,9,21,11,6,19,20
09/24/2011,9,24,11,5,6,12
09/28/2011,9,28,11,1,14,24
10/01/2011,10,1,11,5,7,13
10/05/2011,10,5,11,4,8,29
10/08/2011,10,8,11,5,6,21
10/12/2011,10,12,11,4,7,8
10/15/2011,10,15,11,1,3,10
10/19/2011,10,19,11,3,4,6
10/22/2011,10,22,11,8,21,25
10/26/2011,10,26,11,3,20,24
10/29/2011,10,29,11,4,9,17
11/02/2011,11,2,11,10,11,16
11/05/2011,11,5,11,2,3,12
11/09/2011,11,9,11,2,9,16
11/12/2011,11,12,11,2,14,19
11/16/2011,11,16,11,5,14,16
11/19/2011,11,19,11,2,10,12
11/23/2011,11,23,11,9,10,19
11/26/2011,11,26,11,20,21,25
11/30/2011,11,30,11,3,13,15
12/03/2011,12,3,11,1,9,20
12/07/2011,12,7,11,18,25,26
12/10/2011,12,10,11,3,13,26
12/14/2011,12,14,11,13,16,17
12/17/2011,12,17,11,15,17,22
12/21/2011,12,21,11,1,3,17
12/24/2011,12,24,11,1,22,23
12/28/2011,12,28,11,1,11,13
12/31/2011,12,31,11,4,22,25
01/04/2012,1,4,12,7,13,16
01/07/2012,1,7,12,12,16,22
01/11/2012,1,11,12,8,12,21
01/14/2012,1,14,12,11,20,22
01/18/2012,1,18,12,1,11,12
01/21/2012,1,21,12,5,21,30
01/25/2012,1,25,12,3,11,12
01/28/2012,1,28,12,15,17,20
02/01/2012,2,1,12,14,15,16
02/04/2012,2,4,12,13,21,27
02/08/2012,2,8,12,7,16,22
02/11/2012,2,11,12,1,7,18
02/15/2012,2,15,12,16,23,28
02/18/2012,2,18,12,14,15,31
02/22/2012,2,22,12,5,10,11
02/25/2012,2,25,12,6,13,18
02/29/2012,2,29,12,11,19,30
03/03/2012,3,3,12,4,13,15
03/07/2012,3,7,12,5,7,28
03/10/2012,3,10,12,11,18,20
03/14/2012,3,14,12,9,10,19
03/17/2012,3,17,12,4,9,11
03/21/2012,3,21,12,3,6,7
03/24/2012,3,24,12,11,14,17
03/28/2012,3,28,12,2,4,5
03/31/2012,3,31,12,2,13,20
04/04/2012,4,4,12,4,5,6
04/07/2012,4,7,12,4,15,18
04/11/2012,4,11,12,4,7,13
04/14/2012,4,14,12,1,6,13
04/18/2012,4,18,12,4,7,8
04/21/2012,4,21,12,4,13,19
04/25/2012,4,25,12,9,10,11
04/28/2012,4,28,12,5,19,32
05/02/2012,5,2,12,13,17,19
05/05/2012,5,5,12,4,10,12
05/09/2012,5,9,12,2,5,6
05/12/2012,5,12,12,1,16,20
05/16/2012,5,16,12,4,14,15
05/19/2012,5,19,12,1,4,8
05/23/2012,5,23,12,7,17,18
05/26/2012,5,26,12,5,6,15
05/30/2012,5,30,12,4,8,14
06/02/2012,6,2,12,4,11,14
06/06/2012,6,6,12,8,11,15
06/09/2012,6,9,12,11,18,25
06/13/2012,6,13,12,5,8,11
06/16/2012,6,16,12,16,17,22
06/20/2012,6,20,12,1,16,20
06/23/2012,6,23,12,5,11,20
06/27/2012,6,27,12,16,28,31
06/30/2012,6,30,12,1,3,14
07/04/2012,7,4,12,8,13,20
07/07/2012,7,7,12,2,4,7
07/11/2012,7,11,12,14,16,24
07/14/2012,7,14,12,2,5,14
07/18/2012,7,18,12,3,10,26
07/21/2012,7,21,12,2,6,10
07/25/2012,7,25,12,4,13,21
07/28/2012,7,28,12,8,9,20
08/01/2012,8,1,12,4,16,18
08/04/2012,8,4,12,8,14,16
08/08/2012,8,8,12,2,12,14
08/11/2012,8,11,12,1,2,10
08/15/2012,8,15,12,10,14,32
08/18/2012,8,18,12,7,17,18
08/22/2012,8,22,12,16,23,26
08/25/2012,8,25,12,4,5,8
08/29/2012,8,29,12,1,3,4
09/01/2012,9,1,12,8,12,18
09/05/2012,9,5,12,6,14,28
09/08/2012,9,8,12,2,7,24
09/12/2012,9,12,12,4,10,25
09/15/2012,9,15,12,5,21,27
09/19/2012,9,19,12,13,18,23
09/22/2012,9,22,12,4,13,16
09/26/2012,9,26,12,17,18,29
09/29/2012,9,29,12,6,13,20
10/03/2012,10,3,12,1,2,3
10/06/2012,10,6,12,25,32,37
10/10/2012,10,10,12,11,15,21
10/13/2012,10,13,12,5,10,12
10/17/2012,10,17,12,5,7,15
10/20/2012,10,20,12,1,9,11
10/24/2012,10,24,12,3,18,26
10/27/2012,10,27,12,4,11,13
10/31/2012,10,31,12,15,16,17
11/03/2012,11,3,12,15,17,20
11/07/2012,11,7,12,1,24,30
11/10/2012,11,10,12,3,5,12
11/14/2012,11,14,12,4,6,13
11/17/2012,11,17,12,9,24,25
11/21/2012,11,21,12,2,7,18
11/24/2012,11,24,12,6,11,29
11/28/2012,11,28,12,4,11,18
12/01/2012,12,1,12,10,16,25
12/05/2012,12,5,12,8,13,17
12/08/2012,12,8,12,5,6,10
12/12/2012,12,12,12,14,17,18
12/15/2012,12,15,12,14,22,23
12/19/2012,12,19,12,8,12,15
12/22/2012,12,22,12,7,8,10
12/26/2012,12,26,12,16,17,28
12/29/2012,12,29,12,14,16,20
01/02/2013,1,2,13,6,7,20
01/05/2013,1,5,13,14,15,18
01/09/2013,1,9,13,10,20,21
01/12/2013,1,12,13,4,5,11
01/16/2013,1,16,13,4,19,20
01/19/2013,1,19,13,8,9,11
01/23/2013,1,23,13,1,3,6
01/26/2013,1,26,13,2,3,7
01/30/2013,1,30,13,3,9,23
02/02/2013,2,2,13,1,7,26
02/06/2013,2,6,13,7,25,32
02/09/2013,2,9,13,6,12,18
02/13/2013,2,13,13,1,13,19
02/16/2013,2,16,13,3,9,21
02/20/2013,2,20,13,2,14,26
02/23/2013,2,23,13,12,13,22
02/27/2013,2,27,13,1,3,8
03/02/2013,3,2,13,10,20,21
03/06/2013,3,6,13,1,17,35
03/09/2013,3,9,13,5,12,13
03/13/2013,3,13,13,10,18,20
03/16/2013,3,16,13,18,21,27
03/20/2013,3,20,13,10,11,14
03/23/2013,3,23,13,2,13,14
03/27/2013,3,27,13,2,7,11
03/30/2013,3,30,13,15,24,30
04/03/2013,4,3,13,1,20,25
04/06/2013,4,6,13,7,12,20
04/10/2013,4,10,13,3,4,9
04/13/2013,4,13,13,2,10,17
04/17/2013,4,17,13,8,15,19
04/20/2013,4,20,13,16,18,20
04/24/2013,4,24,13,3,14,15
04/27/2013,4,27,13,3,14,17
05/01/2013,5,1,13,4,19,20
05/04/2013,5,4,13,6,8,27
05/08/2013,5,8,13,2,5,10
05/11/2013,5,11,13,8,18,34
05/15/2013,5,15,13,4,6,15
05/18/2013,5,18,13,5,7,17
05/22/2013,5,22,13,9,16,19
05/25/2013,5,25,13,5,8,19
05/29/2013,5,29,13,4,7,9
06/01/2013,6,1,13,2,13,17
06/05/2013,6,5,13,3,7,12
06/08/2013,6,8,13,2,7,20
06/12/2013,6,12,13,4,15,24
06/15/2013,6,15,13,2,10,23
06/19/2013,6,19,13,9,11,14
06/22/2013,6,22,13,3,4,20
06/26/2013,6,26,13,9,19,21
06/29/2013,6,29,13,4,7,22
07/03/2013,7,3,13,4,5,10
07/06/2013,7,6,13,10,12,18
07/10/2013,7,10,13,9,10,27
07/13/2013,7,13,13,2,10,17
07/17/2013,7,17,13,1,15,24
07/20/2013,7,20,13,10,22,28
07/24/2013,7,24,13,12,20,28
07/27/2013,7,27,13,1,6,15
07/31/2013,7,31,13,9,11,13
08/03/2013,8,3,13,1,5,25
08/07/2013,8,7,13,11,16,25
08/10/2013,8,10,13,7,10,14
08/14/2013,8,14,13,11,16,18
08/17/2013,8,17,13,3,6,10
08/21/2013,8,21,13,12,19,21
08/24/2013,8,24,13,4,10,16
08/28/2013,8,28,13,6,16,18
08/31/2013,8,31,13,1,5,12
09/04/2013,9,4,13,13,23,29
09/07/2013,9,7,13,2,8,14
09/11/2013,9,11,13,3,6,14
09/14/2013,9,14,13,9,12,13
09/18/2013,9,18,13,3,18,24
09/21/2013,9,21,13,1,4,23
09/25/2013,9,25,13,2,8,25
09/28/2013,9,28,13,14,15,20
10/02/2013,10,2,13,3,14,16
10/05/2013,10,5,13,4,7,16
10/09/2013,10,9,13,3,19,30
10/12/2013,10,12,13,1,2,12
10/16/2013,10,16,13,20,27,31
10/19/2013,10,19,13,12,14,20
10/23/2013,10,23,13,14,17,28
10/26/2013,10,26,13,1,3,21
10/30/2013,10,30,13,7,8,28
11/02/2013,11,2,13,1,7,12
11/06/2013,11,6,13,12,16,23
11/09/2013,11,9,13,4,7,10
11/13/2013,11,13,13,5,13,18
11/16/2013,11,16,13,14,17,25
11/20/2013,11,20,13,2,14,27
11/23/2013,11,23,13,2,8,11
11/27/2013,11,27,13,4,17,18
11/30/2013,11,30,13,3,8,10
12/04/2013,12,4,13,11,14,22
12/07/2013,12,7,13,21,26,27
12/11/2013,12,11,13,6,13,17
12/14/2013,12,14,13,2,14,17
12/18/2013,12,18,13,13,19,32
12/21/2013,12,21,13,7,16,17
12/28/2013,12,28,13,4,8,11
01/01/2014,1,1,14,3,15,17
01/04/2014,1,4,14,11,15,21
01/08/2014,1,8,14,11,17,20
01/11/2014,1,11,14,3,11,12
01/15/2014,1,15,14,8,19,29
01/18/2014,1,18,14,5,9,19
01/22/2014,1,22,14,13,17,18
01/25/2014,1,25,14,2,6,8
01/29/2014,1,29,14,1,24,25
02/01/2014,2,1,14,2,5,6
02/05/2014,2,5,14,7,16,29
02/08/2014,2,8,14,1,16,21
02/12/2014,2,12,14,14,21,23
02/15/2014,2,15,14,1,6,25
02/19/2014,2,19,14,9,10,22
02/22/2014,2,22,14,7,9,27
02/26/2014,2,26,14,3,4,6
03/01/2014,3,1,14,17,18,22
03/05/2014,3,5,14,3,14,15
03/08/2014,3,8,14,4,7,12
03/12/2014,3,12,14,3,8,26
03/15/2014,3,15,14,1,27,30
03/19/2014,3,19,14,5,18,31
03/22/2014,3,22,14,9,23,28
03/26/2014,3,26,14,10,12,16
03/29/2014,3,29,14,7,8,12
04/02/2014,4,2,14,21,24,29
04/05/2014,4,5,14,2,14,15
04/09/2014,4,9,14,1,19,28
04/12/2014,4,12,14,1,4,23
04/16/2014,4,16,14,7,10,12
04/19/2014,4,19,14,5,10,12
04/23/2014,4,23,14,5,6,9
04/26/2014,4,26,14,2,5,32
04/30/2014,4,30,14,2,6,8
05/03/2014,5,3,14,4,5,19
05/07/2014,5,7,14,3,6,10
05/10/2014,5,10,14,5,17,20
05/14/2014,5,14,14,12,21,22
05/17/2014,5,17,14,9,12,27
05/21/2014,5,21,14,12,17,18
05/24/2014,5,24,14,2,21,23
05/28/2014,5,28,14,11,20,27
05/31/2014,5,31,14,8,11,15
06/04/2014,6,4,14,8,13,21
06/07/2014,6,7,14,5,10,13
06/11/2014,6,11,14,5,18,26
06/14/2014,6,14,14,8,10,13
06/18/2014,6,18,14,5,13,21
06/21/2014,6,21,14,3,4,8
06/25/2014,6,25,14,19,25,38
06/28/2014,6,28,14,2,4,10
07/02/2014,7,2,14,11,17,27
07/05/2014,7,5,14,3,13,14
07/09/2014,7,9,14,2,3,5
07/12/2014,7,12,14,3,4,8
07/16/2014,7,16,14,7,14,17
07/19/2014,7,19,14,24,27,30
07/23/2014,7,23,14,11,18,23
07/26/2014,7,26,14,5,10,14
07/30/2014,7,30,14,6,7,14
08/02/2014,8,2,14,5,8,15
08/06/2014,8,6,14,7,24,28
08/09/2014,8,9,14,7,10,25
08/13/2014,8,13,14,7,14,15
08/16/2014,8,16,14,1,2,3
08/20/2014,8,20,14,2,10,19
08/23/2014,8,23,14,4,7,18
08/27/2014,8,27,14,3,11,17
08/30/2014,8,30,14,4,10,16
09/03/2014,9,3,14,3,6,15
09/06/2014,9,6,14,3,13,18
09/10/2014,9,10,14,10,15,17
09/13/2014,9,13,14,14,18,25
09/17/2014,9,17,14,2,7,18
09/20/2014,9,20,14,9,10,28
09/24/2014,9,24,14,5,15,18
09/27/2014,9,27,14,5,7,13
10/01/2014,10,1,14,16,19,20
10/04/2014,10,4,14,6,24,25
10/08/2014,10,8,14,8,9,12
10/11/2014,10,11,14,1,9,19
10/15/2014,10,15,14,1,4,26
10/18/2014,10,18,14,9,10,20
10/22/2014,10,22,14,7,11,13
10/25/2014,10,25,14,3,8,9
10/29/2014,10,29,14,12,17,21
11/01/2014,11,1,14,6,7,12
11/05/2014,11,5,14,1,5,17
11/08/2014,11,8,14,11,17,29
11/12/2014,11,12,14,3,4,8
11/15/2014,11,15,14,12,17,30
11/19/2014,11,19,14,4,17,18
11/22/2014,11,22,14,6,7,10
11/26/2014,11,26,14,5,8,12
11/29/2014,11,29,14,10,20,26
12/03/2014,12,3,14,11,12,15
12/06/2014,12,6,14,4,9,13
12/10/2014,12,10,14,2,12,15
12/13/2014,12,13,14,1,10,13
12/17/2014,12,17,14,12,16,23
12/20/2014,12,20,14,10,24,26
12/24/2014,12,24,14,2,3,15
12/27/2014,12,27,14,6,12,14
12/31/2014,12,31,14,1,5,22
01/03/2015,1,3,15,3,13,19
01/07/2015,1,7,15,4,5,14
01/10/2015,1,10,15,3,13,21
01/14/2015,1,14,15,9,16,18
01/17/2015,1,17,15,8,11,18
01/21/2015,1,21,15,3,4,10
01/24/2015,1,24,15,5,7,18
01/28/2015,1,28,15,9,10,14
01/31/2015,1,31,15,6,9,10
02/04/2015,2,4,15,3,9,19
02/07/2015,2,7,15,3,10,18
02/11/2015,2,11,15,4,8,21
02/14/2015,2,14,15,5,6,15
02/18/2015,2,18,15,1,2,20
02/21/2015,2,21,15,4,5,8
02/25/2015,2,25,15,2,4,5
02/28/2015,2,28,15,2,3,6
03/04/2015,3,4,15,2,3,13
03/07/2015,3,7,15,6,17,18
03/11/2015,3,11,15,10,11,12
03/14/2015,3,14,15,4,6,10
03/18/2015,3,18,15,7,17,19
03/21/2015,3,21,15,6,16,18
03/25/2015,3,25,15,10,12,15
03/28/2015,3,28,15,3,9,17
04/01/2015,4,1,15,5,14,17
04/04/2015,4,4,15,3,16,17
04/08/2015,4,8,15,5,10,15
04/11/2015,4,11,15,4,11,21
04/15/2015,4,15,15,2,15,19
04/18/2015,4,18,15,3,16,19
04/22/2015,4,22,15,8,12,17
04/25/2015,4,25,15,1,18,21
04/29/2015,4,29,15,2,18,25
05/02/2015,5,2,15,5,23,26
05/06/2015,5,6,15,13,16,23
05/09/2015,5,9,15,7,13,24
05/13/2015,5,13,15,4,27,33
05/16/2015,5,16,15,15,17,19
05/20/2015,5,20,15,1,2,6
05/23/2015,5,23,15,3,12,13
05/27/2015,5,27,15,5,12,19
05/30/2015,5,30,15,6,7,8
06/03/2015,6,3,15,5,8,15
06/06/2015,6,6,15,5,6,17
06/10/2015,6,10,15,5,8,9
06/13/2015,6,13,15,2,3,5
06/17/2015,6,17,15,11,13,32
06/20/2015,6,20,15,7,19,21
06/24/2015,6,24,15,7,8,9
06/27/2015,6,27,15,2,6,17
07/01/2015,7,1,15,5,24,26
07/04/2015,7,4,15,9,13,17
07/08/2015,7,8,15,17,20,21
07/11/2015,7,11,15,11,22,25
07/15/2015,7,15,15,2,13,18
07/18/2015,7,18,15,12,24,30
07/22/2015,7,22,15,5,6,18
07/25/2015,7,25,15,4,9,14
07/29/2015,7,29,15,2,3,22
08/01/2015,8,1,15,5,7,9
08/05/2015,8,5,15,11,16,19
08/08/2015,8,8,15,5,8,10
08/12/2015,8,12,15,6,12,24
08/15/2015,8,15,15,7,9,17
08/19/2015,8,19,15,1,3,8
08/22/2015,8,22,15,5,7,14
08/26/2015,8,26,15,9,17,23
08/29/2015,8,29,15,11,18,25
09/02/2015,9,2,15,3,6,7
09/05/2015,9,5,15,6,12,25
09/09/2015,9,9,15,8,24,25
09/12/2015,9,12,15,20,21,24
09/16/2015,9,16,15,7,10,14
09/19/2015,9,19,15,3,4,11
09/23/2015,9,23,15,3,18,26
09/26/2015,9,26,15,1,5,6
09/30/2015,9,30,15,9,12,23
10/03/2015,10,3,15,1,2,3
10/07/2015,10,7,15,4,6,14
10/10/2015,10,10,15,9,10,11
10/14/2015,10,14,15,2,13,17
10/17/2015,10,17,15,11,15,22
10/21/2015,10,21,15,13,16,35
10/24/2015,10,24,15,7,12,21
10/28/2015,10,28,15,4,5,11
10/31/2015,10,31,15,3,7,10
11/04/2015,11,4,15,7,19,23
11/07/2015,11,7,15,18,22,23
11/11/2015,11,11,15,2,12,17
11/14/2015,11,14,15,5,22,32
11/18/2015,11,18,15,8,9,12
11/21/2015,11,21,15,12,23,27
11/25/2015,11,25,15,5,11,12
11/28/2015,11,28,15,1,3,7
12/02/2015,12,2,15,6,7,8
12/05/2015,12,5,15,15,16,22
12/09/2015,12,9,15,2,10,11
12/12/2015,12,12,15,7,17,25
12/16/2015,12,16,15,2,18,19
12/19/2015,12,19,15,2,24,25
12/23/2015,12,23,15,6,11,21
12/26/2015,12,26,15,3,9,22
12/30/2015,12,30,15,2,5,14
01/02/2016,1,2,16,3,11,17
01/06/2016,1,6,16,13,14,15
01/09/2016,1,9,16,6,15,21
01/13/2016,1,13,16,10,11,13
01/16/2016,1,16,16,12,17,20
01/20/2016,1,20,16,11,16,19
01/23/2016,1,23,16,1,4,5
01/27/2016,1,27,16,2,9,10
01/30/2016,1,30,16,8,9,20
02/03/2016,2,3,16,9,11,12
02/06/2016,2,6,16,8,12,23
02/10/2016,2,10,16,1,8,19
02/13/2016,2,13,16,20,27,33
02/17/2016,2,17,16,2,6,9
02/20/2016,2,20,16,8,17,18
02/24/2016,2,24,16,1,10,17
02/27/2016,2,27,16,12,13,28
03/02/2016,3,2,16,1,2,10
03/05/2016,3,5,16,8,9,11
03/09/2016,3,9,16,3,11,16
03/12/2016,3,12,16,10,17,24
03/16/2016,3,16,16,22,23,28
03/19/2016,3,19,16,3,4,12
03/23/2016,3,23,16,3,20,21
03/26/2016,3,26,16,4,20,22
03/30/2016,3,30,16,2,5,18
04/02/2016,4,2,16,1,6,17
04/06/2016,4,6,16,26,27,32
04/09/2016,4,9,16,6,10,16
04/13/2016,4,13,16,1,2,18
04/16/2016,4,16,16,3,5,6
04/20/2016,4,20,16,3,9,11
04/23/2016,4,23,16,4,9,22
04/27/2016,4,27,16,14,19,20
04/30/2016,4,30,16,1,6,9
05/04/2016,5,4,16,4,7,13
05/07/2016,5,7,16,10,11,17
05/11/2016,5,11,16,15,20,27
05/14/2016,5,14,16,1,3,13
05/18/2016,5,18,16,7,11,12
05/21/2016,5,21,16,5,15,17
05/25/2016,5,25,16,7,9,13
05/28/2016,5,28,16,11,22,26
06/01/2016,6,1,16,2,11,15
06/04/2016,6,4,16,7,19,20
06/08/2016,6,8,16,9,19,26
06/11/2016,6,11,16,18,21,25
06/15/2016,6,15,16,1,4,12
06/18/2016,6,18,16,17,20,34
06/22/2016,6,22,16,4,11,26
06/25/2016,6,25,16,3,4,19
06/29/2016,6,29,16,6,7,11
07/02/2016,7,2,16,14,21,24
07/06/2016,7,6,16,3,9,12
07/09/2016,7,9,16,1,3,4
07/13/2016,7,13,16,7,27,30
07/16/2016,7,16,16,21,25,26
07/20/2016,7,20,16,14,16,17
07/23/2016,7,23,16,8,13,17
07/27/2016,7,27,16,1,5,7
07/30/2016,7,30,16,24,29,31
08/03/2016,8,3,16,7,16,18
08/06/2016,8,6,16,19,23,27
08/10/2016,8,10,16,1,2,3
08/13/2016,8,13,16,6,13,14
08/17/2016,8,17,16,8,16,26
08/20/2016,8,20,16,1,10,12
08/24/2016,8,24,16,7,10,15
08/27/2016,8,27,16,1,4,13
08/31/2016,8,31,16,1,8,23
09/03/2016,9,3,16,11,20,26
09/07/2016,9,7,16,21,22,25
09/10/2016,9,10,16,3,12,18
09/14/2016,9,14,16,2,19,22
09/17/2016,9,17,16,1,4,26
09/21/2016,9,21,16,6,16,21
09/24/2016,9,24,16,8,18,19
09/28/2016,9,28,16,6,7,10
10/01/2016,10,1,16,4,7,29
10/05/2016,10,5,16,8,10,13
10/08/2016,10,8,16,8,15,17
10/12/2016,10,12,16,18,22,26
10/15/2016,10,15,16,9,15,18
10/19/2016,10,19,16,3,4,5
10/22/2016,10,22,16,5,18,20
10/26/2016,10,26,16,3,9,17
10/29/2016,10,29,16,2,4,12
11/02/2016,11,2,16,1,8,15
11/05/2016,11,5,16,2,7,12
11/09/2016,11,9,16,20,25,28
11/12/2016,11,12,16,1,3,32
11/16/2016,11,16,16,1,2,7
11/19/2016,11,19,16,11,19,23
11/23/2016,11,23,16,1,8,12
11/26/2016,11,26,16,11,15,17
11/30/2016,11,30,16,1,6,12
12/03/2016,12,3,16,3,7,12
12/07/2016,12,7,16,1,5,23
12/10/2016,12,10,16,2,9,12
12/14/2016,12,14,16,3,7,17
12/17/2016,12,17,16,2,14,16
12/21/2016,12,21,16,2,8,14
12/24/2016,12,24,16,9,10,14
12/28/2016,12,28,16,6,10,21
12/31/2016,12,31,16,5,8,18
01/04/2017,1,4,17,2,3,17
01/07/2017,1,7,17,4,25,29
01/11/2017,1,11,17,13,14,15
01/14/2017,1,14,17,6,10,20
01/18/2017,1,18,17,5,11,19
01/21/2017,1,21,17,1,4,17
01/25/2017,1,25,17,4,6,15
01/28/2017,1,28,17,10,14,25
02/01/2017,2,1,17,4,13,18
02/04/2017,2,4,17,6,18,19
02/08/2017,2,8,17,10,13,29
02/11/2017,2,11,17,1,19,21
02/15/2017,2,15,17,3,12,13
02/18/2017,2,18,17,6,8,19
02/22/2017,2,22,17,4,10,12
02/25/2017,2,25,17,10,14,23
03/01/2017,3,1,17,5,17,19
03/04/2017,3,4,17,8,13,20
03/08/2017,3,8,17,2,11,19
03/11/2017,3,11,17,8,13,18
03/15/2017,3,15,17,2,19,21
03/18/2017,3,18,17,5,17,22
03/22/2017,3,22,17,19,20,26
03/25/2017,3,25,17,3,4,5
03/29/2017,3,29,17,2,6,8
04/01/2017,4,1,17,1,11,14
04/05/2017,4,5,17,13,22,34
04/08/2017,4,8,17,9,11,13
04/12/2017,4,12,17,7,8,24
04/15/2017,4,15,17,2,8,14
04/19/2017,4,19,17,6,7,8
04/22/2017,4,22,17,3,13,14
04/26/2017,4,26,17,5,10,16
04/29/2017,4,29,17,1,7,16
05/03/2017,5,3,17,8,21,28
05/06/2017,5,6,17,2,3,11
05/10/2017,5,10,17,9,13,24
05/13/2017,5,13,17,1,12,17
05/17/2017,5,17,17,2,4,13
05/20/2017,5,20,17,7,12,20
05/24/2017,5,24,17,5,14,16
05/27/2017,5,27,17,2,8,10
05/31/2017,5,31,17,14,20,22
06/03/2017,6,3,17,4,8,9
06/07/2017,6,7,17,1,8,17
06/10/2017,6,10,17,2,7,8
06/14/2017,6,14,17,8,16,17
06/17/2017,6,17,17,2,6,12
06/21/2017,6,21,17,8,12,18
06/24/2017,6,24,17,3,11,15
06/28/2017,6,28,17,19,22,26
07/01/2017,7,1,17,1,14,20
07/05/2017,7,5,17,16,26,28
07/08/2017,7,8,17,3,7,8
07/12/2017,7,12,17,5,17,27
07/15/2017,7,15,17,3,5,16
07/19/2017,7,19,17,3,7,22
07/22/2017,7,22,17,3,13,23
07/26/2017,7,26,17,2,9,14
07/29/2017,7,29,17,21,23,29
08/02/2017,8,2,17,5,7,19
08/05/2017,8,5,17,3,7,11
08/09/2017,8,9,17,2,6,8
08/12/2017,8,12,17,2,11,14
08/16/2017,8,16,17,6,9,10
08/19/2017,8,19,17,3,6,23
08/23/2017,8,23,17,2,3,6
08/26/2017,8,26,17,1,7,8
08/30/2017,8,30,17,14,20,24
09/02/2017,9,2,17,1,14,17
09/06/2017,9,6,17,2,9,10
09/09/2017,9,9,17,3,7,11
09/13/2017,9,13,17,15,18,23
09/16/2017,9,16,17,15,17,22
09/20/2017,9,20,17,6,9,16
09/23/2017,9,23,17,12,13,16
09/27/2017,9,27,17,4,5,9
09/30/2017,9,30,17,5,17,25
10/04/2017,10,4,17,4,19,21
10/07/2017,10,7,17,2,5,6
10/11/2017,10,11,17,2,15,24
10/14/2017,10,14,17,8,11,14
10/18/2017,10,18,17,1,3,13
10/21/2017,10,21,17,13,14,16
10/25/2017,10,25,17,1,2,5
10/28/2017,10,28,17,2,8,10
11/01/2017,11,1,17,8,10,15
11/04/2017,11,4,17,2,8,15
11/08/2017,11,8,17,7,11,14
11/11/2017,11,11,17,3,14,18
11/15/2017,11,15,17,1,5,12
11/18/2017,11,18,17,14,15,21
11/22/2017,11,22,17,17,19,36
11/25/2017,11,25,17,3,6,8
11/29/2017,11,29,17,2,13,18
12/02/2017,12,2,17,6,13,18
12/06/2017,12,6,17,1,5,14
12/09/2017,12,9,17,3,5,16
12/13/2017,12,13,17,3,15,22
12/16/2017,12,16,17,2,10,17
12/20/2017,12,20,17,10,12,20
12/23/2017,12,23,17,3,4,10
12/27/2017,12,27,17,11,12,13
12/30/2017,12,30,17,5,6,8
01/03/2018,1,3,18,7,12,15
01/06/2018,1,6,18,8,9,18
01/10/2018,1,10,18,5,7,14
01/13/2018,1,13,18,5,9,15
01/17/2018,1,17,18,16,20,23
01/20/2018,1,20,18,15,21,32
01/24/2018,1,24,18,3,16,32
01/27/2018,1,27,18,6,13,14
01/31/2018,1,31,18,7,8,10
02/03/2018,2,3,18,5,12,25
02/07/2018,2,7,18,1,5,6
02/10/2018,2,10,18,2,6,9
02/14/2018,2,14,18,4,9,10
02/17/2018,2,17,18,3,8,19
02/21/2018,2,21,18,18,19,20
02/24/2018,2,24,18,1,4,7
02/28/2018,2,28,18,1,19,32
03/03/2018,3,3,18,1,2,8
03/07/2018,3,7,18,19,21,25
03/10/2018,3,10,18,2,17,33
03/14/2018,3,14,18,8,22,35
03/17/2018,3,17,18,5,14,16
03/21/2018,3,21,18,14,18,20
03/24/2018,3,24,18,4,10,18
03/28/2018,3,28,18,4,16,23
03/31/2018,3,31,18,5,6,13
04/04/2018,4,4,18,9,10,29
04/07/2018,4,7,18,11,16,18
04/11/2018,4,11,18,10,13,25
04/14/2018,4,14,18,1,6,9
04/18/2018,4,18,18,3,14,15
04/21/2018,4,21,18,2,12,18
04/25/2018,4,25,18,2,5,6
04/28/2018,4,28,18,4,7,11
05/02/2018,5,2,18,16,22,33
05/05/2018,5,5,18,4,11,22
05/09/2018,5,9,18,13,14,17
05/12/2018,5,12,18,2,17,21
05/16/2018,5,16,18,1,12,16
05/19/2018,5,19,18,3,4,8
05/23/2018,5,23,18,7,11,19
05/26/2018,5,26,18,5,9,27
05/30/2018,5,30,18,4,11,14
06/02/2018,6,2,18,2,10,13
06/06/2018,6,6,18,21,23,26
06/09/2018,6,9,18,15,21,22
06/13/2018,6,13,18,12,13,17
06/16/2018,6,16,18,2,27,30
06/20/2018,6,20,18,6,14,29
06/23/2018,6,23,18,6,9,20
06/27/2018,6,27,18,7,23,26
06/30/2018,6,30,18,1,11,14
07/04/2018,7,4,18,4,14,22
07/07/2018,7,7,18,3,11,17
07/11/2018,7,11,18,3,6,11
07/14/2018,7,14,18,7,8,9
07/18/2018,7,18,18,17,24,25
07/21/2018,7,21,18,10,13,18
07/25/2018,7,25,18,5,11,15
07/28/2018,7,28,18,1,3,12
08/01/2018,8,1,18,3,10,18
08/04/2018,8,4,18,1,7,12
08/08/2018,8,8,18,2,6,10
08/11/2018,8,11,18,4,5,11
08/15/2018,8,15,18,3,20,21
08/18/2018,8,18,18,1,7,10
08/22/2018,8,22,18,6,10,11
08/25/2018,8,25,18,1,4,10
08/29/2018,8,29,18,2,5,11
09/01/2018,9,1,18,9,11,29
09/05/2018,9,5,18,5,12,26
09/08/2018,9,8,18,4,13,19
09/12/2018,9,12,18,6,14,18
09/15/2018,9,15,18,4,10,11
09/19/2018,9,19,18,10,15,19
09/22/2018,9,22,18,17,19,20
09/26/2018,9,26,18,2,5,7
09/29/2018,9,29,18,3,4,18
10/03/2018,10,3,18,7,8,14
10/06/2018,10,6,18,6,10,26
10/10/2018,10,10,18,2,4,8
10/13/2018,10,13,18,7,20,28
10/17/2018,10,17,18,4,14,18
10/20/2018,10,20,18,7,10,14
10/24/2018,10,24,18,5,9,18
10/27/2018,10,27,18,1,9,10
10/31/2018,10,31,18,4,7,15
11/03/2018,11,3,18,5,7,8
11/07/2018,11,7,18,5,13,27
11/10/2018,11,10,18,3,16,21
11/14/2018,11,14,18,2,9,16
11/17/2018,11,17,18,2,8,23
11/21/2018,11,21,18,6,15,18
11/24/2018,11,24,18,3,8,15
11/28/2018,11,28,18,9,14,16
12/01/2018,12,1,18,5,6,31
12/05/2018,12,5,18,2,3,13
12/08/2018,12,8,18,1,16,22
12/12/2018,12,12,18,11,19,21
12/15/2018,12,15,18,2,12,29
12/19/2018,12,19,18,4,9,13
12/22/2018,12,22,18,9,14,15
12/26/2018,12,26,18,6,16,29
12/29/2018,12,29,18,1,5,22
01/02/2019,1,2,19,7,8,15
01/05/2019,1,5,19,3,6,14
01/09/2019,1,9,19,3,5,19
01/12/2019,1,12,19,3,22,35
01/16/2019,1,16,19,1,4,20
01/19/2019,1,19,19,2,7,16
01/23/2019,1,23,19,3,18,25
01/26/2019,1,26,19,4,16,20
01/30/2019,1,30,19,5,14,16
02/02/2019,2,2,19,14,16,25
02/06/2019,2,6,19,1,14,16
02/09/2019,2,9,19,9,14,22
02/13/2019,2,13,19,2,23,28
02/16/2019,2,16,19,1,19,21
02/20/2019,2,20,19,6,8,14
02/23/2019,2,23,19,7,18,24
02/27/2019,2,27,19,2,16,23
03/02/2019,3,2,19,2,23,26
03/06/2019,3,6,19,1,7,19
03/09/2019,3,9,19,4,14,15
03/13/2019,3,13,19,9,22,25
03/16/2019,3,16,19,1,6,16
03/20/2019,3,20,19,16,22,27
03/23/2019,3,23,19,7,18,25
03/27/2019,3,27,19,2,5,15
03/30/2019,3,30,19,9,10,19
04/03/2019,4,3,19,10,11,15
04/06/2019,4,6,19,9,19,27
04/10/2019,4,10,19,16,22,31
04/13/2019,4,13,19,7,15,18
04/17/2019,4,17,19,8,16,21
04/20/2019,4,20,19,7,9,14
04/24/2019,4,24,19,9,19,28
04/27/2019,4,27,19,13,14,18
05/01/2019,5,1,19,14,15,16
05/04/2019,5,4,19,3,8,28
05/08/2019,5,8,19,1,2,14
05/11/2019,5,11,19,25,28,30
05/15/2019,5,15,19,6,9,14
05/18/2019,5,18,19,11,13,17
05/22/2019,5,22,19,2,4,7
05/25/2019,5,25,19,16,17,19
05/29/2019,5,29,19,3,5,21
06/01/2019,6,1,19,1,11,14
06/05/2019,6,5,19,2,11,12
06/08/2019,6,8,19,12,28,35
06/12/2019,6,12,19,1,15,19
06/15/2019,6,15,19,2,3,14
06/19/2019,6,19,19,16,21,22
06/22/2019,6,22,19,4,7,23
06/26/2019,6,26,19,2,12,13
06/29/2019,6,29,19,11,14,27
07/03/2019,7,3,19,4,16,22
07/06/2019,7,6,19,1,5,8
07/10/2019,7,10,19,1,5,16
07/13/2019,7,13,19,7,9,14
07/17/2019,7,17,19,1,7,15
07/20/2019,7,20,19,6,13,18
07/24/2019,7,24,19,2,13,17
07/27/2019,7,27,19,4,5,7
07/31/2019,7,31,19,1,2,3
08/03/2019,8,3,19,6,14,20
08/07/2019,8,7,19,3,11,14
08/10/2019,8,10,19,5,13,14
08/14/2019,8,14,19,1,4,11
08/17/2019,8,17,19,4,8,17
08/21/2019,8,21,19,6,12,18
08/24/2019,8,24,19,3,16,19
08/28/2019,8,28,19,4,9,13
08/31/2019,8,31,19,13,15,21
09/04/2019,9,4,19,8,24,27
09/07/2019,9,7,19,5,6,12
09/11/2019,9,11,19,9,23,28
09/14/2019,9,14,19,3,6,9
09/18/2019,9,18,19,4,13,14
09/21/2019,9,21,19,1,3,12
09/25/2019,9,25,19,8,10,34
09/28/2019,9,28,19,9,13,19
10/02/2019,10,2,19,3,5,11
10/05/2019,10,5,19,3,10,19
10/09/2019,10,9,19,13,15,17
10/12/2019,10,12,19,10,17,29
10/16/2019,10,16,19,7,14,15
10/19/2019,10,19,19,9,11,21
10/23/2019,10,23,19,6,9,14
10/26/2019,10,26,19,4,7,10
10/30/2019,10,30,19,1,2,3
11/02/2019,11,2,19,15,18,21
11/06/2019,11,6,19,4,8,11
11/09/2019,11,9,19,9,15,16
11/13/2019,11,13,19,2,5,21
11/16/2019,11,16,19,9,13,31
11/20/2019,11,20,19,4,11,12
11/23/2019,11,23,19,2,14,28
11/27/2019,11,27,19,14,16,22
11/30/2019,11,30,19,5,8,26
12/04/2019,12,4,19,4,9,13
12/07/2019,12,7,19,4,9,16
12/11/2019,12,11,19,8,11,18
12/14/2019,12,14,19,1,12,13
12/18/2019,12,18,19,1,9,13
12/21/2019,12,21,19,9,11,26
12/28/2019,12,28,19,13,24,28
01/01/2020,1,1,20,4,6,14
01/04/2020,1,4,20,6,8,9
01/08/2020,1,8,20,13,19,23
01/11/2020,1,11,20,10,15,23
01/15/2020,1,15,20,6,8,10
01/18/2020,1,18,20,2,4,16
01/22/2020,1,22,20,14,15,17
01/25/2020,1,25,20,5,10,25
01/29/2020,1,29,20,2,3,8
02/01/2020,2,1,20,6,7,14
02/05/2020,2,5,20,3,15,33
02/08/2020,2,8,20,9,13,21
02/12/2020,2,12,20,6,14,20
02/15/2020,2,15,20,6,9,16
02/19/2020,2,19,20,10,12,15
02/22/2020,2,22,20,1,3,12
02/26/2020,2,26,20,7,21,32
02/29/2020,2,29,20,7,11,22
03/04/2020,3,4,20,18,20,21
03/07/2020,3,7,20,1,3,11
03/11/2020,3,11,20,10,21,23
03/14/2020,3,14,20,10,12,18
03/18/2020,3,18,20,2,9,14
03/21/2020,3,21,20,10,14,29
03/25/2020,3,25,20,4,14,17
03/28/2020,3,28,20,8,12,22
04/01/2020,4,1,20,2,3,28
04/04/2020,4,4,20,10,15,34
04/08/2020,4,8,20,9,10,16
04/11/2020,4,11,20,7,8,11
04/15/2020,4,15,20,3,8,11
04/18/2020,4,18,20,4,11,20
04/22/2020,4,22,20,2,6,20
04/25/2020,4,25,20,4,5,8
04/29/2020,4,29,20,8,18,20
05/02/2020,5,2,20,1,2,23
05/06/2020,5,6,20,1,2,12
05/09/2020,5,9,20,4,5,9
05/13/2020,5,13,20,2,3,6
05/16/2020,5,16,20,6,8,14
05/20/2020,5,20,20,6,13,20
05/23/2020,5,23,20,12,14,18
05/27/2020,5,27,20,4,8,9
05/30/2020,5,30,20,7,20,22
06/03/2020,6,3,20,5,7,10
06/06/2020,6,6,20,1,8,11
06/10/2020,6,10,20,6,10,14
06/13/2020,6,13,20,15,23,24
06/17/2020,6,17,20,2,6,9
06/20/2020,6,20,20,7,14,16
06/24/2020,6,24,20,1,3,13
06/27/2020,6,27,20,6,10,19
07/01/2020,7,1,20,10,11,12
07/04/2020,7,4,20,1,9,15
07/08/2020,7,8,20,3,12,16
07/11/2020,7,11,20,2,9,11
07/15/2020,7,15,20,1,13,16
07/18/2020,7,18,20,13,15,30
07/22/2020,7,22,20,7,14,21
07/25/2020,7,25,20,6,12,15
07/29/2020,7,29,20,9,11,18
08/01/2020,8,1,20,18,26,29
08/05/2020,8,5,20,1,15,18
08/08/2020,8,8,20,2,24,27
08/12/2020,8,12,20,2,12,19
08/15/2020,8,15,20,6,7,11
08/19/2020,8,19,20,2,8,24
08/22/2020,8,22,20,4,12,15
08/26/2020,8,26,20,10,13,17
08/29/2020,8,29,20,14,18,19
09/02/2020,9,2,20,3,17,20
09/05/2020,9,5,20,10,13,17
09/09/2020,9,9,20,12,16,17
09/12/2020,9,12,20,15,16,24
09/16/2020,9,16,20,17,19,20
09/19/2020,9,19,20,3,6,13
09/23/2020,9,23,20,2,4,10
09/26/2020,9,26,20,3,6,7
09/30/2020,9,30,20,12,16,21
10/03/2020,10,3,20,3,10,12
10/07/2020,10,7,20,3,12,14
10/10/2020,10,10,20,6,14,22
10/14/2020,10,14,20,14,18,30
10/17/2020,10,17,20,4,8,16
10/21/2020,10,21,20,7,16,18
10/24/2020,10,24,20,5,6,9
10/28/2020,10,28,20,3,12,17
10/31/2020,10,31,20,2,6,20
11/04/2020,11,4,20,20,21,28
11/07/2020,11,7,20,3,9,17
11/11/2020,11,11,20,2,9,12
11/14/2020,11,14,20,3,8,10
11/18/2020,11,18,20,4,7,9
11/21/2020,11,21,20,1,13,18
11/25/2020,11,25,20,3,21,22
11/28/2020,11,28,20,1,5,23
12/02/2020,12,2,20,22,27,28
12/05/2020,12,5,20,9,12,17
12/09/2020,12,9,20,17,20,23
12/12/2020,12,12,20,3,8,18
12/16/2020,12,16,20,6,10,22
12/19/2020,12,19,20,4,8,10
12/23/2020,12,23,20,5,6,8
12/26/2020,12,26,20,4,6,14
12/30/2020,12,30,20,3,22,24
01/02/2021,1,2,21,7,17,18
01/06/2021,1,6,21,13,16,33
01/09/2021,1,9,21,9,11,14
01/13/2021,1,13,21,3,25,30
01/16/2021,1,16,21,6,9,16
01/20/2021,1,20,21,1,4,11
01/23/2021,1,23,21,15,17,23
01/27/2021,1,27,21,3,9,11
01/30/2021,1,30,21,2,5,12
02/03/2021,2,3,21,8,22,27
02/06/2021,2,6,21,1,12,16
02/10/2021,2,10,21,1,3,4
02/13/2021,2,13,21,2,7,12
02/17/2021,2,17,21,3,5,6
02/20/2021,2,20,21,6,9,22
02/24/2021,2,24,21,2,11,12
02/27/2021,2,27,21,6,12,14
03/03/2021,3,3,21,16,27,29
03/06/2021,3,6,21,3,7,11
03/10/2021,3,10,21,4,7,13
03/13/2021,3,13,21,1,3,5
03/17/2021,3,17,21,4,16,17
03/20/2021,3,20,21,7,10,11
03/24/2021,3,24,21,7,10,20
03/27/2021,3,27,21,4,13,14
03/31/2021,3,31,21,11,13,14
04/03/2021,4,3,21,12,14,19
04/07/2021,4,7,21,13,16,32
04/10/2021,4,10,21,11,19,22
04/14/2021,4,14,21,2,5,20
04/17/2021,4,17,21,3,4,15
04/21/2021,4,21,21,4,6,9
04/24/2021,4,24,21,6,10,13
04/28/2021,4,28,21,8,19,21
05/01/2021,5,1,21,4,5,8
05/05/2021,5,5,21,2,4,5
05/08/2021,5,8,21,2,6,9
05/12/2021,5,12,21,3,9,10
05/15/2021,5,15,21,5,10,13
05/19/2021,5,19,21,6,10,18
05/22/2021,5,22,21,3,5,10
05/26/2021,5,26,21,1,6,11
05/29/2021,5,29,21,3,7,25
06/02/2021,6,2,21,4,5,12
06/05/2021,6,5,21,10,13,25
06/09/2021,6,9,21,2,3,11
06/12/2021,6,12,21,1,6,24
06/16/2021,6,16,21,3,7,13
06/19/2021,6,19,21,3,6,20
06/23/2021,6,23,21,4,21,25
06/26/2021,6,26,21,19,21,27
06/30/2021,6,30,21,3,4,16
07/03/2021,7,3,21,12,17,21
07/07/2021,7,7,21,1,4,6
07/10/2021,7,10,21,7,8,24
07/14/2021,7,14,21,1,5,12
07/17/2021,7,17,21,2,4,10
07/21/2021,7,21,21,1,3,4
07/24/2021,7,24,21,17,18,23
07/28/2021,7,28,21,5,6,8
07/31/2021,7,31,21,6,11,18
08/04/2021,8,4,21,4,11,12
08/07/2021,8,7,21,6,7,9
08/11/2021,8,11,21,2,8,18
08/14/2021,8,14,21,8,12,22
08/18/2021,8,18,21,11,13,22
08/21/2021,8,21,21,7,19,20
08/25/2021,8,25,21,1,11,19
08/28/2021,8,28,21,25,26,27
09/01/2021,9,1,21,6,15,16
09/04/2021,9,4,21,3,7,8
09/08/2021,9,8,21,3,6,18
09/11/2021,9,11,21,1,7,9
09/15/2021,9,15,21,3,5,10
09/18/2021,9,18,21,3,4,6
09/22/2021,9,22,21,1,8,10
09/25/2021,9,25,21,3,6,17
09/29/2021,9,29,21,7,14,17
10/02/2021,10,2,21,4,15,25
10/06/2021,10,6,21,3,9,27
10/09/2021,10,9,21,13,18,21
10/13/2021,10,13,21,13,15,16
10/16/2021,10,16,21,5,11,23
10/20/2021,10,20,21,6,7,9
10/23/2021,10,23,21,1,3,4
10/27/2021,10,27,21,3,5,10
10/30/2021,10,30,21,5,11,18
11/03/2021,11,3,21,4,10,19
11/06/2021,11,6,21,1,9,13
11/10/2021,11,10,21,11,21,28
11/13/2021,11,13,21,8,13,14
11/17/2021,11,17,21,5,6,23
11/20/2021,11,20,21,2,17,20
11/24/2021,11,24,21,2,12,13
11/27/2021,11,27,21,7,9,15
12/01/2021,12,1,21,11,21,22
12/04/2021,12,4,21,5,6,10
12/08/2021,12,8,21,8,11,17
12/11/2021,12,11,21,1,5,13
12/15/2021,12,15,21,4,12,24
12/18/2021,12,18,21,10,14,17
12/22/2021,12,22,21,8,21,23
12/29/2021,12,29,21,16,18,20
01/01/2022,1,1,22,18,20,25
01/05/2022,1,5,22,3,7,13
01/08/2022,1,8,22,9,10,18
01/12/2022,1,12,22,3,4,5
01/15/2022,1,15,22,6,15,21
01/19/2022,1,19,22,5,8,12
01/22/2022,1,22,22,4,13,14
01/26/2022,1,26,22,3,4,12
01/29/2022,1,29,22,10,17,19
02/02/2022,2,2,22,6,8,9
02/05/2022,2,5,22,2,11,14
02/09/2022,2,9,22,23,27,31
02/12/2022,2,12,22,1,17,32
02/16/2022,2,16,22,18,23,25
02/19/2022,2,19,22,9,17,19
02/23/2022,2,23,22,9,10,17
02/26/2022,2,26,22,11,12,31
03/02/2022,3,2,22,5,8,16
03/05/2022,3,5,22,5,6,16
03/09/2022,3,9,22,9,10,25
03/12/2022,3,12,22,8,9,12
03/16/2022,3,16,22,14,22,25
03/19/2022,3,19,22,7,16,29
03/23/2022,3,23,22,3,5,13
03/26/2022,3,26,22,5,11,22
03/30/2022,3,30,22,4,12,14
04/02/2022,4,2,22,1,3,22
04/06/2022,4,6,22,3,6,19
04/09/2022,4,9,22,1,4,8
04/13/2022,4,13,22,5,6,17
04/16/2022,4,16,22,2,15,22
04/20/2022,4,20,22,9,10,15
04/23/2022,4,23,22,8,10,16
04/27/2022,4,27,22,4,11,16
04/30/2022,4,30,22,6,11,26
05/04/2022,5,4,22,6,19,21
05/07/2022,5,7,22,6,11,14
05/11/2022,5,11,22,21,25,29
05/14/2022,5,14,22,3,17,22
05/18/2022,5,18,22,17,20,24
05/21/2022,5,21,22,6,11,28
05/25/2022,5,25,22,10,18,21
05/28/2022,5,28,22,19,22,25
06/01/2022,6,1,22,4,18,20
06/04/2022,6,4,22,3,4,13
06/08/2022,6,8,22,4,8,12
06/11/2022,6,11,22,2,9,17
06/15/2022,6,15,22,6,17,19
06/18/2022,6,18,22,1,14,21
06/22/2022,6,22,22,13,17,20
06/25/2022,6,25,22,2,6,13
06/29/2022,6,29,22,1,7,25
07/02/2022,7,2,22,6,11,19
07/06/2022,7,6,22,8,11,15
07/09/2022,7,9,22,8,28,29
07/13/2022,7,13,22,1,5,29
07/16/2022,7,16,22,6,8,9
07/20/2022,7,20,22,10,11,19
07/23/2022,7,23,22,5,6,10
07/27/2022,7,27,22,5,10,12
07/30/2022,7,30,22,4,6,12
08/03/2022,8,3,22,22,23,25
08/06/2022,8,6,22,4,6,11
08/10/2022,8,10,22,17,24,28
08/13/2022,8,13,22,1,10,19
08/17/2022,8,17,22,5,12,15
08/20/2022,8,20,22,2,8,19
08/24/2022,8,24,22,8,19,22
08/27/2022,8,27,22,7,18,30
08/31/2022,8,31,22,1,6,18
09/03/2022,9,3,22,1,3,10
09/07/2022,9,7,22,16,19,31
09/10/2022,9,10,22,1,14,17
09/14/2022,9,14,22,7,13,20
09/17/2022,9,17,22,5,16,17
09/21/2022,9,21,22,1,6,16
09/24/2022,9,24,22,1,18,22
09/28/2022,9,28,22,3,4,9
10/01/2022,10,1,22,5,22,23
10/05/2022,10,5,22,5,8,12
10/08/2022,10,8,22,5,9,15
10/12/2022,10,12,22,8,28,29
10/15/2022,10,15,22,5,18,26
10/19/2022,10,19,22,14,17,20
10/22/2022,10,22,22,12,16,18
10/26/2022,10,26,22,3,14,23
10/29/2022,10,29,22,10,13,16
11/02/2022,11,2,22,2,3,6
11/05/2022,11,5,22,4,8,11
11/09/2022,11,9,22,4,11,12
11/12/2022,11,12,22,5,12,20
11/16/2022,11,16,22,2,16,29
11/19/2022,11,19,22,2,14,22
11/23/2022,11,23,22,1,3,16
11/26/2022,11,26,22,2,6,14
11/30/2022,11,30,22,2,9,15
12/03/2022,12,3,22,17,23,33
12/07/2022,12,7,22,1,4,7
12/10/2022,12,10,22,1,10,22
12/14/2022,12,14,22,2,5,14
12/17/2022,12,17,22,1,3,8
12/21/2022,12,21,22,9,10,14
12/24/2022,12,24,22,5,7,10
12/28/2022,12,28,22,4,6,9
12/31/2022,12,31,22,1,3,12
01/04/2023,1,4,23,3,10,11
01/07/2023,1,7,23,6,19,30
01/11/2023,1,11,23,2,11,20
01/14/2023,1,14,23,3,6,8
01/18/2023,1,18,23,20,21,25
01/21/2023,1,21,23,3,4,26
01/25/2023,1,25,23,1,7,9
01/28/2023,1,28,23,5,8,21
02/01/2023,2,1,23,2,21,23
02/04/2023,2,4,23,7,13,19
02/08/2023,2,8,23,3,5,13
02/11/2023,2,11,23,4,8,12
02/15/2023,2,15,23,10,15,24
02/18/2023,2,18,23,1,3,7
02/22/2023,2,22,23,1,2,4
02/25/2023,2,25,23,9,11,14
03/01/2023,3,1,23,2,20,26
03/04/2023,3,4,23,9,11,20
03/08/2023,3,8,23,19,21,26
03/11/2023,3,11,23,9,12,13
03/15/2023,3,15,23,3,4,19
03/18/2023,3,18,23,3,15,22
03/22/2023,3,22,23,1,7,8
03/25/2023,3,25,23,1,9,10
03/29/2023,3,29,23,1,7,14
04/01/2023,4,1,23,4,5,13
04/05/2023,4,5,23,6,13,15
04/08/2023,4,8,23,10,13,20
04/12/2023,4,12,23,8,10,27
04/15/2023,4,15,23,18,20,22
04/19/2023,4,19,23,2,3,9
04/22/2023,4,22,23,12,20,21
04/26/2023,4,26,23,9,12,13
04/29/2023,4,29,23,17,24,30
05/03/2023,5,3,23,8,11,16
05/06/2023,5,6,23,8,12,18
05/10/2023,5,10,23,11,21,26
05/13/2023,5,13,23,4,13,28
05/17/2023,5,17,23,1,8,29
05/20/2023,5,20,23,8,9,12
05/24/2023,5,24,23,9,11,16
05/27/2023,5,27,23,1,5,6
05/31/2023,5,31,23,11,14,15
06/03/2023,6,3,23,10,14,27
06/07/2023,6,7,23,11,16,26
06/10/2023,6,10,23,5,13,14
06/14/2023,6,14,23,1,13,15
06/17/2023,6,17,23,5,6,8
06/21/2023,6,21,23,6,22,26
06/24/2023,6,24,23,10,20,22
06/28/2023,6,28,23,13,24,26
07/01/2023,7,1,23,2,9,15
07/05/2023,7,5,23,3,11,26
07/08/2023,7,8,23,4,5,10
07/12/2023,7,12,23,2,4,14
07/15/2023,7,15,23,2,6,13
07/19/2023,7,19,23,14,20,22
07/22/2023,7,22,23,13,17,19
07/26/2023,7,26,23,8,10,17
07/29/2023,7,29,23,5,19,24
08/02/2023,8,2,23,7,13,24
08/05/2023,8,5,23,5,10,14
08/09/2023,8,9,23,3,13,17
08/12/2023,8,12,23,5,11,19
08/16/2023,8,16,23,7,14,23
08/19/2023,8,19,23,8,15,24
08/23/2023,8,23,23,9,12,19
08/26/2023,8,26,23,3,7,10
08/30/2023,8,30,23,8,9,11
09/02/2023,9,2,23,3,7,8
09/06/2023,9,6,23,2,19,20
09/09/2023,9,9,23,6,12,24
09/13/2023,9,13,23,2,4,8
09/16/2023,9,16,23,8,11,17
09/20/2023,9,20,23,6,7,11
09/23/2023,9,23,23,14,16,24
09/25/2023,9,25,23,4,16,21
09/27/2023,9,27,23,8,17,21
09/30/2023,9,30,23,5,14,31
10/02/2023,10,2,23,8,9,16
10/04/2023,10,4,23,4,11,20
10/07/2023,10,7,23,8,9,26
10/09/2023,10,9,23,5,28,29
10/11/2023,10,11,23,4,11,17
10/14/2023,10,14,23,2,10,24
10/16/2023,10,16,23,9,10,13
10/18/2023,10,18,23,8,17,19
10/21/2023,10,21,23,2,9,19
10/23/2023,10,23,23,12,14,19
10/25/2023,10,25,23,12,21,24
10/28/2023,10,28,23,9,14,26
10/30/2023,10,30,23,7,10,18
11/01/2023,11,1,23,1,4,8
11/04/2023,11,4,23,3,13,14
11/06/2023,11,6,23,9,16,18
11/08/2023,11,8,23,5,9,13
11/11/2023,11,11,23,6,23,28
11/13/2023,11,13,23,13,25,26
11/15/2023,11,15,23,3,17,18
11/18/2023,11,18,23,9,16,18
11/20/2023,11,20,23,4,13,23
11/22/2023,11,22,23,4,15,16
11/25/2023,11,25,23,5,14,17
11/27/2023,11,27,23,4,10,11
11/29/2023,11,29,23,10,24,27
12/02/2023,12,2,23,4,16,17
12/04/2023,12,4,23,4,15,16
12/06/2023,12,6,23,1,10,12
12/09/2023,12,9,23,7,9,22
12/11/2023,12,11,23,4,17,19
12/13/2023,12,13,23,9,10,19
12/16/2023,12,16,23,6,7,10
12/18/2023,12,18,23,6,8,13
12/20/2023,12,20,23,1,2,18
12/23/2023,12,23,23,7,11,16
12/27/2023,12,27,23,4,6,14
12/30/2023,12,30,23,2,4,7
01/01/2024,1,1,24,11,18,26
01/03/2024,1,3,24,2,4,24
01/06/2024,1,6,24,7,10,12
01/08/2024,1,8,24,2,15,19
01/10/2024,1,10,24,13,19,21
01/13/2024,1,13,24,3,14,15
01/15/2024,1,15,24,6,9,12
01/17/2024,1,17,24,3,9,10
01/20/2024,1,20,24,15,19,22
01/22/2024,1,22,24,5,11,20
01/24/2024,1,24,24,14,15,26
01/27/2024,1,27,24,2,4,5
01/29/2024,1,29,24,10,13,21
01/31/2024,1,31,24,17,21,26
02/03/2024,2,3,24,1,11,15
02/05/2024,2,5,24,7,9,10
02/07/2024,2,7,24,7,9,10
02/10/2024,2,10,24,12,13,18
02/12/2024,2,12,24,6,7,8
02/14/2024,2,14,24,9,14,19
02/17/2024,2,17,24,9,13,18
02/19/2024,2,19,24,2,5,25
02/21/2024,2,21,24,4,20,25
02/24/2024,2,24,24,1,2,22
02/26/2024,2,26,24,3,6,16
02/28/2024,2,28,24,5,8,10
03/02/2024,3,2,24,4,5,12
03/04/2024,3,4,24,2,8,14
03/06/2024,3,6,24,3,8,12
03/09/2024,3,9,24,4,21,24
03/11/2024,3,11,24,7,17,24
03/13/2024,3,13,24,4,19,27
03/16/2024,3,16,24,2,8,18
03/18/2024,3,18,24,1,4,8
03/20/2024,3,20,24,6,10,11
03/23/2024,3,23,24,5,18,25
03/25/2024,3,25,24,5,9,14
03/27/2024,3,27,24,6,9,32
03/30/2024,3,30,24,2,9,10
04/01/2024,4,1,24,2,5,10
04/03/2024,4,3,24,19,24,25
04/06/2024,4,6,24,3,9,16
04/08/2024,4,8,24,4,16,17
04/10/2024,4,10,24,3,24,27
04/13/2024,4,13,24,5,12,26
04/15/2024,4,15,24,6,7,20
04/17/2024,4,17,24,4,17,18
04/20/2024,4,20,24,3,5,9
04/22/2024,4,22,24,2,4,15
04/24/2024,4,24,24,7,16,23
04/27/2024,4,27,24,13,17,23
04/29/2024,4,29,24,3,9,14
05/01/2024,5,1,24,7,19,20
05/04/2024,5,4,24,2,7,14
05/06/2024,5,6,24,17,21,29
05/08/2024,5,8,24,9,10,14
05/11/2024,5,11,24,11,12,18
05/13/2024,5,13,24,9,15,27
05/15/2024,5,15,24,3,10,12
05/18/2024,5,18,24,7,8,11
05/20/2024,5,20,24,2,10,14
05/22/2024,5,22,24,3,8,26
05/25/2024,5,25,24,2,9,11
05/27/2024,5,27,24,4,9,19
05/29/2024,5,29,24,12,17,22
06/01/2024,6,1,24,8,17,23
06/03/2024,6,3,24,10,14,33
06/05/2024,6,5,24,14,21,24
06/08/2024,6,8,24,11,13,26
06/10/2024,6,10,24,2,4,6
06/12/2024,6,12,24,2,10,14
06/15/2024,6,15,24,12,15,16
06/17/2024,6,17,24,7,10,17
06/19/2024,6,19,24,8,9,24
06/22/2024,6,22,24,2,3,5
06/24/2024,6,24,24,7,10,11
06/26/2024,6,26,24,4,5,12
06/29/2024,6,29,24,1,3,5
07/01/2024,7,1,24,3,10,25
07/03/2024,7,3,24,9,14,15
07/06/2024,7,6,24,4,9,13
07/08/2024,7,8,24,6,14,15
07/10/2024,7,10,24,9,16,28
07/13/2024,7,13,24,1,2,16
07/15/2024,7,15,24,2,4,7
07/17/2024,7,17,24,5,10,30
07/20/2024,7,20,24,2,4,6
07/22/2024,7,22,24,1,4,5
07/24/2024,7,24,24,6,15,23
07/27/2024,7,27,24,1,9,12
07/29/2024,7,29,24,1,18,21
07/31/2024,7,31,24,2,3,8
08/03/2024,8,3,24,4,14,17
08/05/2024,8,5,24,5,7,14
08/07/2024,8,7,24,1,6,7
08/10/2024,8,10,24,4,11,19
08/12/2024,8,12,24,2,6,10
08/14/2024,8,14,24,8,10,19
08/17/2024,8,17,24,13,14,15
08/19/2024,8,19,24,7,8,9
08/21/2024,8,21,24,8,13,18
08/24/2024,8,24,24,2,4,6
08/26/2024,8,26,24,4,7,16
08/28/2024,8,28,24,1,2,5
08/31/2024,8,31,24,4,6,16
09/02/2024,9,2,24,6,7,15
09/04/2024,9,4,24,12,14,22
09/07/2024,9,7,24,4,21,25
09/09/2024,9,9,24,3,10,22
09/11/2024,9,11,24,1,3,15
09/14/2024,9,14,24,1,5,14
09/16/2024,9,16,24,8,9,15
09/18/2024,9,18,24,3,8,11
09/21/2024,9,21,24,7,10,17
09/23/2024,9,23,24,7,12,20
09/25/2024,9,25,24,3,4,5
09/28/2024,9,28,24,23,26,28
09/30/2024,9,30,24,4,6,23
10/02/2024,10,2,24,6,12,19
10/05/2024,10,5,24,9,16,20
10/07/2024,10,7,24,1,2,12
10/09/2024,10,9,24,6,8,10
10/12/2024,10,12,24,2,9,18
10/14/2024,10,14,24,3,4,11
10/16/2024,10,16,24,6,7,21
10/19/2024,10,19,24,17,18,22
10/21/2024,10,21,24,4,11,13
10/23/2024,10,23,24,8,18,20
10/26/2024,10,26,24,9,16,19
10/28/2024,10,28,24,4,9,16
10/30/2024,10,30,24,6,16,18
11/02/2024,11,2,24,3,17,20
11/04/2024,11,4,24,8,10,11
11/06/2024,11,6,24,4,6,30
11/09/2024,11,9,24,5,13,23
11/11/2024,11,11,24,13,24,34
11/13/2024,11,13,24,1,7,12
11/16/2024,11,16,24,4,10,12
11/18/2024,11,18,24,2,3,13
11/20/2024,11,20,24,3,4,16
11/23/2024,11,23,24,1,11,28
11/25/2024,11,25,24,1,8,10
11/27/2024,11,27,24,4,10,13
11/30/2024,11,30,24,3,4,6
12/02/2024,12,2,24,4,14,18
12/04/2024,12,4,24,3,11,17
12/07/2024,12,7,24,10,14,19
12/09/2024,12,9,24,9,14,28
12/11/2024,12,11,24,6,10,26
12/14/2024,12,14,24,7,10,11
12/16/2024,12,16,24,6,10,15
12/18/2024,12,18,24,13,14,24
12/21/2024,12,21,24,12,17,19
12/23/2024,12,23,24,1,2,13
12/28/2024,12,28,24,2,3,14
12/30/2024,12,30,24,7,14,15
01/01/2025,1,1,25,12,19,21
01/04/2025,1,4,25,5,11,15
01/06/2025,1,6,25,1,18,24
01/08/2025,1,8,25,14,26,27
01/11/2025,1,11,25,7,23,24
01/13/2025,1,13,25,5,9,21
01/15/2025,1,15,25,2,13,14
01/18/2025,1,18,25,7,8,14
01/20/2025,1,20,25,7,23,25
01/22/2025,1,22,25,7,17,22
01/25/2025,1,25,25,1,3,8
01/27/2025,1,27,25,4,12,16
01/29/2025,1,29,25,10,13,14
02/01/2025,2,1,25,7,18,24
02/03/2025,2,3,25,5,11,20
02/05/2025,2,5,25,15,33,35
02/08/2025,2,8,25,14,17,19
02/10/2025,2,10,25,4,8,18
02/12/2025,2,12,25,1,3,23
02/15/2025,2,15,25,2,12,18
02/17/2025,2,17,25,4,12,21
02/19/2025,2,19,25,2,14,30
02/22/2025,2,22,25,5,9,16
02/24/2025,2,24,25,9,16,18
02/26/2025,2,26,25,18,20,22
03/01/2025,3,1,25,15,18,24
03/03/2025,3,3,25,14,18,21
03/05/2025,3,5,25,8,10,11
03/08/2025,3,8,25,2,8,9
03/10/2025,3,10,25,11,27,28
03/12/2025,3,12,25,2,3,9
03/15/2025,3,15,25,1,3,4
03/17/2025,3,17,25,9,15,18
03/19/2025,3,19,25,2,3,5
03/22/2025,3,22,25,8,15,21
03/24/2025,3,24,25,1,10,20
03/26/2025,3,26,25,1,4,13
03/29/2025,3,29,25,4,11,22
03/31/2025,3,31,25,1,3,4
04/02/2025,4,2,25,3,4,9
04/05/2025,4,5,25,3,9,12
04/07/2025,4,7,25,5,9,27
04/09/2025,4,9,25,4,7,16
04/12/2025,4,12,25,5,8,11
04/14/2025,4,14,25,6,10,25
04/16/2025,4,16,25,19,25,26
04/19/2025,4,19,25,7,9,17
04/21/2025,4,21,25,11,14,15
04/23/2025,4,23,25,1,6,25
04/26/2025,4,26,25,12,16,20
04/28/2025,4,28,25,19,23,31
04/30/2025,4,30,25,5,6,15
05/03/2025,5,3,25,17,18,19
05/05/2025,5,5,25,3,9,11
05/07/2025,5,7,25,2,15,17
05/10/2025,5,10,25,8,14,19
05/12/2025,5,12,25,5,7,11
05/14/2025,5,14,25,4,5,8
05/17/2025,5,17,25,2,8,20
05/19/2025,5,19,25,7,17,19
05/21/2025,5,21,25,5,8,15
05/24/2025,5,24,25,1,2,12
05/26/2025,5,26,25,6,10,22
05/28/2025,5,28,25,3,5,12
05/31/2025,5,31,25,5,12,15
06/02/2025,6,2,25,5,7,10
06/04/2025,6,4,25,5,18,20
06/07/2025,6,7,25,2,7,21
06/09/2025,6,9,25,14,24,30
06/11/2025,6,11,25,2,4,8
06/14/2025,6,14,25,1,8,15
06/16/2025,6,16,25,1,10,15
06/18/2025,6,18,25,4,6,9
06/21/2025,6,21,25,3,6,15
06/23/2025,6,23,25,4,9,18
06/25/2025,6,25,25,5,10,12
06/28/2025,6,28,25,9,11,18
06/30/2025,6,30,25,7,8,16
07/02/2025,7,2,25,8,19,24
07/05/2025,7,5,25,14,17,19
07/07/2025,7,7,25,3,9,10
07/09/2025,7,9,25,1,12,19
07/12/2025,7,12,25,5,8,14
07/14/2025,7,14,25,15,24,26
07/16/2025,7,16,25,5,16,27
07/19/2025,7,19,25,4,15,22
07/21/2025,7,21,25,2,16,18
07/23/2025,7,23,25,7,8,16
07/26/2025,7,26,25,1,6,15
07/28/2025,7,28,25,17,21,25
07/30/2025,7,30,25,9,12,14
08/02/2025,8,2,25,6,11,17
08/04/2025,8,4,25,7,17,23
08/06/2025,8,6,25,6,14,22
08/09/2025,8,9,25,14,30,31
08/11/2025,8,11,25,2,4,22
08/13/2025,8,13,25,7,8,19
08/16/2025,8,16,25,8,10,15
08/18/2025,8,18,25,13,23,31
08/20/2025,8,20,25,1,3,4
08/23/2025,8,23,25,8,9,11
08/25/2025,8,25,25,1,12,24
08/27/2025,8,27,25,2,14,16
08/30/2025,8,30,25,14,15,16
09/01/2025,9,1,25,5,13,21
09/03/2025,9,3,25,1,29,30
