Ticker,Date,Open,High,Low,Close,Volume,ChangePct,RSI2,RSI4,ConnorsRSI,RelSPY,RVOL,ATR,PctFrom200d,SqueezeHint
AAPL,250,255.22000122070312,255.72999572753903,251.0399932861328,251.80999755859372,19673058.0,-1.029750891250536,0.0,80.99690885187468,30.7486059848802,0.010748654459942553,0.33557310249146916,5.264286586216509,13.727112861485091,1
MSFT,250,510.6199951171875,512.47998046875,507.2200012207031,507.9299926757813,5625534.0,-0.2552909849183549,0.0,48.66524627146258,10.333333333333334,-0.0007704181350003836,0.2791720678439159,7.881426130022313,13.303722954265162,1
NVDA,250,179.72000122070312,179.77999877929688,175.39999389648438,176.15499877929688,81772313.0,-1.2750064394264626,0.0,49.713299388310276,21.070395696658828,0.007140099068954364,0.4282976577809237,5.411332704338938,24.527305531062883,1
AMZN,250,224.19000244140625,224.55999755859372,219.5399932861328,220.8950042724609,26034708.0,0.083819289097109,2.603767344668057,3.8821783122027256,42.22956879765322,-0.009359338338758572,0.6227698739828788,5.036430358886706,2.8360769768087213,1
META,250,757.9526977539062,760.489990234375,752.5250854492188,754.0449829101562,4289843.0,-0.17938065397301584,0.0,0.0,15.333333333333334,-0.0054853418515493635,0.41057799998634226,15.717088904198606,13.864812336745679,1
GOOGL,250,251.66000366210935,252.35009765625,247.0200042724609,248.53500366210935,13450581.0,-1.2417547304003795,0.0,30.309886663732286,4.333333333333333,-0.0007536341802754753,0.33922225429450414,5.23476186675377,35.1003032217768,0
TSLA,250,429.8299865722656,440.5400085449219,429.0300903320313,437.2099914550781,52039913.0,2.667602486496401,57.606502172755754,77.45416596709892,61.99760839362552,0.005497727332993874,0.5799478850982884,17.011424473353795,30.93279154268398,1
AMD,250,162.99000549316406,165.10000610351562,158.42999267578125,160.13499450683594,23435388.0,-0.4754502291284157,59.200032552083336,73.04890441409972,47.03508396212721,0.0012587534249402844,0.5358703231660024,5.88499995640346,26.156431493541987,1
NFLX,250,1218.8499755859375,1221.5,1194.199951171875,1199.1650390625,1324088.0,-1.584358425303245,0.0,40.98754648359283,5.799481078128466,-0.004749264349307803,0.4681726681423733,26.537859235491073,10.564792979431203,1
AVGO,250,339.7550048828125,340.0,333.8099975585937,336.6025085449219,8367894.0,-0.6896482798274817,6.029934977303398,1.773651086925156,34.62128681582607,-0.005231222003687442,0.2797133264433889,15.683104984023515,39.85797037965653,1
JPM,250,314.04998779296875,316.5773010253906,312.75,313.3999938964844,2295949.0,0.21103910044082408,50.0,51.752409956960555,42.69691925450521,0.0010665229816054112,0.27968195386839706,5.28409467424666,18.491629939844458,1
BAC,250,51.84999847412109,52.25,51.56499862670898,51.70500183105469,9909812.0,0.009673245728114566,2.222712013834723,18.518539449665724,38.9670309528719,0.0012095823692134466,0.2648411568592371,0.8917863028390062,16.0408508098419,1
XOM,250,114.56999969482422,115.76000213623048,114.56999969482422,115.54499816894533,4878023.0,1.3997378353836964,50.0,64.85737186910873,73.16761306339126,0.0005192609406138082,0.3094141674097757,1.9664295741489954,7.197074794866998,1
CVX,250,158.32000732421875,160.48989868164062,158.25,159.8699951171875,2307934.0,1.5563441600429995,50.0,57.7912334484478,77.99326772302584,-0.00020944468100179137,0.3060923793855105,2.7957066127232144,8.265366773257332,1
PFE,250,24.170000076293945,24.18000030517578,24.030000686645508,24.09589958190918,15937316.0,-0.14131612119102632,72.5220171218665,39.3544512835905,46.85705345205246,0.0003871604499855241,0.35571522890420404,0.43928541455949904,-0.40965753304410546,1
MRK,250,79.9000015258789,80.11499786376953,79.33000183105469,79.69819641113281,5055571.0,-0.3274170539487753,0.0,0.0,13.0,-0.003560714650872554,0.41979877750716105,1.4229216848604105,-5.984719837913999,1
UNH,250,350.20001220703125,354.4598999023437,347.8999938964844,352.3900146484375,5248190.0,1.3517823848913535,50.0,50.0,58.333333333333336,0.0063282295239547315,0.38154254436116636,10.94505770988837,-12.591883774446321,1
HD,250,406.7900085449219,410.6199951171875,405.010009765625,409.7900085449219,1266687.0,-0.27256457793820577,0.0,0.0,13.0,-0.0034769252866594822,0.3350678680755462,6.407856532505592,8.103543022276249,1
KO,250,66.40499877929688,66.77529907226562,65.95999908447266,66.52999877929688,6423438.0,-0.2698250751702935,73.5293787656094,53.76342321796271,55.07404267744199,-0.001512251176457724,0.35417309559850757,0.7235973342378321,-1.442812037608332,1
PEP,250,141.82000732421875,142.3300018310547,141.01499938964844,141.68499755859375,2104659.0,-0.15151257726442324,80.1845132618907,66.78394628021604,48.64465125924431,0.0006565736104608311,0.2672478350513265,2.2239270891462053,0.7597705701612112,1
NKE,250,70.66999816894531,71.3499984741211,70.44999694824219,71.33999633789062,4299569.0,0.578029086353915,53.947236332242454,33.89821193615859,61.18839618218649,-0.0026629626116459583,0.35285467882288635,1.5685713631766183,2.8111996008095774,1
DIS,250,112.41000366210938,114.14990234375,112.1999969482422,113.76499938964844,3872086.0,1.3496653805331382,83.01380400157122,36.727257930871204,72.80531084057242,-0.004012653402743882,0.4742364812199482,2.0785658700125578,3.689386692315022,1
V,250,339.1300048828125,339.7200012207031,337.92999267578125,339.215087890625,2075595.0,0.1520743032270344,8.341240659471012,54.188958873656915,42.52776030126469,-0.003977740163408639,0.3694225564997751,6.0414276123046875,-0.5159424072690544,1
MA,250,571.280029296875,571.375,565.2000122070312,567.1799926757812,1059412.0,-0.48949561744489056,0.0,1.689793112069509,9.95694787565078,-0.010682380291885151,0.4176239571049787,11.018205915178571,2.419466759623967,1
CSCO,250,67.69999694824219,67.86499786376953,66.88999938964844,67.21399688720703,6770628.0,-0.48268288999292475,0.0,0.0,9.333333333333334,-0.0014675312513326099,0.37654510852819817,1.152499062674386,6.988919671248417,1
ORCL,250,311.8599853515625,312.4700012207031,300.0299987792969,301.7699890136719,18685127.0,-3.8428442387919204,0.0,54.446549448117224,16.16320929370239,0.0011551032424585328,0.555496877230199,21.721426827566965,59.01486578846833,0
CRM,250,245.6649932861328,248.84120178222656,244.1100006103516,244.7899932861328,3253424.0,0.0940447047085069,4.290964577408943,52.36766158087791,37.70806180224253,0.0021933821531219923,0.31132525438742986,5.830806051055747,-13.28924857284629,1
INTC,250,29.375,30.979999542236328,29.229999542236328,30.596200942993164,79351735.0,4.281529597383016,50.0,50.35929525087895,70.37628230076682,0.046117386938333005,0.7970811256177737,1.3871427263532365,39.889572234351654,0
AMAT,250,199.0800018310547,203.74989318847656,197.3999938964844,201.28509521484372,3449543.0,0.20665112149480525,50.0,50.0,50.666666666666664,0.025141261109954006,0.40943002383619775,5.337849208286831,19.89523802042794,1
ADBE,250,355.1258850097656,355.5249938964844,347.79998779296875,350.4386901855469,3470829.0,-3.1348633512127244,0.0,0.0,1.3333333333333333,-0.006399744666370832,0.6317275599556691,11.352146693638389,-12.11739548442534,1
QCOM,250,169.0500030517578,173.9600067138672,168.6699981689453,172.95399475097656,3723235.0,2.0196991661264763,94.74259754187302,81.06642611055754,79.02322315962049,0.009206404703939741,0.4887657432152343,3.4664306640625,11.988479329437718,1
TXN,250,181.55999755859372,185.16000366210935,181.1000061035156,183.7400054931641,1840932.0,0.9338674300867433,50.0,66.01213786363473,58.0,0.003827580461041724,0.24511193987423016,3.8342884608677372,-0.7378399426257731,1
IBM,250,272.6199951171875,273.64990234375,267.5,269.3500061035156,1144559.0,-1.0615575354566253,23.138295713717568,71.47096303838958,31.668993522299075,0.007875931321885155,0.26856625475998586,5.358559744698665,8.063258932612104,1
MU,250,165.33999633789062,165.33999633789062,158.3000030517578,159.9199981689453,33265857.0,-3.9000092244104723,21.618424035132023,22.535236272710634,22.061629222417935,0.0005285569175488503,1.3361197007256533,7.014283861432757,53.753476411644186,1
SHOP,250,150.7899932861328,152.24000549316406,148.58999633789062,149.22500610351562,2323909.0,-0.47685495948289747,0.0,38.82216896189259,25.202584251271787,0.0021899045785042314,0.402616210412075,4.664429800851004,30.582151653900837,1
PLTR,250,183.91000366210935,184.8500061035156,177.1199951171875,178.22999572753906,26834915.0,-2.3664789109830386,42.705538084194416,53.93256607615867,30.459117505083864,0.01189362270827381,0.4555905932646579,6.831999642508369,51.29591801300955,1
UBER,250,98.88999938964844,99.8499984741211,96.93000030517578,97.58000183105467,6739050.0,-0.22495011639896978,0.0,72.1538837139421,25.904571878583496,0.009949144252088971,0.360381100587373,3.153215680803567,20.965844618189934,1
ABNB,250,123.5,125.58999633789062,122.33570098876952,122.7300033569336,1912112.0,-0.6234790632116627,0.0,26.700687554090223,11.0,-0.0006713017589912162,0.38278485132001794,2.7385221208844874,-5.931981611038594,1
PYPL,250,67.5,68.58000183105469,67.44000244140625,67.98999786376953,5296681.0,1.0102515671373213,64.76174560039527,35.978863744621066,66.70018047125122,-0.0018231231213386323,0.4878242864376851,1.4979989188058036,-7.818015890030217,1
BABA,250,175.97999572753906,180.16000366210935,175.0399932861328,177.3300018310547,40582857.0,8.738042580329687,92.41246233542623,93.19372889600591,77.35350311073542,0.013785334231548707,1.4714461546352355,6.275288173130578,52.52035230086203,0
T,250,28.684999465942383,28.75,28.170000076293945,28.39299964904785,11593997.0,-1.3789553798359777,0.0,0.0,3.3333333333333335,-0.007880751398568763,0.39508555762445063,0.4928573880876811,7.725921699070271,1
VZ,250,43.20000076293945,43.385101318359375,42.959999084472656,43.185001373291016,8025178.0,-0.38061616294766676,53.52138405329909,21.965310271528466,43.93826741868501,-0.004665780311491852,0.4747900112479253,0.5817933763776512,3.4780821848101606,1
SPY,250,664.510009765625,664.6099853515625,659.6710205078125,660.8599853515625,33233502.0,-0.354342748636971,0.0,51.73903406152255,18.14325773140681,0.0010738688090063287,0.46247390444515574,4.748501479151092,10.91547424515622,1
QQQ,250,599.5700073242188,599.9000244140625,593.3699951171875,594.9500122070312,31502977.0,-0.5432965452490168,0.0,51.07742998352554,16.61115823202337,0.0019262153225340084,0.6092853014468983,5.4572530731860525,13.593195875872377,1
IWM,250,243.8999938964844,244.6100006103516,241.55499267578125,242.63800048828125,15729427.0,-0.49294449953312114,0.0,28.0765187377326,23.530703341778423,0.003186610170793003,0.40288480279006017,3.621004151878168,12.591336570280799,1
LCID,250,22.6299991607666,23.020000457763672,21.90999984741211,22.95599937438965,4608019.0,3.219422709712938,78.16586430344321,92.99717437341681,67.90204952164515,0.02458663228637146,0.36667178994484667,1.2412858690534327,-6.954614103408485,0
RIVN,250,15.5600004196167,15.640000343322754,15.0649995803833,15.635000228881836,23633384.0,0.6761139582489584,50.0,80.70738701874731,53.333333333333336,0.02111124364808572,0.4525957015133943,0.7850715092250272,18.401001362275295,1
SOFI,250,29.489999771118164,29.665000915527344,28.3799991607666,28.774999618530277,25611994.0,-1.0828481691485647,0.0,62.15720883978068,16.49062279142683,0.012145913415950903,0.4266084351457427,1.2683572769165046,70.45260823784622,1
F,250,11.729999542236328,11.829999923706056,11.609999656677246,11.635000228881836,34345252.0,-0.8098833509108561,42.42431248338285,33.84616738950544,34.88621290149503,-0.00040269800910186504,0.6798736157378876,0.22357150486537375,14.221569853481553,1
GM,250,60.09999847412109,60.15499877929688,59.12149810791016,59.47999954223633,5635544.0,1.5363565774156873,75.0,56.96208949602352,78.07694564917573,0.002574482703331138,0.8059882276723982,1.1110714503696997,17.61399324533275,1
