n1,n2,n3,n4,n5,n6,draw_date
7,3,10,3,5,6,2010-07-03
7,7,10,6,17,21,2010-07-07
7,10,10,2,7,8,2010-07-10
7,14,10,11,17,20,2010-07-14
7,17,10,10,11,21,2010-07-17
7,21,10,5,12,17,2010-07-21
7,24,10,6,7,8,2010-07-24
7,28,10,8,12,18,2010-07-28
7,31,10,2,6,7,2010-07-31
8,4,10,2,19,23,2010-08-04
8,7,10,3,20,29,2010-08-07
8,11,10,13,23,24,2010-08-11
8,14,10,1,9,11,2010-08-14
8,18,10,7,24,28,2010-08-18
8,21,10,15,16,18,2010-08-21
8,25,10,2,3,6,2010-08-25
8,28,10,12,16,23,2010-08-28
9,1,10,5,7,8,2010-09-01
9,4,10,1,18,29,2010-09-04
9,8,10,10,18,20,2010-09-08
9,11,10,1,3,20,2010-09-11
9,15,10,2,6,13,2010-09-15
9,18,10,2,8,15,2010-09-18
9,22,10,3,6,9,2010-09-22
9,25,10,14,33,34,2010-09-25
9,29,10,7,22,25,2010-09-29
10,2,10,2,14,20,2010-10-02
10,6,10,1,4,5,2010-10-06
10,9,10,5,7,22,2010-10-09
10,13,10,11,13,16,2010-10-13
10,16,10,4,11,23,2010-10-16
10,20,10,3,9,19,2010-10-20
10,23,10,1,12,16,2010-10-23
10,27,10,2,15,21,2010-10-27
10,30,10,1,13,14,2010-10-30
11,3,10,3,8,11,2010-11-03
11,6,10,5,13,24,2010-11-06
11,10,10,10,16,31,2010-11-10
11,13,10,1,8,12,2010-11-13
11,17,10,3,6,7,2010-11-17
11,20,10,12,15,19,2010-11-20
11,24,10,3,4,10,2010-11-24
11,27,10,1,6,8,2010-11-27
12,1,10,1,4,13,2010-12-01
12,4,10,5,14,31,2010-12-04
12,8,10,7,15,18,2010-12-08
12,11,10,3,14,16,2010-12-11
12,15,10,1,8,17,2010-12-15
12,18,10,5,16,17,2010-12-18
12,22,10,12,18,19,2010-12-22
12,29,10,2,3,7,2010-12-29
1,1,11,5,15,18,2011-01-01
1,5,11,6,7,8,2011-01-05
1,8,11,6,9,13,2011-01-08
1,12,11,2,12,16,2011-01-12
1,15,11,2,15,17,2011-01-15
1,19,11,2,3,4,2011-01-19
1,22,11,7,21,26,2011-01-22
1,26,11,5,18,27,2011-01-26
1,29,11,2,9,15,2011-01-29
2,2,11,1,9,13,2011-02-02
2,5,11,1,5,12,2011-02-05
2,9,11,23,25,28,2011-02-09
2,12,11,2,7,12,2011-02-12
2,16,11,6,7,29,2011-02-16
2,19,11,5,9,19,2011-02-19
2,23,11,5,8,15,2011-02-23
2,26,11,3,7,12,2011-02-26
3,2,11,5,6,20,2011-03-02
3,5,11,11,20,28,2011-03-05
3,9,11,4,18,21,2011-03-09
3,12,11,5,6,10,2011-03-12
3,16,11,4,6,17,2011-03-16
3,19,11,5,18,22,2011-03-19
3,23,11,6,18,27,2011-03-23
3,26,11,11,16,22,2011-03-26
3,30,11,1,15,24,2011-03-30
4,2,11,1,9,11,2011-04-02
4,6,11,10,17,18,2011-04-06
4,9,11,3,9,19,2011-04-09
4,13,11,9,16,20,2011-04-13
4,16,11,3,14,17,2011-04-16
4,20,11,3,15,23,2011-04-20
4,23,11,5,18,20,2011-04-23
4,27,11,4,12,13,2011-04-27
4,30,11,4,26,29,2011-04-30
5,4,11,2,24,27,2011-05-04
5,7,11,7,12,19,2011-05-07
5,11,11,2,4,5,2011-05-11
5,14,11,2,13,34,2011-05-14
5,18,11,3,8,22,2011-05-18
5,21,11,12,19,25,2011-05-21
5,25,11,1,10,13,2011-05-25
5,28,11,12,18,22,2011-05-28
6,1,11,4,7,12,2011-06-01
6,4,11,4,10,13,2011-06-04
6,8,11,21,24,25,2011-06-08
6,11,11,2,9,10,2011-06-11
6,15,11,12,18,21,2011-06-15
6,18,11,1,3,4,2011-06-18
6,22,11,1,4,6,2011-06-22
6,25,11,8,11,13,2011-06-25
6,29,11,14,15,16,2011-06-29
7,2,11,1,3,7,2011-07-02
7,6,11,5,15,18,2011-07-06
7,9,11,5,7,17,2011-07-09
7,13,11,19,22,31,2011-07-13
7,16,11,1,9,18,2011-07-16
7,20,11,1,5,18,2011-07-20
7,23,11,1,5,16,2011-07-23
7,27,11,9,16,20,2011-07-27
7,30,11,10,11,24,2011-07-30
8,3,11,4,6,9,2011-08-03
8,6,11,6,14,25,2011-08-06
8,10,11,4,13,20,2011-08-10
8,13,11,4,9,13,2011-08-13
8,17,11,2,8,12,2011-08-17
8,20,11,8,12,19,2011-08-20
8,24,11,2,8,10,2011-08-24
8,27,11,12,14,16,2011-08-27
8,31,11,4,14,30,2011-08-31
9,3,11,3,6,18,2011-09-03
9,7,11,1,12,14,2011-09-07
9,10,11,5,25,28,2011-09-10
9,14,11,1,7,15,2011-09-14
9,17,11,8,9,16,2011-09-17
9,21,11,6,19,20,2011-09-21
9,24,11,5,6,12,2011-09-24
9,28,11,1,14,24,2011-09-28
10,1,11,5,7,13,2011-10-01
10,5,11,4,8,29,2011-10-05
10,8,11,5,6,21,2011-10-08
10,12,11,4,7,8,2011-10-12
10,15,11,1,3,10,2011-10-15
10,19,11,3,4,6,2011-10-19
10,22,11,8,21,25,2011-10-22
10,26,11,3,20,24,2011-10-26
10,29,11,4,9,17,2011-10-29
11,2,11,10,11,16,2011-11-02
11,5,11,2,3,12,2011-11-05
11,9,11,2,9,16,2011-11-09
11,12,11,2,14,19,2011-11-12
11,16,11,5,14,16,2011-11-16
11,19,11,2,10,12,2011-11-19
11,23,11,9,10,19,2011-11-23
11,26,11,20,21,25,2011-11-26
11,30,11,3,13,15,2011-11-30
12,3,11,1,9,20,2011-12-03
12,7,11,18,25,26,2011-12-07
12,10,11,3,13,26,2011-12-10
12,14,11,13,16,17,2011-12-14
12,17,11,15,17,22,2011-12-17
12,21,11,1,3,17,2011-12-21
12,24,11,1,22,23,2011-12-24
12,28,11,1,11,13,2011-12-28
12,31,11,4,22,25,2011-12-31
1,4,12,7,13,16,2012-01-04
1,7,12,12,16,22,2012-01-07
1,11,12,8,12,21,2012-01-11
1,14,12,11,20,22,2012-01-14
1,18,12,1,11,12,2012-01-18
1,21,12,5,21,30,2012-01-21
1,25,12,3,11,12,2012-01-25
1,28,12,15,17,20,2012-01-28
2,1,12,14,15,16,2012-02-01
2,4,12,13,21,27,2012-02-04
2,8,12,7,16,22,2012-02-08
2,11,12,1,7,18,2012-02-11
2,15,12,16,23,28,2012-02-15
2,18,12,14,15,31,2012-02-18
2,22,12,5,10,11,2012-02-22
2,25,12,6,13,18,2012-02-25
2,29,12,11,19,30,2012-02-29
3,3,12,4,13,15,2012-03-03
3,7,12,5,7,28,2012-03-07
3,10,12,11,18,20,2012-03-10
3,14,12,9,10,19,2012-03-14
3,17,12,4,9,11,2012-03-17
3,21,12,3,6,7,2012-03-21
3,24,12,11,14,17,2012-03-24
3,28,12,2,4,5,2012-03-28
3,31,12,2,13,20,2012-03-31
4,4,12,4,5,6,2012-04-04
4,7,12,4,15,18,2012-04-07
4,11,12,4,7,13,2012-04-11
4,14,12,1,6,13,2012-04-14
4,18,12,4,7,8,2012-04-18
4,21,12,4,13,19,2012-04-21
4,25,12,9,10,11,2012-04-25
4,28,12,5,19,32,2012-04-28
5,2,12,13,17,19,2012-05-02
5,5,12,4,10,12,2012-05-05
5,9,12,2,5,6,2012-05-09
5,12,12,1,16,20,2012-05-12
5,16,12,4,14,15,2012-05-16
5,19,12,1,4,8,2012-05-19
5,23,12,7,17,18,2012-05-23
5,26,12,5,6,15,2012-05-26
5,30,12,4,8,14,2012-05-30
6,2,12,4,11,14,2012-06-02
6,6,12,8,11,15,2012-06-06
6,9,12,11,18,25,2012-06-09
6,13,12,5,8,11,2012-06-13
6,16,12,16,17,22,2012-06-16
6,20,12,1,16,20,2012-06-20
6,23,12,5,11,20,2012-06-23
6,27,12,16,28,31,2012-06-27
6,30,12,1,3,14,2012-06-30
7,4,12,8,13,20,2012-07-04
7,7,12,2,4,7,2012-07-07
7,11,12,14,16,24,2012-07-11
7,14,12,2,5,14,2012-07-14
7,18,12,3,10,26,2012-07-18
7,21,12,2,6,10,2012-07-21
7,25,12,4,13,21,2012-07-25
7,28,12,8,9,20,2012-07-28
8,1,12,4,16,18,2012-08-01
8,4,12,8,14,16,2012-08-04
8,8,12,2,12,14,2012-08-08
8,11,12,1,2,10,2012-08-11
8,15,12,10,14,32,2012-08-15
8,18,12,7,17,18,2012-08-18
8,22,12,16,23,26,2012-08-22
8,25,12,4,5,8,2012-08-25
8,29,12,1,3,4,2012-08-29
9,1,12,8,12,18,2012-09-01
9,5,12,6,14,28,2012-09-05
9,8,12,2,7,24,2012-09-08
9,12,12,4,10,25,2012-09-12
9,15,12,5,21,27,2012-09-15
9,19,12,13,18,23,2012-09-19
9,22,12,4,13,16,2012-09-22
9,26,12,17,18,29,2012-09-26
9,29,12,6,13,20,2012-09-29
10,3,12,1,2,3,2012-10-03
10,6,12,25,32,37,2012-10-06
10,10,12,11,15,21,2012-10-10
10,13,12,5,10,12,2012-10-13
10,17,12,5,7,15,2012-10-17
10,20,12,1,9,11,2012-10-20
10,24,12,3,18,26,2012-10-24
10,27,12,4,11,13,2012-10-27
10,31,12,15,16,17,2012-10-31
11,3,12,15,17,20,2012-11-03
11,7,12,1,24,30,2012-11-07
11,10,12,3,5,12,2012-11-10
11,14,12,4,6,13,2012-11-14
11,17,12,9,24,25,2012-11-17
11,21,12,2,7,18,2012-11-21
11,24,12,6,11,29,2012-11-24
11,28,12,4,11,18,2012-11-28
12,1,12,10,16,25,2012-12-01
12,5,12,8,13,17,2012-12-05
12,8,12,5,6,10,2012-12-08
12,12,12,14,17,18,2012-12-12
12,15,12,14,22,23,2012-12-15
12,19,12,8,12,15,2012-12-19
12,22,12,7,8,10,2012-12-22
12,26,12,16,17,28,2012-12-26
12,29,12,14,16,20,2012-12-29
1,2,13,6,7,20,2013-01-02
1,5,13,14,15,18,2013-01-05
1,9,13,10,20,21,2013-01-09
1,12,13,4,5,11,2013-01-12
1,16,13,4,19,20,2013-01-16
1,19,13,8,9,11,2013-01-19
1,23,13,1,3,6,2013-01-23
1,26,13,2,3,7,2013-01-26
1,30,13,3,9,23,2013-01-30
2,2,13,1,7,26,2013-02-02
2,6,13,7,25,32,2013-02-06
2,9,13,6,12,18,2013-02-09
2,13,13,1,13,19,2013-02-13
2,16,13,3,9,21,2013-02-16
2,20,13,2,14,26,2013-02-20
2,23,13,12,13,22,2013-02-23
2,27,13,1,3,8,2013-02-27
3,2,13,10,20,21,2013-03-02
3,6,13,1,17,35,2013-03-06
3,9,13,5,12,13,2013-03-09
3,13,13,10,18,20,2013-03-13
3,16,13,18,21,27,2013-03-16
3,20,13,10,11,14,2013-03-20
3,23,13,2,13,14,2013-03-23
3,27,13,2,7,11,2013-03-27
3,30,13,15,24,30,2013-03-30
4,3,13,1,20,25,2013-04-03
4,6,13,7,12,20,2013-04-06
4,10,13,3,4,9,2013-04-10
4,13,13,2,10,17,2013-04-13
4,17,13,8,15,19,2013-04-17
4,20,13,16,18,20,2013-04-20
4,24,13,3,14,15,2013-04-24
4,27,13,3,14,17,2013-04-27
5,1,13,4,19,20,2013-05-01
5,4,13,6,8,27,2013-05-04
5,8,13,2,5,10,2013-05-08
5,11,13,8,18,34,2013-05-11
5,15,13,4,6,15,2013-05-15
5,18,13,5,7,17,2013-05-18
5,22,13,9,16,19,2013-05-22
5,25,13,5,8,19,2013-05-25
5,29,13,4,7,9,2013-05-29
6,1,13,2,13,17,2013-06-01
6,5,13,3,7,12,2013-06-05
6,8,13,2,7,20,2013-06-08
6,12,13,4,15,24,2013-06-12
6,15,13,2,10,23,2013-06-15
6,19,13,9,11,14,2013-06-19
6,22,13,3,4,20,2013-06-22
6,26,13,9,19,21,2013-06-26
6,29,13,4,7,22,2013-06-29
7,3,13,4,5,10,2013-07-03
7,6,13,10,12,18,2013-07-06
7,10,13,9,10,27,2013-07-10
7,13,13,2,10,17,2013-07-13
7,17,13,1,15,24,2013-07-17
7,20,13,10,22,28,2013-07-20
7,24,13,12,20,28,2013-07-24
7,27,13,1,6,15,2013-07-27
7,31,13,9,11,13,2013-07-31
8,3,13,1,5,25,2013-08-03
8,7,13,11,16,25,2013-08-07
8,10,13,7,10,14,2013-08-10
8,14,13,11,16,18,2013-08-14
8,17,13,3,6,10,2013-08-17
8,21,13,12,19,21,2013-08-21
8,24,13,4,10,16,2013-08-24
8,28,13,6,16,18,2013-08-28
8,31,13,1,5,12,2013-08-31
9,4,13,13,23,29,2013-09-04
9,7,13,2,8,14,2013-09-07
9,11,13,3,6,14,2013-09-11
9,14,13,9,12,13,2013-09-14
9,18,13,3,18,24,2013-09-18
9,21,13,1,4,23,2013-09-21
9,25,13,2,8,25,2013-09-25
9,28,13,14,15,20,2013-09-28
10,2,13,3,14,16,2013-10-02
10,5,13,4,7,16,2013-10-05
10,9,13,3,19,30,2013-10-09
10,12,13,1,2,12,2013-10-12
10,16,13,20,27,31,2013-10-16
10,19,13,12,14,20,2013-10-19
10,23,13,14,17,28,2013-10-23
10,26,13,1,3,21,2013-10-26
10,30,13,7,8,28,2013-10-30
11,2,13,1,7,12,2013-11-02
11,6,13,12,16,23,2013-11-06
11,9,13,4,7,10,2013-11-09
11,13,13,5,13,18,2013-11-13
11,16,13,14,17,25,2013-11-16
11,20,13,2,14,27,2013-11-20
11,23,13,2,8,11,2013-11-23
11,27,13,4,17,18,2013-11-27
11,30,13,3,8,10,2013-11-30
12,4,13,11,14,22,2013-12-04
12,7,13,21,26,27,2013-12-07
12,11,13,6,13,17,2013-12-11
12,14,13,2,14,17,2013-12-14
12,18,13,13,19,32,2013-12-18
12,21,13,7,16,17,2013-12-21
12,28,13,4,8,11,2013-12-28
1,1,14,3,15,17,2014-01-01
1,4,14,11,15,21,2014-01-04
1,8,14,11,17,20,2014-01-08
1,11,14,3,11,12,2014-01-11
1,15,14,8,19,29,2014-01-15
1,18,14,5,9,19,2014-01-18
1,22,14,13,17,18,2014-01-22
1,25,14,2,6,8,2014-01-25
1,29,14,1,24,25,2014-01-29
2,1,14,2,5,6,2014-02-01
2,5,14,7,16,29,2014-02-05
2,8,14,1,16,21,2014-02-08
2,12,14,14,21,23,2014-02-12
2,15,14,1,6,25,2014-02-15
2,19,14,9,10,22,2014-02-19
2,22,14,7,9,27,2014-02-22
2,26,14,3,4,6,2014-02-26
3,1,14,17,18,22,2014-03-01
3,5,14,3,14,15,2014-03-05
3,8,14,4,7,12,2014-03-08
3,12,14,3,8,26,2014-03-12
3,15,14,1,27,30,2014-03-15
3,19,14,5,18,31,2014-03-19
3,22,14,9,23,28,2014-03-22
3,26,14,10,12,16,2014-03-26
3,29,14,7,8,12,2014-03-29
4,2,14,21,24,29,2014-04-02
4,5,14,2,14,15,2014-04-05
4,9,14,1,19,28,2014-04-09
4,12,14,1,4,23,2014-04-12
4,16,14,7,10,12,2014-04-16
4,19,14,5,10,12,2014-04-19
4,23,14,5,6,9,2014-04-23
4,26,14,2,5,32,2014-04-26
4,30,14,2,6,8,2014-04-30
5,3,14,4,5,19,2014-05-03
5,7,14,3,6,10,2014-05-07
5,10,14,5,17,20,2014-05-10
5,14,14,12,21,22,2014-05-14
5,17,14,9,12,27,2014-05-17
5,21,14,12,17,18,2014-05-21
5,24,14,2,21,23,2014-05-24
5,28,14,11,20,27,2014-05-28
5,31,14,8,11,15,2014-05-31
6,4,14,8,13,21,2014-06-04
6,7,14,5,10,13,2014-06-07
6,11,14,5,18,26,2014-06-11
6,14,14,8,10,13,2014-06-14
6,18,14,5,13,21,2014-06-18
6,21,14,3,4,8,2014-06-21
6,25,14,19,25,38,2014-06-25
6,28,14,2,4,10,2014-06-28
7,2,14,11,17,27,2014-07-02
7,5,14,3,13,14,2014-07-05
7,9,14,2,3,5,2014-07-09
7,12,14,3,4,8,2014-07-12
7,16,14,7,14,17,2014-07-16
7,19,14,24,27,30,2014-07-19
7,23,14,11,18,23,2014-07-23
7,26,14,5,10,14,2014-07-26
7,30,14,6,7,14,2014-07-30
8,2,14,5,8,15,2014-08-02
8,6,14,7,24,28,2014-08-06
8,9,14,7,10,25,2014-08-09
8,13,14,7,14,15,2014-08-13
8,16,14,1,2,3,2014-08-16
8,20,14,2,10,19,2014-08-20
8,23,14,4,7,18,2014-08-23
8,27,14,3,11,17,2014-08-27
8,30,14,4,10,16,2014-08-30
9,3,14,3,6,15,2014-09-03
9,6,14,3,13,18,2014-09-06
9,10,14,10,15,17,2014-09-10
9,13,14,14,18,25,2014-09-13
9,17,14,2,7,18,2014-09-17
9,20,14,9,10,28,2014-09-20
9,24,14,5,15,18,2014-09-24
9,27,14,5,7,13,2014-09-27
10,1,14,16,19,20,2014-10-01
10,4,14,6,24,25,2014-10-04
10,8,14,8,9,12,2014-10-08
10,11,14,1,9,19,2014-10-11
10,15,14,1,4,26,2014-10-15
10,18,14,9,10,20,2014-10-18
10,22,14,7,11,13,2014-10-22
10,25,14,3,8,9,2014-10-25
10,29,14,12,17,21,2014-10-29
11,1,14,6,7,12,2014-11-01
11,5,14,1,5,17,2014-11-05
11,8,14,11,17,29,2014-11-08
11,12,14,3,4,8,2014-11-12
11,15,14,12,17,30,2014-11-15
11,19,14,4,17,18,2014-11-19
11,22,14,6,7,10,2014-11-22
11,26,14,5,8,12,2014-11-26
11,29,14,10,20,26,2014-11-29
12,3,14,11,12,15,2014-12-03
12,6,14,4,9,13,2014-12-06
12,10,14,2,12,15,2014-12-10
12,13,14,1,10,13,2014-12-13
12,17,14,12,16,23,2014-12-17
12,20,14,10,24,26,2014-12-20
12,24,14,2,3,15,2014-12-24
12,27,14,6,12,14,2014-12-27
12,31,14,1,5,22,2014-12-31
1,3,15,3,13,19,2015-01-03
1,7,15,4,5,14,2015-01-07
1,10,15,3,13,21,2015-01-10
1,14,15,9,16,18,2015-01-14
1,17,15,8,11,18,2015-01-17
1,21,15,3,4,10,2015-01-21
1,24,15,5,7,18,2015-01-24
1,28,15,9,10,14,2015-01-28
1,31,15,6,9,10,2015-01-31
2,4,15,3,9,19,2015-02-04
2,7,15,3,10,18,2015-02-07
2,11,15,4,8,21,2015-02-11
2,14,15,5,6,15,2015-02-14
2,18,15,1,2,20,2015-02-18
2,21,15,4,5,8,2015-02-21
2,25,15,2,4,5,2015-02-25
2,28,15,2,3,6,2015-02-28
3,4,15,2,3,13,2015-03-04
3,7,15,6,17,18,2015-03-07
3,11,15,10,11,12,2015-03-11
3,14,15,4,6,10,2015-03-14
3,18,15,7,17,19,2015-03-18
3,21,15,6,16,18,2015-03-21
3,25,15,10,12,15,2015-03-25
3,28,15,3,9,17,2015-03-28
4,1,15,5,14,17,2015-04-01
4,4,15,3,16,17,2015-04-04
4,8,15,5,10,15,2015-04-08
4,11,15,4,11,21,2015-04-11
4,15,15,2,15,19,2015-04-15
4,18,15,3,16,19,2015-04-18
4,22,15,8,12,17,2015-04-22
4,25,15,1,18,21,2015-04-25
4,29,15,2,18,25,2015-04-29
5,2,15,5,23,26,2015-05-02
5,6,15,13,16,23,2015-05-06
5,9,15,7,13,24,2015-05-09
5,13,15,4,27,33,2015-05-13
5,16,15,15,17,19,2015-05-16
5,20,15,1,2,6,2015-05-20
5,23,15,3,12,13,2015-05-23
5,27,15,5,12,19,2015-05-27
5,30,15,6,7,8,2015-05-30
6,3,15,5,8,15,2015-06-03
6,6,15,5,6,17,2015-06-06
6,10,15,5,8,9,2015-06-10
6,13,15,2,3,5,2015-06-13
6,17,15,11,13,32,2015-06-17
6,20,15,7,19,21,2015-06-20
6,24,15,7,8,9,2015-06-24
6,27,15,2,6,17,2015-06-27
7,1,15,5,24,26,2015-07-01
7,4,15,9,13,17,2015-07-04
7,8,15,17,20,21,2015-07-08
7,11,15,11,22,25,2015-07-11
7,15,15,2,13,18,2015-07-15
7,18,15,12,24,30,2015-07-18
7,22,15,5,6,18,2015-07-22
7,25,15,4,9,14,2015-07-25
7,29,15,2,3,22,2015-07-29
8,1,15,5,7,9,2015-08-01
8,5,15,11,16,19,2015-08-05
8,8,15,5,8,10,2015-08-08
8,12,15,6,12,24,2015-08-12
8,15,15,7,9,17,2015-08-15
8,19,15,1,3,8,2015-08-19
8,22,15,5,7,14,2015-08-22
8,26,15,9,17,23,2015-08-26
8,29,15,11,18,25,2015-08-29
9,2,15,3,6,7,2015-09-02
9,5,15,6,12,25,2015-09-05
9,9,15,8,24,25,2015-09-09
9,12,15,20,21,24,2015-09-12
9,16,15,7,10,14,2015-09-16
9,19,15,3,4,11,2015-09-19
9,23,15,3,18,26,2015-09-23
9,26,15,1,5,6,2015-09-26
9,30,15,9,12,23,2015-09-30
10,3,15,1,2,3,2015-10-03
10,7,15,4,6,14,2015-10-07
10,10,15,9,10,11,2015-10-10
10,14,15,2,13,17,2015-10-14
10,17,15,11,15,22,2015-10-17
10,21,15,13,16,35,2015-10-21
10,24,15,7,12,21,2015-10-24
10,28,15,4,5,11,2015-10-28
10,31,15,3,7,10,2015-10-31
11,4,15,7,19,23,2015-11-04
11,7,15,18,22,23,2015-11-07
11,11,15,2,12,17,2015-11-11
11,14,15,5,22,32,2015-11-14
11,18,15,8,9,12,2015-11-18
11,21,15,12,23,27,2015-11-21
11,25,15,5,11,12,2015-11-25
11,28,15,1,3,7,2015-11-28
12,2,15,6,7,8,2015-12-02
12,5,15,15,16,22,2015-12-05
12,9,15,2,10,11,2015-12-09
12,12,15,7,17,25,2015-12-12
12,16,15,2,18,19,2015-12-16
12,19,15,2,24,25,2015-12-19
12,23,15,6,11,21,2015-12-23
12,26,15,3,9,22,2015-12-26
12,30,15,2,5,14,2015-12-30
1,2,16,3,11,17,2016-01-02
1,6,16,13,14,15,2016-01-06
1,9,16,6,15,21,2016-01-09
1,13,16,10,11,13,2016-01-13
1,16,16,12,17,20,2016-01-16
1,20,16,11,16,19,2016-01-20
1,23,16,1,4,5,2016-01-23
1,27,16,2,9,10,2016-01-27
1,30,16,8,9,20,2016-01-30
2,3,16,9,11,12,2016-02-03
2,6,16,8,12,23,2016-02-06
2,10,16,1,8,19,2016-02-10
2,13,16,20,27,33,2016-02-13
2,17,16,2,6,9,2016-02-17
2,20,16,8,17,18,2016-02-20
2,24,16,1,10,17,2016-02-24
2,27,16,12,13,28,2016-02-27
3,2,16,1,2,10,2016-03-02
3,5,16,8,9,11,2016-03-05
3,9,16,3,11,16,2016-03-09
3,12,16,10,17,24,2016-03-12
3,16,16,22,23,28,2016-03-16
3,19,16,3,4,12,2016-03-19
3,23,16,3,20,21,2016-03-23
3,26,16,4,20,22,2016-03-26
3,30,16,2,5,18,2016-03-30
4,2,16,1,6,17,2016-04-02
4,6,16,26,27,32,2016-04-06
4,9,16,6,10,16,2016-04-09
4,13,16,1,2,18,2016-04-13
4,16,16,3,5,6,2016-04-16
4,20,16,3,9,11,2016-04-20
4,23,16,4,9,22,2016-04-23
4,27,16,14,19,20,2016-04-27
4,30,16,1,6,9,2016-04-30
5,4,16,4,7,13,2016-05-04
5,7,16,10,11,17,2016-05-07
5,11,16,15,20,27,2016-05-11
5,14,16,1,3,13,2016-05-14
5,18,16,7,11,12,2016-05-18
5,21,16,5,15,17,2016-05-21
5,25,16,7,9,13,2016-05-25
5,28,16,11,22,26,2016-05-28
6,1,16,2,11,15,2016-06-01
6,4,16,7,19,20,2016-06-04
6,8,16,9,19,26,2016-06-08
6,11,16,18,21,25,2016-06-11
6,15,16,1,4,12,2016-06-15
6,18,16,17,20,34,2016-06-18
6,22,16,4,11,26,2016-06-22
6,25,16,3,4,19,2016-06-25
6,29,16,6,7,11,2016-06-29
7,2,16,14,21,24,2016-07-02
7,6,16,3,9,12,2016-07-06
7,9,16,1,3,4,2016-07-09
7,13,16,7,27,30,2016-07-13
7,16,16,21,25,26,2016-07-16
7,20,16,14,16,17,2016-07-20
7,23,16,8,13,17,2016-07-23
7,27,16,1,5,7,2016-07-27
7,30,16,24,29,31,2016-07-30
8,3,16,7,16,18,2016-08-03
8,6,16,19,23,27,2016-08-06
8,10,16,1,2,3,2016-08-10
8,13,16,6,13,14,2016-08-13
8,17,16,8,16,26,2016-08-17
8,20,16,1,10,12,2016-08-20
8,24,16,7,10,15,2016-08-24
8,27,16,1,4,13,2016-08-27
8,31,16,1,8,23,2016-08-31
9,3,16,11,20,26,2016-09-03
9,7,16,21,22,25,2016-09-07
9,10,16,3,12,18,2016-09-10
9,14,16,2,19,22,2016-09-14
9,17,16,1,4,26,2016-09-17
9,21,16,6,16,21,2016-09-21
9,24,16,8,18,19,2016-09-24
9,28,16,6,7,10,2016-09-28
10,1,16,4,7,29,2016-10-01
10,5,16,8,10,13,2016-10-05
10,8,16,8,15,17,2016-10-08
10,12,16,18,22,26,2016-10-12
10,15,16,9,15,18,2016-10-15
10,19,16,3,4,5,2016-10-19
10,22,16,5,18,20,2016-10-22
10,26,16,3,9,17,2016-10-26
10,29,16,2,4,12,2016-10-29
11,2,16,1,8,15,2016-11-02
11,5,16,2,7,12,2016-11-05
11,9,16,20,25,28,2016-11-09
11,12,16,1,3,32,2016-11-12
11,16,16,1,2,7,2016-11-16
11,19,16,11,19,23,2016-11-19
11,23,16,1,8,12,2016-11-23
11,26,16,11,15,17,2016-11-26
11,30,16,1,6,12,2016-11-30
12,3,16,3,7,12,2016-12-03
12,7,16,1,5,23,2016-12-07
12,10,16,2,9,12,2016-12-10
12,14,16,3,7,17,2016-12-14
12,17,16,2,14,16,2016-12-17
12,21,16,2,8,14,2016-12-21
12,24,16,9,10,14,2016-12-24
12,28,16,6,10,21,2016-12-28
12,31,16,5,8,18,2016-12-31
1,4,17,2,3,17,2017-01-04
1,7,17,4,25,29,2017-01-07
1,11,17,13,14,15,2017-01-11
1,14,17,6,10,20,2017-01-14
1,18,17,5,11,19,2017-01-18
1,21,17,1,4,17,2017-01-21
1,25,17,4,6,15,2017-01-25
1,28,17,10,14,25,2017-01-28
2,1,17,4,13,18,2017-02-01
2,4,17,6,18,19,2017-02-04
2,8,17,10,13,29,2017-02-08
2,11,17,1,19,21,2017-02-11
2,15,17,3,12,13,2017-02-15
2,18,17,6,8,19,2017-02-18
2,22,17,4,10,12,2017-02-22
2,25,17,10,14,23,2017-02-25
3,1,17,5,17,19,2017-03-01
3,4,17,8,13,20,2017-03-04
3,8,17,2,11,19,2017-03-08
3,11,17,8,13,18,2017-03-11
3,15,17,2,19,21,2017-03-15
3,18,17,5,17,22,2017-03-18
3,22,17,19,20,26,2017-03-22
3,25,17,3,4,5,2017-03-25
3,29,17,2,6,8,2017-03-29
4,1,17,1,11,14,2017-04-01
4,5,17,13,22,34,2017-04-05
4,8,17,9,11,13,2017-04-08
4,12,17,7,8,24,2017-04-12
4,15,17,2,8,14,2017-04-15
4,19,17,6,7,8,2017-04-19
4,22,17,3,13,14,2017-04-22
4,26,17,5,10,16,2017-04-26
4,29,17,1,7,16,2017-04-29
5,3,17,8,21,28,2017-05-03
5,6,17,2,3,11,2017-05-06
5,10,17,9,13,24,2017-05-10
5,13,17,1,12,17,2017-05-13
5,17,17,2,4,13,2017-05-17
5,20,17,7,12,20,2017-05-20
5,24,17,5,14,16,2017-05-24
5,27,17,2,8,10,2017-05-27
5,31,17,14,20,22,2017-05-31
6,3,17,4,8,9,2017-06-03
6,7,17,1,8,17,2017-06-07
6,10,17,2,7,8,2017-06-10
6,14,17,8,16,17,2017-06-14
6,17,17,2,6,12,2017-06-17
6,21,17,8,12,18,2017-06-21
6,24,17,3,11,15,2017-06-24
6,28,17,19,22,26,2017-06-28
7,1,17,1,14,20,2017-07-01
7,5,17,16,26,28,2017-07-05
7,8,17,3,7,8,2017-07-08
7,12,17,5,17,27,2017-07-12
7,15,17,3,5,16,2017-07-15
7,19,17,3,7,22,2017-07-19
7,22,17,3,13,23,2017-07-22
7,26,17,2,9,14,2017-07-26
7,29,17,21,23,29,2017-07-29
8,2,17,5,7,19,2017-08-02
8,5,17,3,7,11,2017-08-05
8,9,17,2,6,8,2017-08-09
8,12,17,2,11,14,2017-08-12
8,16,17,6,9,10,2017-08-16
8,19,17,3,6,23,2017-08-19
8,23,17,2,3,6,2017-08-23
8,26,17,1,7,8,2017-08-26
8,30,17,14,20,24,2017-08-30
9,2,17,1,14,17,2017-09-02
9,6,17,2,9,10,2017-09-06
9,9,17,3,7,11,2017-09-09
9,13,17,15,18,23,2017-09-13
9,16,17,15,17,22,2017-09-16
9,20,17,6,9,16,2017-09-20
9,23,17,12,13,16,2017-09-23
9,27,17,4,5,9,2017-09-27
9,30,17,5,17,25,2017-09-30
10,4,17,4,19,21,2017-10-04
10,7,17,2,5,6,2017-10-07
10,11,17,2,15,24,2017-10-11
10,14,17,8,11,14,2017-10-14
10,18,17,1,3,13,2017-10-18
10,21,17,13,14,16,2017-10-21
10,25,17,1,2,5,2017-10-25
10,28,17,2,8,10,2017-10-28
11,1,17,8,10,15,2017-11-01
11,4,17,2,8,15,2017-11-04
11,8,17,7,11,14,2017-11-08
11,11,17,3,14,18,2017-11-11
11,15,17,1,5,12,2017-11-15
11,18,17,14,15,21,2017-11-18
11,22,17,17,19,36,2017-11-22
11,25,17,3,6,8,2017-11-25
11,29,17,2,13,18,2017-11-29
12,2,17,6,13,18,2017-12-02
12,6,17,1,5,14,2017-12-06
12,9,17,3,5,16,2017-12-09
12,13,17,3,15,22,2017-12-13
12,16,17,2,10,17,2017-12-16
12,20,17,10,12,20,2017-12-20
12,23,17,3,4,10,2017-12-23
12,27,17,11,12,13,2017-12-27
12,30,17,5,6,8,2017-12-30
1,3,18,7,12,15,2018-01-03
1,6,18,8,9,18,2018-01-06
1,10,18,5,7,14,2018-01-10
1,13,18,5,9,15,2018-01-13
1,17,18,16,20,23,2018-01-17
1,20,18,15,21,32,2018-01-20
1,24,18,3,16,32,2018-01-24
1,27,18,6,13,14,2018-01-27
1,31,18,7,8,10,2018-01-31
2,3,18,5,12,25,2018-02-03
2,7,18,1,5,6,2018-02-07
2,10,18,2,6,9,2018-02-10
2,14,18,4,9,10,2018-02-14
2,17,18,3,8,19,2018-02-17
2,21,18,18,19,20,2018-02-21
2,24,18,1,4,7,2018-02-24
2,28,18,1,19,32,2018-02-28
3,3,18,1,2,8,2018-03-03
3,7,18,19,21,25,2018-03-07
3,10,18,2,17,33,2018-03-10
3,14,18,8,22,35,2018-03-14
3,17,18,5,14,16,2018-03-17
3,21,18,14,18,20,2018-03-21
3,24,18,4,10,18,2018-03-24
3,28,18,4,16,23,2018-03-28
3,31,18,5,6,13,2018-03-31
4,4,18,9,10,29,2018-04-04
4,7,18,11,16,18,2018-04-07
4,11,18,10,13,25,2018-04-11
4,14,18,1,6,9,2018-04-14
4,18,18,3,14,15,2018-04-18
4,21,18,2,12,18,2018-04-21
4,25,18,2,5,6,2018-04-25
4,28,18,4,7,11,2018-04-28
5,2,18,16,22,33,2018-05-02
5,5,18,4,11,22,2018-05-05
5,9,18,13,14,17,2018-05-09
5,12,18,2,17,21,2018-05-12
5,16,18,1,12,16,2018-05-16
5,19,18,3,4,8,2018-05-19
5,23,18,7,11,19,2018-05-23
5,26,18,5,9,27,2018-05-26
5,30,18,4,11,14,2018-05-30
6,2,18,2,10,13,2018-06-02
6,6,18,21,23,26,2018-06-06
6,9,18,15,21,22,2018-06-09
6,13,18,12,13,17,2018-06-13
6,16,18,2,27,30,2018-06-16
6,20,18,6,14,29,2018-06-20
6,23,18,6,9,20,2018-06-23
6,27,18,7,23,26,2018-06-27
6,30,18,1,11,14,2018-06-30
7,4,18,4,14,22,2018-07-04
7,7,18,3,11,17,2018-07-07
7,11,18,3,6,11,2018-07-11
7,14,18,7,8,9,2018-07-14
7,18,18,17,24,25,2018-07-18
7,21,18,10,13,18,2018-07-21
7,25,18,5,11,15,2018-07-25
7,28,18,1,3,12,2018-07-28
8,1,18,3,10,18,2018-08-01
8,4,18,1,7,12,2018-08-04
8,8,18,2,6,10,2018-08-08
8,11,18,4,5,11,2018-08-11
8,15,18,3,20,21,2018-08-15
8,18,18,1,7,10,2018-08-18
8,22,18,6,10,11,2018-08-22
8,25,18,1,4,10,2018-08-25
8,29,18,2,5,11,2018-08-29
9,1,18,9,11,29,2018-09-01
9,5,18,5,12,26,2018-09-05
9,8,18,4,13,19,2018-09-08
9,12,18,6,14,18,2018-09-12
9,15,18,4,10,11,2018-09-15
9,19,18,10,15,19,2018-09-19
9,22,18,17,19,20,2018-09-22
9,26,18,2,5,7,2018-09-26
9,29,18,3,4,18,2018-09-29
10,3,18,7,8,14,2018-10-03
10,6,18,6,10,26,2018-10-06
10,10,18,2,4,8,2018-10-10
10,13,18,7,20,28,2018-10-13
10,17,18,4,14,18,2018-10-17
10,20,18,7,10,14,2018-10-20
10,24,18,5,9,18,2018-10-24
10,27,18,1,9,10,2018-10-27
10,31,18,4,7,15,2018-10-31
11,3,18,5,7,8,2018-11-03
11,7,18,5,13,27,2018-11-07
11,10,18,3,16,21,2018-11-10
11,14,18,2,9,16,2018-11-14
11,17,18,2,8,23,2018-11-17
11,21,18,6,15,18,2018-11-21
11,24,18,3,8,15,2018-11-24
11,28,18,9,14,16,2018-11-28
12,1,18,5,6,31,2018-12-01
12,5,18,2,3,13,2018-12-05
12,8,18,1,16,22,2018-12-08
12,12,18,11,19,21,2018-12-12
12,15,18,2,12,29,2018-12-15
12,19,18,4,9,13,2018-12-19
12,22,18,9,14,15,2018-12-22
12,26,18,6,16,29,2018-12-26
12,29,18,1,5,22,2018-12-29
1,2,19,7,8,15,2019-01-02
1,5,19,3,6,14,2019-01-05
1,9,19,3,5,19,2019-01-09
1,12,19,3,22,35,2019-01-12
1,16,19,1,4,20,2019-01-16
1,19,19,2,7,16,2019-01-19
1,23,19,3,18,25,2019-01-23
1,26,19,4,16,20,2019-01-26
1,30,19,5,14,16,2019-01-30
2,2,19,14,16,25,2019-02-02
2,6,19,1,14,16,2019-02-06
2,9,19,9,14,22,2019-02-09
2,13,19,2,23,28,2019-02-13
2,16,19,1,19,21,2019-02-16
2,20,19,6,8,14,2019-02-20
2,23,19,7,18,24,2019-02-23
2,27,19,2,16,23,2019-02-27
3,2,19,2,23,26,2019-03-02
3,6,19,1,7,19,2019-03-06
3,9,19,4,14,15,2019-03-09
3,13,19,9,22,25,2019-03-13
3,16,19,1,6,16,2019-03-16
3,20,19,16,22,27,2019-03-20
3,23,19,7,18,25,2019-03-23
3,27,19,2,5,15,2019-03-27
3,30,19,9,10,19,2019-03-30
4,3,19,10,11,15,2019-04-03
4,6,19,9,19,27,2019-04-06
4,10,19,16,22,31,2019-04-10
4,13,19,7,15,18,2019-04-13
4,17,19,8,16,21,2019-04-17
4,20,19,7,9,14,2019-04-20
4,24,19,9,19,28,2019-04-24
4,27,19,13,14,18,2019-04-27
5,1,19,14,15,16,2019-05-01
5,4,19,3,8,28,2019-05-04
5,8,19,1,2,14,2019-05-08
5,11,19,25,28,30,2019-05-11
5,15,19,6,9,14,2019-05-15
5,18,19,11,13,17,2019-05-18
5,22,19,2,4,7,2019-05-22
5,25,19,16,17,19,2019-05-25
5,29,19,3,5,21,2019-05-29
6,1,19,1,11,14,2019-06-01
6,5,19,2,11,12,2019-06-05
6,8,19,12,28,35,2019-06-08
6,12,19,1,15,19,2019-06-12
6,15,19,2,3,14,2019-06-15
6,19,19,16,21,22,2019-06-19
6,22,19,4,7,23,2019-06-22
6,26,19,2,12,13,2019-06-26
6,29,19,11,14,27,2019-06-29
7,3,19,4,16,22,2019-07-03
7,6,19,1,5,8,2019-07-06
7,10,19,1,5,16,2019-07-10
7,13,19,7,9,14,2019-07-13
7,17,19,1,7,15,2019-07-17
7,20,19,6,13,18,2019-07-20
7,24,19,2,13,17,2019-07-24
7,27,19,4,5,7,2019-07-27
7,31,19,1,2,3,2019-07-31
8,3,19,6,14,20,2019-08-03
8,7,19,3,11,14,2019-08-07
8,10,19,5,13,14,2019-08-10
8,14,19,1,4,11,2019-08-14
8,17,19,4,8,17,2019-08-17
8,21,19,6,12,18,2019-08-21
8,24,19,3,16,19,2019-08-24
8,28,19,4,9,13,2019-08-28
8,31,19,13,15,21,2019-08-31
9,4,19,8,24,27,2019-09-04
9,7,19,5,6,12,2019-09-07
9,11,19,9,23,28,2019-09-11
9,14,19,3,6,9,2019-09-14
9,18,19,4,13,14,2019-09-18
9,21,19,1,3,12,2019-09-21
9,25,19,8,10,34,2019-09-25
9,28,19,9,13,19,2019-09-28
10,2,19,3,5,11,2019-10-02
10,5,19,3,10,19,2019-10-05
10,9,19,13,15,17,2019-10-09
10,12,19,10,17,29,2019-10-12
10,16,19,7,14,15,2019-10-16
10,19,19,9,11,21,2019-10-19
10,23,19,6,9,14,2019-10-23
10,26,19,4,7,10,2019-10-26
10,30,19,1,2,3,2019-10-30
11,2,19,15,18,21,2019-11-02
11,6,19,4,8,11,2019-11-06
11,9,19,9,15,16,2019-11-09
11,13,19,2,5,21,2019-11-13
11,16,19,9,13,31,2019-11-16
11,20,19,4,11,12,2019-11-20
11,23,19,2,14,28,2019-11-23
11,27,19,14,16,22,2019-11-27
11,30,19,5,8,26,2019-11-30
12,4,19,4,9,13,2019-12-04
12,7,19,4,9,16,2019-12-07
12,11,19,8,11,18,2019-12-11
12,14,19,1,12,13,2019-12-14
12,18,19,1,9,13,2019-12-18
12,21,19,9,11,26,2019-12-21
12,28,19,13,24,28,2019-12-28
1,1,20,4,6,14,2020-01-01
1,4,20,6,8,9,2020-01-04
1,8,20,13,19,23,2020-01-08
1,11,20,10,15,23,2020-01-11
1,15,20,6,8,10,2020-01-15
1,18,20,2,4,16,2020-01-18
1,22,20,14,15,17,2020-01-22
1,25,20,5,10,25,2020-01-25
1,29,20,2,3,8,2020-01-29
2,1,20,6,7,14,2020-02-01
2,5,20,3,15,33,2020-02-05
2,8,20,9,13,21,2020-02-08
2,12,20,6,14,20,2020-02-12
2,15,20,6,9,16,2020-02-15
2,19,20,10,12,15,2020-02-19
2,22,20,1,3,12,2020-02-22
2,26,20,7,21,32,2020-02-26
2,29,20,7,11,22,2020-02-29
3,4,20,18,20,21,2020-03-04
3,7,20,1,3,11,2020-03-07
3,11,20,10,21,23,2020-03-11
3,14,20,10,12,18,2020-03-14
3,18,20,2,9,14,2020-03-18
3,21,20,10,14,29,2020-03-21
3,25,20,4,14,17,2020-03-25
3,28,20,8,12,22,2020-03-28
4,1,20,2,3,28,2020-04-01
4,4,20,10,15,34,2020-04-04
4,8,20,9,10,16,2020-04-08
4,11,20,7,8,11,2020-04-11
4,15,20,3,8,11,2020-04-15
4,18,20,4,11,20,2020-04-18
4,22,20,2,6,20,2020-04-22
4,25,20,4,5,8,2020-04-25
4,29,20,8,18,20,2020-04-29
5,2,20,1,2,23,2020-05-02
5,6,20,1,2,12,2020-05-06
5,9,20,4,5,9,2020-05-09
5,13,20,2,3,6,2020-05-13
5,16,20,6,8,14,2020-05-16
5,20,20,6,13,20,2020-05-20
5,23,20,12,14,18,2020-05-23
5,27,20,4,8,9,2020-05-27
5,30,20,7,20,22,2020-05-30
6,3,20,5,7,10,2020-06-03
6,6,20,1,8,11,2020-06-06
6,10,20,6,10,14,2020-06-10
6,13,20,15,23,24,2020-06-13
6,17,20,2,6,9,2020-06-17
6,20,20,7,14,16,2020-06-20
6,24,20,1,3,13,2020-06-24
6,27,20,6,10,19,2020-06-27
7,1,20,10,11,12,2020-07-01
7,4,20,1,9,15,2020-07-04
7,8,20,3,12,16,2020-07-08
7,11,20,2,9,11,2020-07-11
7,15,20,1,13,16,2020-07-15
7,18,20,13,15,30,2020-07-18
7,22,20,7,14,21,2020-07-22
7,25,20,6,12,15,2020-07-25
7,29,20,9,11,18,2020-07-29
8,1,20,18,26,29,2020-08-01
8,5,20,1,15,18,2020-08-05
8,8,20,2,24,27,2020-08-08
8,12,20,2,12,19,2020-08-12
8,15,20,6,7,11,2020-08-15
8,19,20,2,8,24,2020-08-19
8,22,20,4,12,15,2020-08-22
8,26,20,10,13,17,2020-08-26
8,29,20,14,18,19,2020-08-29
9,2,20,3,17,20,2020-09-02
9,5,20,10,13,17,2020-09-05
9,9,20,12,16,17,2020-09-09
9,12,20,15,16,24,2020-09-12
9,16,20,17,19,20,2020-09-16
9,19,20,3,6,13,2020-09-19
9,23,20,2,4,10,2020-09-23
9,26,20,3,6,7,2020-09-26
9,30,20,12,16,21,2020-09-30
10,3,20,3,10,12,2020-10-03
10,7,20,3,12,14,2020-10-07
10,10,20,6,14,22,2020-10-10
10,14,20,14,18,30,2020-10-14
10,17,20,4,8,16,2020-10-17
10,21,20,7,16,18,2020-10-21
10,24,20,5,6,9,2020-10-24
10,28,20,3,12,17,2020-10-28
10,31,20,2,6,20,2020-10-31
11,4,20,20,21,28,2020-11-04
11,7,20,3,9,17,2020-11-07
11,11,20,2,9,12,2020-11-11
11,14,20,3,8,10,2020-11-14
11,18,20,4,7,9,2020-11-18
11,21,20,1,13,18,2020-11-21
11,25,20,3,21,22,2020-11-25
11,28,20,1,5,23,2020-11-28
12,2,20,22,27,28,2020-12-02
12,5,20,9,12,17,2020-12-05
12,9,20,17,20,23,2020-12-09
12,12,20,3,8,18,2020-12-12
12,16,20,6,10,22,2020-12-16
12,19,20,4,8,10,2020-12-19
12,23,20,5,6,8,2020-12-23
12,26,20,4,6,14,2020-12-26
12,30,20,3,22,24,2020-12-30
1,2,21,7,17,18,2021-01-02
1,6,21,13,16,33,2021-01-06
1,9,21,9,11,14,2021-01-09
1,13,21,3,25,30,2021-01-13
1,16,21,6,9,16,2021-01-16
1,20,21,1,4,11,2021-01-20
1,23,21,15,17,23,2021-01-23
1,27,21,3,9,11,2021-01-27
1,30,21,2,5,12,2021-01-30
2,3,21,8,22,27,2021-02-03
2,6,21,1,12,16,2021-02-06
2,10,21,1,3,4,2021-02-10
2,13,21,2,7,12,2021-02-13
2,17,21,3,5,6,2021-02-17
2,20,21,6,9,22,2021-02-20
2,24,21,2,11,12,2021-02-24
2,27,21,6,12,14,2021-02-27
3,3,21,16,27,29,2021-03-03
3,6,21,3,7,11,2021-03-06
3,10,21,4,7,13,2021-03-10
3,13,21,1,3,5,2021-03-13
3,17,21,4,16,17,2021-03-17
3,20,21,7,10,11,2021-03-20
3,24,21,7,10,20,2021-03-24
3,27,21,4,13,14,2021-03-27
3,31,21,11,13,14,2021-03-31
4,3,21,12,14,19,2021-04-03
4,7,21,13,16,32,2021-04-07
4,10,21,11,19,22,2021-04-10
4,14,21,2,5,20,2021-04-14
4,17,21,3,4,15,2021-04-17
4,21,21,4,6,9,2021-04-21
4,24,21,6,10,13,2021-04-24
4,28,21,8,19,21,2021-04-28
5,1,21,4,5,8,2021-05-01
5,5,21,2,4,5,2021-05-05
5,8,21,2,6,9,2021-05-08
5,12,21,3,9,10,2021-05-12
5,15,21,5,10,13,2021-05-15
5,19,21,6,10,18,2021-05-19
5,22,21,3,5,10,2021-05-22
5,26,21,1,6,11,2021-05-26
5,29,21,3,7,25,2021-05-29
6,2,21,4,5,12,2021-06-02
6,5,21,10,13,25,2021-06-05
6,9,21,2,3,11,2021-06-09
6,12,21,1,6,24,2021-06-12
6,16,21,3,7,13,2021-06-16
6,19,21,3,6,20,2021-06-19
6,23,21,4,21,25,2021-06-23
6,26,21,19,21,27,2021-06-26
6,30,21,3,4,16,2021-06-30
7,3,21,12,17,21,2021-07-03
7,7,21,1,4,6,2021-07-07
7,10,21,7,8,24,2021-07-10
7,14,21,1,5,12,2021-07-14
7,17,21,2,4,10,2021-07-17
7,21,21,1,3,4,2021-07-21
7,24,21,17,18,23,2021-07-24
7,28,21,5,6,8,2021-07-28
7,31,21,6,11,18,2021-07-31
8,4,21,4,11,12,2021-08-04
8,7,21,6,7,9,2021-08-07
8,11,21,2,8,18,2021-08-11
8,14,21,8,12,22,2021-08-14
8,18,21,11,13,22,2021-08-18
8,21,21,7,19,20,2021-08-21
8,25,21,1,11,19,2021-08-25
8,28,21,25,26,27,2021-08-28
9,1,21,6,15,16,2021-09-01
9,4,21,3,7,8,2021-09-04
9,8,21,3,6,18,2021-09-08
9,11,21,1,7,9,2021-09-11
9,15,21,3,5,10,2021-09-15
9,18,21,3,4,6,2021-09-18
9,22,21,1,8,10,2021-09-22
9,25,21,3,6,17,2021-09-25
9,29,21,7,14,17,2021-09-29
10,2,21,4,15,25,2021-10-02
10,6,21,3,9,27,2021-10-06
10,9,21,13,18,21,2021-10-09
10,13,21,13,15,16,2021-10-13
10,16,21,5,11,23,2021-10-16
10,20,21,6,7,9,2021-10-20
10,23,21,1,3,4,2021-10-23
10,27,21,3,5,10,2021-10-27
10,30,21,5,11,18,2021-10-30
11,3,21,4,10,19,2021-11-03
11,6,21,1,9,13,2021-11-06
11,10,21,11,21,28,2021-11-10
11,13,21,8,13,14,2021-11-13
11,17,21,5,6,23,2021-11-17
11,20,21,2,17,20,2021-11-20
11,24,21,2,12,13,2021-11-24
11,27,21,7,9,15,2021-11-27
12,1,21,11,21,22,2021-12-01
12,4,21,5,6,10,2021-12-04
12,8,21,8,11,17,2021-12-08
12,11,21,1,5,13,2021-12-11
12,15,21,4,12,24,2021-12-15
12,18,21,10,14,17,2021-12-18
12,22,21,8,21,23,2021-12-22
12,29,21,16,18,20,2021-12-29
1,1,22,18,20,25,2022-01-01
1,5,22,3,7,13,2022-01-05
1,8,22,9,10,18,2022-01-08
1,12,22,3,4,5,2022-01-12
1,15,22,6,15,21,2022-01-15
1,19,22,5,8,12,2022-01-19
1,22,22,4,13,14,2022-01-22
1,26,22,3,4,12,2022-01-26
1,29,22,10,17,19,2022-01-29
2,2,22,6,8,9,2022-02-02
2,5,22,2,11,14,2022-02-05
2,9,22,23,27,31,2022-02-09
2,12,22,1,17,32,2022-02-12
2,16,22,18,23,25,2022-02-16
2,19,22,9,17,19,2022-02-19
2,23,22,9,10,17,2022-02-23
2,26,22,11,12,31,2022-02-26
3,2,22,5,8,16,2022-03-02
3,5,22,5,6,16,2022-03-05
3,9,22,9,10,25,2022-03-09
3,12,22,8,9,12,2022-03-12
3,16,22,14,22,25,2022-03-16
3,19,22,7,16,29,2022-03-19
3,23,22,3,5,13,2022-03-23
3,26,22,5,11,22,2022-03-26
3,30,22,4,12,14,2022-03-30
4,2,22,1,3,22,2022-04-02
4,6,22,3,6,19,2022-04-06
4,9,22,1,4,8,2022-04-09
4,13,22,5,6,17,2022-04-13
4,16,22,2,15,22,2022-04-16
4,20,22,9,10,15,2022-04-20
4,23,22,8,10,16,2022-04-23
4,27,22,4,11,16,2022-04-27
4,30,22,6,11,26,2022-04-30
5,4,22,6,19,21,2022-05-04
5,7,22,6,11,14,2022-05-07
5,11,22,21,25,29,2022-05-11
5,14,22,3,17,22,2022-05-14
5,18,22,17,20,24,2022-05-18
5,21,22,6,11,28,2022-05-21
5,25,22,10,18,21,2022-05-25
5,28,22,19,22,25,2022-05-28
6,1,22,4,18,20,2022-06-01
6,4,22,3,4,13,2022-06-04
6,8,22,4,8,12,2022-06-08
6,11,22,2,9,17,2022-06-11
6,15,22,6,17,19,2022-06-15
6,18,22,1,14,21,2022-06-18
6,22,22,13,17,20,2022-06-22
6,25,22,2,6,13,2022-06-25
6,29,22,1,7,25,2022-06-29
7,2,22,6,11,19,2022-07-02
7,6,22,8,11,15,2022-07-06
7,9,22,8,28,29,2022-07-09
7,13,22,1,5,29,2022-07-13
7,16,22,6,8,9,2022-07-16
7,20,22,10,11,19,2022-07-20
7,23,22,5,6,10,2022-07-23
7,27,22,5,10,12,2022-07-27
7,30,22,4,6,12,2022-07-30
8,3,22,22,23,25,2022-08-03
8,6,22,4,6,11,2022-08-06
8,10,22,17,24,28,2022-08-10
8,13,22,1,10,19,2022-08-13
8,17,22,5,12,15,2022-08-17
8,20,22,2,8,19,2022-08-20
8,24,22,8,19,22,2022-08-24
8,27,22,7,18,30,2022-08-27
8,31,22,1,6,18,2022-08-31
9,3,22,1,3,10,2022-09-03
9,7,22,16,19,31,2022-09-07
9,10,22,1,14,17,2022-09-10
9,14,22,7,13,20,2022-09-14
9,17,22,5,16,17,2022-09-17
9,21,22,1,6,16,2022-09-21
9,24,22,1,18,22,2022-09-24
9,28,22,3,4,9,2022-09-28
10,1,22,5,22,23,2022-10-01
10,5,22,5,8,12,2022-10-05
10,8,22,5,9,15,2022-10-08
10,12,22,8,28,29,2022-10-12
10,15,22,5,18,26,2022-10-15
10,19,22,14,17,20,2022-10-19
10,22,22,12,16,18,2022-10-22
10,26,22,3,14,23,2022-10-26
10,29,22,10,13,16,2022-10-29
11,2,22,2,3,6,2022-11-02
11,5,22,4,8,11,2022-11-05
11,9,22,4,11,12,2022-11-09
11,12,22,5,12,20,2022-11-12
11,16,22,2,16,29,2022-11-16
11,19,22,2,14,22,2022-11-19
11,23,22,1,3,16,2022-11-23
11,26,22,2,6,14,2022-11-26
11,30,22,2,9,15,2022-11-30
12,3,22,17,23,33,2022-12-03
12,7,22,1,4,7,2022-12-07
12,10,22,1,10,22,2022-12-10
12,14,22,2,5,14,2022-12-14
12,17,22,1,3,8,2022-12-17
12,21,22,9,10,14,2022-12-21
12,24,22,5,7,10,2022-12-24
12,28,22,4,6,9,2022-12-28
12,31,22,1,3,12,2022-12-31
1,4,23,3,10,11,2023-01-04
1,7,23,6,19,30,2023-01-07
1,11,23,2,11,20,2023-01-11
1,14,23,3,6,8,2023-01-14
1,18,23,20,21,25,2023-01-18
1,21,23,3,4,26,2023-01-21
1,25,23,1,7,9,2023-01-25
1,28,23,5,8,21,2023-01-28
2,1,23,2,21,23,2023-02-01
2,4,23,7,13,19,2023-02-04
2,8,23,3,5,13,2023-02-08
2,11,23,4,8,12,2023-02-11
2,15,23,10,15,24,2023-02-15
2,18,23,1,3,7,2023-02-18
2,22,23,1,2,4,2023-02-22
2,25,23,9,11,14,2023-02-25
3,1,23,2,20,26,2023-03-01
3,4,23,9,11,20,2023-03-04
3,8,23,19,21,26,2023-03-08
3,11,23,9,12,13,2023-03-11
3,15,23,3,4,19,2023-03-15
3,18,23,3,15,22,2023-03-18
3,22,23,1,7,8,2023-03-22
3,25,23,1,9,10,2023-03-25
3,29,23,1,7,14,2023-03-29
4,1,23,4,5,13,2023-04-01
4,5,23,6,13,15,2023-04-05
4,8,23,10,13,20,2023-04-08
4,12,23,8,10,27,2023-04-12
4,15,23,18,20,22,2023-04-15
4,19,23,2,3,9,2023-04-19
4,22,23,12,20,21,2023-04-22
4,26,23,9,12,13,2023-04-26
4,29,23,17,24,30,2023-04-29
5,3,23,8,11,16,2023-05-03
5,6,23,8,12,18,2023-05-06
5,10,23,11,21,26,2023-05-10
5,13,23,4,13,28,2023-05-13
5,17,23,1,8,29,2023-05-17
5,20,23,8,9,12,2023-05-20
5,24,23,9,11,16,2023-05-24
5,27,23,1,5,6,2023-05-27
5,31,23,11,14,15,2023-05-31
6,3,23,10,14,27,2023-06-03
6,7,23,11,16,26,2023-06-07
6,10,23,5,13,14,2023-06-10
6,14,23,1,13,15,2023-06-14
6,17,23,5,6,8,2023-06-17
6,21,23,6,22,26,2023-06-21
6,24,23,10,20,22,2023-06-24
6,28,23,13,24,26,2023-06-28
7,1,23,2,9,15,2023-07-01
7,5,23,3,11,26,2023-07-05
7,8,23,4,5,10,2023-07-08
7,12,23,2,4,14,2023-07-12
7,15,23,2,6,13,2023-07-15
7,19,23,14,20,22,2023-07-19
7,22,23,13,17,19,2023-07-22
7,26,23,8,10,17,2023-07-26
7,29,23,5,19,24,2023-07-29
8,2,23,7,13,24,2023-08-02
8,5,23,5,10,14,2023-08-05
8,9,23,3,13,17,2023-08-09
8,12,23,5,11,19,2023-08-12
8,16,23,7,14,23,2023-08-16
8,19,23,8,15,24,2023-08-19
8,23,23,9,12,19,2023-08-23
8,26,23,3,7,10,2023-08-26
8,30,23,8,9,11,2023-08-30
9,2,23,3,7,8,2023-09-02
9,6,23,2,19,20,2023-09-06
9,9,23,6,12,24,2023-09-09
9,13,23,2,4,8,2023-09-13
9,16,23,8,11,17,2023-09-16
9,20,23,6,7,11,2023-09-20
9,23,23,14,16,24,2023-09-23
9,25,23,4,16,21,2023-09-25
9,27,23,8,17,21,2023-09-27
9,30,23,5,14,31,2023-09-30
10,2,23,8,9,16,2023-10-02
10,4,23,4,11,20,2023-10-04
10,7,23,8,9,26,2023-10-07
10,9,23,5,28,29,2023-10-09
10,11,23,4,11,17,2023-10-11
10,14,23,2,10,24,2023-10-14
10,16,23,9,10,13,2023-10-16
10,18,23,8,17,19,2023-10-18
10,21,23,2,9,19,2023-10-21
10,23,23,12,14,19,2023-10-23
10,25,23,12,21,24,2023-10-25
10,28,23,9,14,26,2023-10-28
10,30,23,7,10,18,2023-10-30
11,1,23,1,4,8,2023-11-01
11,4,23,3,13,14,2023-11-04
11,6,23,9,16,18,2023-11-06
11,8,23,5,9,13,2023-11-08
11,11,23,6,23,28,2023-11-11
11,13,23,13,25,26,2023-11-13
11,15,23,3,17,18,2023-11-15
11,18,23,9,16,18,2023-11-18
11,20,23,4,13,23,2023-11-20
11,22,23,4,15,16,2023-11-22
11,25,23,5,14,17,2023-11-25
11,27,23,4,10,11,2023-11-27
11,29,23,10,24,27,2023-11-29
12,2,23,4,16,17,2023-12-02
12,4,23,4,15,16,2023-12-04
12,6,23,1,10,12,2023-12-06
12,9,23,7,9,22,2023-12-09
12,11,23,4,17,19,2023-12-11
12,13,23,9,10,19,2023-12-13
12,16,23,6,7,10,2023-12-16
12,18,23,6,8,13,2023-12-18
12,20,23,1,2,18,2023-12-20
12,23,23,7,11,16,2023-12-23
12,27,23,4,6,14,2023-12-27
12,30,23,2,4,7,2023-12-30
1,1,24,11,18,26,2024-01-01
1,3,24,2,4,24,2024-01-03
1,6,24,7,10,12,2024-01-06
1,8,24,2,15,19,2024-01-08
1,10,24,13,19,21,2024-01-10
1,13,24,3,14,15,2024-01-13
1,15,24,6,9,12,2024-01-15
1,17,24,3,9,10,2024-01-17
1,20,24,15,19,22,2024-01-20
1,22,24,5,11,20,2024-01-22
1,24,24,14,15,26,2024-01-24
1,27,24,2,4,5,2024-01-27
1,29,24,10,13,21,2024-01-29
1,31,24,17,21,26,2024-01-31
2,3,24,1,11,15,2024-02-03
2,5,24,7,9,10,2024-02-05
2,7,24,7,9,10,2024-02-07
2,10,24,12,13,18,2024-02-10
2,12,24,6,7,8,2024-02-12
2,14,24,9,14,19,2024-02-14
2,17,24,9,13,18,2024-02-17
2,19,24,2,5,25,2024-02-19
2,21,24,4,20,25,2024-02-21
2,24,24,1,2,22,2024-02-24
2,26,24,3,6,16,2024-02-26
2,28,24,5,8,10,2024-02-28
3,2,24,4,5,12,2024-03-02
3,4,24,2,8,14,2024-03-04
3,6,24,3,8,12,2024-03-06
3,9,24,4,21,24,2024-03-09
3,11,24,7,17,24,2024-03-11
3,13,24,4,19,27,2024-03-13
3,16,24,2,8,18,2024-03-16
3,18,24,1,4,8,2024-03-18
3,20,24,6,10,11,2024-03-20
3,23,24,5,18,25,2024-03-23
3,25,24,5,9,14,2024-03-25
3,27,24,6,9,32,2024-03-27
3,30,24,2,9,10,2024-03-30
4,1,24,2,5,10,2024-04-01
4,3,24,19,24,25,2024-04-03
4,6,24,3,9,16,2024-04-06
4,8,24,4,16,17,2024-04-08
4,10,24,3,24,27,2024-04-10
4,13,24,5,12,26,2024-04-13
4,15,24,6,7,20,2024-04-15
4,17,24,4,17,18,2024-04-17
4,20,24,3,5,9,2024-04-20
4,22,24,2,4,15,2024-04-22
4,24,24,7,16,23,2024-04-24
4,27,24,13,17,23,2024-04-27
4,29,24,3,9,14,2024-04-29
5,1,24,7,19,20,2024-05-01
5,4,24,2,7,14,2024-05-04
5,6,24,17,21,29,2024-05-06
5,8,24,9,10,14,2024-05-08
5,11,24,11,12,18,2024-05-11
5,13,24,9,15,27,2024-05-13
5,15,24,3,10,12,2024-05-15
5,18,24,7,8,11,2024-05-18
5,20,24,2,10,14,2024-05-20
5,22,24,3,8,26,2024-05-22
5,25,24,2,9,11,2024-05-25
5,27,24,4,9,19,2024-05-27
5,29,24,12,17,22,2024-05-29
6,1,24,8,17,23,2024-06-01
6,3,24,10,14,33,2024-06-03
6,5,24,14,21,24,2024-06-05
6,8,24,11,13,26,2024-06-08
6,10,24,2,4,6,2024-06-10
6,12,24,2,10,14,2024-06-12
6,15,24,12,15,16,2024-06-15
6,17,24,7,10,17,2024-06-17
6,19,24,8,9,24,2024-06-19
6,22,24,2,3,5,2024-06-22
6,24,24,7,10,11,2024-06-24
6,26,24,4,5,12,2024-06-26
6,29,24,1,3,5,2024-06-29
7,1,24,3,10,25,2024-07-01
7,3,24,9,14,15,2024-07-03
7,6,24,4,9,13,2024-07-06
7,8,24,6,14,15,2024-07-08
7,10,24,9,16,28,2024-07-10
7,13,24,1,2,16,2024-07-13
7,15,24,2,4,7,2024-07-15
7,17,24,5,10,30,2024-07-17
7,20,24,2,4,6,2024-07-20
7,22,24,1,4,5,2024-07-22
7,24,24,6,15,23,2024-07-24
7,27,24,1,9,12,2024-07-27
7,29,24,1,18,21,2024-07-29
7,31,24,2,3,8,2024-07-31
8,3,24,4,14,17,2024-08-03
8,5,24,5,7,14,2024-08-05
8,7,24,1,6,7,2024-08-07
8,10,24,4,11,19,2024-08-10
8,12,24,2,6,10,2024-08-12
8,14,24,8,10,19,2024-08-14
8,17,24,13,14,15,2024-08-17
8,19,24,7,8,9,2024-08-19
8,21,24,8,13,18,2024-08-21
8,24,24,2,4,6,2024-08-24
8,26,24,4,7,16,2024-08-26
8,28,24,1,2,5,2024-08-28
8,31,24,4,6,16,2024-08-31
9,2,24,6,7,15,2024-09-02
9,4,24,12,14,22,2024-09-04
9,7,24,4,21,25,2024-09-07
9,9,24,3,10,22,2024-09-09
9,11,24,1,3,15,2024-09-11
9,14,24,1,5,14,2024-09-14
9,16,24,8,9,15,2024-09-16
9,18,24,3,8,11,2024-09-18
9,21,24,7,10,17,2024-09-21
9,23,24,7,12,20,2024-09-23
9,25,24,3,4,5,2024-09-25
9,28,24,23,26,28,2024-09-28
9,30,24,4,6,23,2024-09-30
10,2,24,6,12,19,2024-10-02
10,5,24,9,16,20,2024-10-05
10,7,24,1,2,12,2024-10-07
10,9,24,6,8,10,2024-10-09
10,12,24,2,9,18,2024-10-12
10,14,24,3,4,11,2024-10-14
10,16,24,6,7,21,2024-10-16
10,19,24,17,18,22,2024-10-19
10,21,24,4,11,13,2024-10-21
10,23,24,8,18,20,2024-10-23
10,26,24,9,16,19,2024-10-26
10,28,24,4,9,16,2024-10-28
10,30,24,6,16,18,2024-10-30
11,2,24,3,17,20,2024-11-02
11,4,24,8,10,11,2024-11-04
11,6,24,4,6,30,2024-11-06
11,9,24,5,13,23,2024-11-09
11,11,24,13,24,34,2024-11-11
11,13,24,1,7,12,2024-11-13
11,16,24,4,10,12,2024-11-16
11,18,24,2,3,13,2024-11-18
11,20,24,3,4,16,2024-11-20
11,23,24,1,11,28,2024-11-23
11,25,24,1,8,10,2024-11-25
11,27,24,4,10,13,2024-11-27
11,30,24,3,4,6,2024-11-30
12,2,24,4,14,18,2024-12-02
12,4,24,3,11,17,2024-12-04
12,7,24,10,14,19,2024-12-07
12,9,24,9,14,28,2024-12-09
12,11,24,6,10,26,2024-12-11
12,14,24,7,10,11,2024-12-14
12,16,24,6,10,15,2024-12-16
12,18,24,13,14,24,2024-12-18
12,21,24,12,17,19,2024-12-21
12,23,24,1,2,13,2024-12-23
12,28,24,2,3,14,2024-12-28
12,30,24,7,14,15,2024-12-30
1,1,25,12,19,21,2025-01-01
1,4,25,5,11,15,2025-01-04
1,6,25,1,18,24,2025-01-06
1,8,25,14,26,27,2025-01-08
1,11,25,7,23,24,2025-01-11
1,13,25,5,9,21,2025-01-13
1,15,25,2,13,14,2025-01-15
1,18,25,7,8,14,2025-01-18
1,20,25,7,23,25,2025-01-20
1,22,25,7,17,22,2025-01-22
1,25,25,1,3,8,2025-01-25
1,27,25,4,12,16,2025-01-27
1,29,25,10,13,14,2025-01-29
2,1,25,7,18,24,2025-02-01
2,3,25,5,11,20,2025-02-03
2,5,25,15,33,35,2025-02-05
2,8,25,14,17,19,2025-02-08
2,10,25,4,8,18,2025-02-10
2,12,25,1,3,23,2025-02-12
2,15,25,2,12,18,2025-02-15
2,17,25,4,12,21,2025-02-17
2,19,25,2,14,30,2025-02-19
2,22,25,5,9,16,2025-02-22
2,24,25,9,16,18,2025-02-24
2,26,25,18,20,22,2025-02-26
3,1,25,15,18,24,2025-03-01
3,3,25,14,18,21,2025-03-03
3,5,25,8,10,11,2025-03-05
3,8,25,2,8,9,2025-03-08
3,10,25,11,27,28,2025-03-10
3,12,25,2,3,9,2025-03-12
3,15,25,1,3,4,2025-03-15
3,17,25,9,15,18,2025-03-17
3,19,25,2,3,5,2025-03-19
3,22,25,8,15,21,2025-03-22
3,24,25,1,10,20,2025-03-24
3,26,25,1,4,13,2025-03-26
3,29,25,4,11,22,2025-03-29
3,31,25,1,3,4,2025-03-31
4,2,25,3,4,9,2025-04-02
4,5,25,3,9,12,2025-04-05
4,7,25,5,9,27,2025-04-07
4,9,25,4,7,16,2025-04-09
4,12,25,5,8,11,2025-04-12
4,14,25,6,10,25,2025-04-14
4,16,25,19,25,26,2025-04-16
4,19,25,7,9,17,2025-04-19
4,21,25,11,14,15,2025-04-21
4,23,25,1,6,25,2025-04-23
4,26,25,12,16,20,2025-04-26
4,28,25,19,23,31,2025-04-28
4,30,25,5,6,15,2025-04-30
5,3,25,17,18,19,2025-05-03
5,5,25,3,9,11,2025-05-05
5,7,25,2,15,17,2025-05-07
5,10,25,8,14,19,2025-05-10
5,12,25,5,7,11,2025-05-12
5,14,25,4,5,8,2025-05-14
5,17,25,2,8,20,2025-05-17
5,19,25,7,17,19,2025-05-19
5,21,25,5,8,15,2025-05-21
5,24,25,1,2,12,2025-05-24
5,26,25,6,10,22,2025-05-26
5,28,25,3,5,12,2025-05-28
5,31,25,5,12,15,2025-05-31
6,2,25,5,7,10,2025-06-02
6,4,25,5,18,20,2025-06-04
6,7,25,2,7,21,2025-06-07
6,9,25,14,24,30,2025-06-09
6,11,25,2,4,8,2025-06-11
6,14,25,1,8,15,2025-06-14
6,16,25,1,10,15,2025-06-16
6,18,25,4,6,9,2025-06-18
6,21,25,3,6,15,2025-06-21
6,23,25,4,9,18,2025-06-23
6,25,25,5,10,12,2025-06-25
6,28,25,9,11,18,2025-06-28
6,30,25,7,8,16,2025-06-30
7,2,25,8,19,24,2025-07-02
7,5,25,14,17,19,2025-07-05
7,7,25,3,9,10,2025-07-07
7,9,25,1,12,19,2025-07-09
7,12,25,5,8,14,2025-07-12
7,14,25,15,24,26,2025-07-14
7,16,25,5,16,27,2025-07-16
7,19,25,4,15,22,2025-07-19
7,21,25,2,16,18,2025-07-21
7,23,25,7,8,16,2025-07-23
7,26,25,1,6,15,2025-07-26
7,28,25,17,21,25,2025-07-28
7,30,25,9,12,14,2025-07-30
8,2,25,6,11,17,2025-08-02
8,4,25,7,17,23,2025-08-04
8,6,25,6,14,22,2025-08-06
8,9,25,14,30,31,2025-08-09
8,11,25,2,4,22,2025-08-11
8,13,25,7,8,19,2025-08-13
8,16,25,8,10,15,2025-08-16
8,18,25,13,23,31,2025-08-18
8,20,25,1,3,4,2025-08-20
8,23,25,8,9,11,2025-08-23
8,25,25,1,12,24,2025-08-25
8,27,25,2,14,16,2025-08-27
8,30,25,14,15,16,2025-08-30
9,1,25,5,13,21,2025-09-01
9,3,25,1,29,30,2025-09-03
